image_path,filename,simulation_set,orientation,case_norm,plot,truth_PAI,truth_LAI,truth_Clumping,truth_sim_id,truth_PAIe_hinge,truth_Clumping_hinge
Simulations/Sunny Hemiphotos/RND/Case 001/test0.png,test0.png,Sunny Hemiphotos,RND,Case 001,,3.135,3.0,0.97,1,,
Simulations/Sunny Hemiphotos/RND/Case 001/test1.png,test1.png,Sunny Hemiphotos,RND,Case 001,,3.135,3.0,0.97,1,,
Simulations/Sunny Hemiphotos/RND/Case 001/test2.png,test2.png,Sunny Hemiphotos,RND,Case 001,,3.135,3.0,0.97,1,,
Simulations/Sunny Hemiphotos/RND/Case 001/test3.png,test3.png,Sunny Hemiphotos,RND,Case 001,,3.135,3.0,0.97,1,,
Simulations/Sunny Hemiphotos/RND/Case 001/test4.png,test4.png,Sunny Hemiphotos,RND,Case 001,,3.135,3.0,0.97,1,,
Simulations/Sunny Hemiphotos/RND/Case 001/test5.png,test5.png,Sunny Hemiphotos,RND,Case 001,,3.135,3.0,0.97,1,,
Simulations/Sunny Hemiphotos/RND/Case 001/test6.png,test6.png,Sunny Hemiphotos,RND,Case 001,,3.135,3.0,0.97,1,,
Simulations/Sunny Hemiphotos/RND/Case 001/test7.png,test7.png,Sunny Hemiphotos,RND,Case 001,,3.135,3.0,0.97,1,,
Simulations/Sunny Hemiphotos/RND/Case 001/test8.png,test8.png,Sunny Hemiphotos,RND,Case 001,,3.135,3.0,0.97,1,,
Simulations/Sunny Hemiphotos/RND/Case 001/test9.png,test9.png,Sunny Hemiphotos,RND,Case 001,,3.135,3.0,0.97,1,,
Simulations/Sunny Hemiphotos/RND/Case 002/test0.png,test0.png,Sunny Hemiphotos,RND,Case 002,,2.135,2.0,0.96,2,,
Simulations/Sunny Hemiphotos/RND/Case 002/test1.png,test1.png,Sunny Hemiphotos,RND,Case 002,,2.135,2.0,0.96,2,,
Simulations/Sunny Hemiphotos/RND/Case 002/test2.png,test2.png,Sunny Hemiphotos,RND,Case 002,,2.135,2.0,0.96,2,,
Simulations/Sunny Hemiphotos/RND/Case 002/test3.png,test3.png,Sunny Hemiphotos,RND,Case 002,,2.135,2.0,0.96,2,,
Simulations/Sunny Hemiphotos/RND/Case 002/test4.png,test4.png,Sunny Hemiphotos,RND,Case 002,,2.135,2.0,0.96,2,,
Simulations/Sunny Hemiphotos/RND/Case 002/test5.png,test5.png,Sunny Hemiphotos,RND,Case 002,,2.135,2.0,0.96,2,,
Simulations/Sunny Hemiphotos/RND/Case 002/test6.png,test6.png,Sunny Hemiphotos,RND,Case 002,,2.135,2.0,0.96,2,,
Simulations/Sunny Hemiphotos/RND/Case 002/test7.png,test7.png,Sunny Hemiphotos,RND,Case 002,,2.135,2.0,0.96,2,,
Simulations/Sunny Hemiphotos/RND/Case 002/test8.png,test8.png,Sunny Hemiphotos,RND,Case 002,,2.135,2.0,0.96,2,,
Simulations/Sunny Hemiphotos/RND/Case 002/test9.png,test9.png,Sunny Hemiphotos,RND,Case 002,,2.135,2.0,0.96,2,,
Simulations/Sunny Hemiphotos/RND/Case 003/test0.png,test0.png,Sunny Hemiphotos,RND,Case 003,,1.135,1.0,0.92,3,,
Simulations/Sunny Hemiphotos/RND/Case 003/test1.png,test1.png,Sunny Hemiphotos,RND,Case 003,,1.135,1.0,0.92,3,,
Simulations/Sunny Hemiphotos/RND/Case 003/test2.png,test2.png,Sunny Hemiphotos,RND,Case 003,,1.135,1.0,0.92,3,,
Simulations/Sunny Hemiphotos/RND/Case 003/test3.png,test3.png,Sunny Hemiphotos,RND,Case 003,,1.135,1.0,0.92,3,,
Simulations/Sunny Hemiphotos/RND/Case 003/test4.png,test4.png,Sunny Hemiphotos,RND,Case 003,,1.135,1.0,0.92,3,,
Simulations/Sunny Hemiphotos/RND/Case 003/test5.png,test5.png,Sunny Hemiphotos,RND,Case 003,,1.135,1.0,0.92,3,,
Simulations/Sunny Hemiphotos/RND/Case 003/test6.png,test6.png,Sunny Hemiphotos,RND,Case 003,,1.135,1.0,0.92,3,,
Simulations/Sunny Hemiphotos/RND/Case 003/test7.png,test7.png,Sunny Hemiphotos,RND,Case 003,,1.135,1.0,0.92,3,,
Simulations/Sunny Hemiphotos/RND/Case 003/test8.png,test8.png,Sunny Hemiphotos,RND,Case 003,,1.135,1.0,0.92,3,,
Simulations/Sunny Hemiphotos/RND/Case 003/test9.png,test9.png,Sunny Hemiphotos,RND,Case 003,,1.135,1.0,0.92,3,,
Simulations/Sunny Hemiphotos/RND/Case 004/test0.png,test0.png,Sunny Hemiphotos,RND,Case 004,,2.135,2.0,0.96,4,,
Simulations/Sunny Hemiphotos/RND/Case 004/test1.png,test1.png,Sunny Hemiphotos,RND,Case 004,,2.135,2.0,0.96,4,,
Simulations/Sunny Hemiphotos/RND/Case 004/test2.png,test2.png,Sunny Hemiphotos,RND,Case 004,,2.135,2.0,0.96,4,,
Simulations/Sunny Hemiphotos/RND/Case 004/test3.png,test3.png,Sunny Hemiphotos,RND,Case 004,,2.135,2.0,0.96,4,,
Simulations/Sunny Hemiphotos/RND/Case 004/test4.png,test4.png,Sunny Hemiphotos,RND,Case 004,,2.135,2.0,0.96,4,,
Simulations/Sunny Hemiphotos/RND/Case 004/test5.png,test5.png,Sunny Hemiphotos,RND,Case 004,,2.135,2.0,0.96,4,,
Simulations/Sunny Hemiphotos/RND/Case 004/test6.png,test6.png,Sunny Hemiphotos,RND,Case 004,,2.135,2.0,0.96,4,,
Simulations/Sunny Hemiphotos/RND/Case 004/test7.png,test7.png,Sunny Hemiphotos,RND,Case 004,,2.135,2.0,0.96,4,,
Simulations/Sunny Hemiphotos/RND/Case 004/test8.png,test8.png,Sunny Hemiphotos,RND,Case 004,,2.135,2.0,0.96,4,,
Simulations/Sunny Hemiphotos/RND/Case 004/test9.png,test9.png,Sunny Hemiphotos,RND,Case 004,,2.135,2.0,0.96,4,,
Simulations/Sunny Hemiphotos/RND/Case 005/test0.png,test0.png,Sunny Hemiphotos,RND,Case 005,,2.135,2.0,0.96,5,,
Simulations/Sunny Hemiphotos/RND/Case 005/test1.png,test1.png,Sunny Hemiphotos,RND,Case 005,,2.135,2.0,0.96,5,,
Simulations/Sunny Hemiphotos/RND/Case 005/test2.png,test2.png,Sunny Hemiphotos,RND,Case 005,,2.135,2.0,0.96,5,,
Simulations/Sunny Hemiphotos/RND/Case 005/test3.png,test3.png,Sunny Hemiphotos,RND,Case 005,,2.135,2.0,0.96,5,,
Simulations/Sunny Hemiphotos/RND/Case 005/test4.png,test4.png,Sunny Hemiphotos,RND,Case 005,,2.135,2.0,0.96,5,,
Simulations/Sunny Hemiphotos/RND/Case 005/test5.png,test5.png,Sunny Hemiphotos,RND,Case 005,,2.135,2.0,0.96,5,,
Simulations/Sunny Hemiphotos/RND/Case 005/test6.png,test6.png,Sunny Hemiphotos,RND,Case 005,,2.135,2.0,0.96,5,,
Simulations/Sunny Hemiphotos/RND/Case 005/test7.png,test7.png,Sunny Hemiphotos,RND,Case 005,,2.135,2.0,0.96,5,,
Simulations/Sunny Hemiphotos/RND/Case 005/test8.png,test8.png,Sunny Hemiphotos,RND,Case 005,,2.135,2.0,0.96,5,,
Simulations/Sunny Hemiphotos/RND/Case 005/test9.png,test9.png,Sunny Hemiphotos,RND,Case 005,,2.135,2.0,0.96,5,,
Simulations/Sunny Hemiphotos/RND/Case 006/test0.png,test0.png,Sunny Hemiphotos,RND,Case 006,,2.135,2.0,0.96,6,,
Simulations/Sunny Hemiphotos/RND/Case 006/test1.png,test1.png,Sunny Hemiphotos,RND,Case 006,,2.135,2.0,0.96,6,,
Simulations/Sunny Hemiphotos/RND/Case 006/test2.png,test2.png,Sunny Hemiphotos,RND,Case 006,,2.135,2.0,0.96,6,,
Simulations/Sunny Hemiphotos/RND/Case 006/test3.png,test3.png,Sunny Hemiphotos,RND,Case 006,,2.135,2.0,0.96,6,,
Simulations/Sunny Hemiphotos/RND/Case 006/test4.png,test4.png,Sunny Hemiphotos,RND,Case 006,,2.135,2.0,0.96,6,,
Simulations/Sunny Hemiphotos/RND/Case 006/test5.png,test5.png,Sunny Hemiphotos,RND,Case 006,,2.135,2.0,0.96,6,,
Simulations/Sunny Hemiphotos/RND/Case 006/test6.png,test6.png,Sunny Hemiphotos,RND,Case 006,,2.135,2.0,0.96,6,,
Simulations/Sunny Hemiphotos/RND/Case 006/test7.png,test7.png,Sunny Hemiphotos,RND,Case 006,,2.135,2.0,0.96,6,,
Simulations/Sunny Hemiphotos/RND/Case 006/test8.png,test8.png,Sunny Hemiphotos,RND,Case 006,,2.135,2.0,0.96,6,,
Simulations/Sunny Hemiphotos/RND/Case 006/test9.png,test9.png,Sunny Hemiphotos,RND,Case 006,,2.135,2.0,0.96,6,,
Simulations/Sunny Hemiphotos/RND/Case 007/test1.png,test1.png,Sunny Hemiphotos,RND,Case 007,,2.06,2.0,0.98,7,,
Simulations/Sunny Hemiphotos/RND/Case 007/test2.png,test2.png,Sunny Hemiphotos,RND,Case 007,,2.06,2.0,0.98,7,,
Simulations/Sunny Hemiphotos/RND/Case 007/test3.png,test3.png,Sunny Hemiphotos,RND,Case 007,,2.06,2.0,0.98,7,,
Simulations/Sunny Hemiphotos/RND/Case 007/test4.png,test4.png,Sunny Hemiphotos,RND,Case 007,,2.06,2.0,0.98,7,,
Simulations/Sunny Hemiphotos/RND/Case 007/test5.png,test5.png,Sunny Hemiphotos,RND,Case 007,,2.06,2.0,0.98,7,,
Simulations/Sunny Hemiphotos/RND/Case 007/test6.png,test6.png,Sunny Hemiphotos,RND,Case 007,,2.06,2.0,0.98,7,,
Simulations/Sunny Hemiphotos/RND/Case 007/test7.png,test7.png,Sunny Hemiphotos,RND,Case 007,,2.06,2.0,0.98,7,,
Simulations/Sunny Hemiphotos/RND/Case 007/test8.png,test8.png,Sunny Hemiphotos,RND,Case 007,,2.06,2.0,0.98,7,,
Simulations/Sunny Hemiphotos/RND/Case 007/test9.png,test9.png,Sunny Hemiphotos,RND,Case 007,,2.06,2.0,0.98,7,,
Simulations/Sunny Hemiphotos/RND/Case 008/test0.png,test0.png,Sunny Hemiphotos,RND,Case 008,,0.56,0.5,0.93,8,,
Simulations/Sunny Hemiphotos/RND/Case 008/test1.png,test1.png,Sunny Hemiphotos,RND,Case 008,,0.56,0.5,0.93,8,,
Simulations/Sunny Hemiphotos/RND/Case 008/test2.png,test2.png,Sunny Hemiphotos,RND,Case 008,,0.56,0.5,0.93,8,,
Simulations/Sunny Hemiphotos/RND/Case 008/test3.png,test3.png,Sunny Hemiphotos,RND,Case 008,,0.56,0.5,0.93,8,,
Simulations/Sunny Hemiphotos/RND/Case 008/test4.png,test4.png,Sunny Hemiphotos,RND,Case 008,,0.56,0.5,0.93,8,,
Simulations/Sunny Hemiphotos/RND/Case 008/test5.png,test5.png,Sunny Hemiphotos,RND,Case 008,,0.56,0.5,0.93,8,,
Simulations/Sunny Hemiphotos/RND/Case 008/test6.png,test6.png,Sunny Hemiphotos,RND,Case 008,,0.56,0.5,0.93,8,,
Simulations/Sunny Hemiphotos/RND/Case 008/test7.png,test7.png,Sunny Hemiphotos,RND,Case 008,,0.56,0.5,0.93,8,,
Simulations/Sunny Hemiphotos/RND/Case 008/test8.png,test8.png,Sunny Hemiphotos,RND,Case 008,,0.56,0.5,0.93,8,,
Simulations/Sunny Hemiphotos/RND/Case 008/test9.png,test9.png,Sunny Hemiphotos,RND,Case 008,,0.56,0.5,0.93,8,,
Simulations/Sunny Hemiphotos/RND/Case 009/test0.png,test0.png,Sunny Hemiphotos,RND,Case 009,,2.635,2.5,0.97,9,,
Simulations/Sunny Hemiphotos/RND/Case 009/test1.png,test1.png,Sunny Hemiphotos,RND,Case 009,,2.635,2.5,0.97,9,,
Simulations/Sunny Hemiphotos/RND/Case 009/test2.png,test2.png,Sunny Hemiphotos,RND,Case 009,,2.635,2.5,0.97,9,,
Simulations/Sunny Hemiphotos/RND/Case 009/test3.png,test3.png,Sunny Hemiphotos,RND,Case 009,,2.635,2.5,0.97,9,,
Simulations/Sunny Hemiphotos/RND/Case 009/test4.png,test4.png,Sunny Hemiphotos,RND,Case 009,,2.635,2.5,0.97,9,,
Simulations/Sunny Hemiphotos/RND/Case 009/test5.png,test5.png,Sunny Hemiphotos,RND,Case 009,,2.635,2.5,0.97,9,,
Simulations/Sunny Hemiphotos/RND/Case 009/test6.png,test6.png,Sunny Hemiphotos,RND,Case 009,,2.635,2.5,0.97,9,,
Simulations/Sunny Hemiphotos/RND/Case 009/test7.png,test7.png,Sunny Hemiphotos,RND,Case 009,,2.635,2.5,0.97,9,,
Simulations/Sunny Hemiphotos/RND/Case 009/test8.png,test8.png,Sunny Hemiphotos,RND,Case 009,,2.635,2.5,0.97,9,,
Simulations/Sunny Hemiphotos/RND/Case 009/test9.png,test9.png,Sunny Hemiphotos,RND,Case 009,,2.635,2.5,0.97,9,,
Simulations/Sunny Hemiphotos/RND/Case 010/test0.png,test0.png,Sunny Hemiphotos,RND,Case 010,,4.289999999999999,3.6,0.9,10,,
Simulations/Sunny Hemiphotos/RND/Case 010/test1.png,test1.png,Sunny Hemiphotos,RND,Case 010,,4.289999999999999,3.6,0.9,10,,
Simulations/Sunny Hemiphotos/RND/Case 010/test2.png,test2.png,Sunny Hemiphotos,RND,Case 010,,4.289999999999999,3.6,0.9,10,,
Simulations/Sunny Hemiphotos/RND/Case 010/test3.png,test3.png,Sunny Hemiphotos,RND,Case 010,,4.289999999999999,3.6,0.9,10,,
Simulations/Sunny Hemiphotos/RND/Case 010/test4.png,test4.png,Sunny Hemiphotos,RND,Case 010,,4.289999999999999,3.6,0.9,10,,
Simulations/Sunny Hemiphotos/RND/Case 010/test5.png,test5.png,Sunny Hemiphotos,RND,Case 010,,4.289999999999999,3.6,0.9,10,,
Simulations/Sunny Hemiphotos/RND/Case 010/test6.png,test6.png,Sunny Hemiphotos,RND,Case 010,,4.289999999999999,3.6,0.9,10,,
Simulations/Sunny Hemiphotos/RND/Case 010/test7.png,test7.png,Sunny Hemiphotos,RND,Case 010,,4.289999999999999,3.6,0.9,10,,
Simulations/Sunny Hemiphotos/RND/Case 010/test8.png,test8.png,Sunny Hemiphotos,RND,Case 010,,4.289999999999999,3.6,0.9,10,,
Simulations/Sunny Hemiphotos/RND/Case 010/test9.png,test9.png,Sunny Hemiphotos,RND,Case 010,,4.289999999999999,3.6,0.9,10,,
Simulations/Sunny Hemiphotos/RND/Case 011/test0.png,test0.png,Sunny Hemiphotos,RND,Case 011,,3.0999999999999996,2.2,0.82,11,,
Simulations/Sunny Hemiphotos/RND/Case 011/test1.png,test1.png,Sunny Hemiphotos,RND,Case 011,,3.0999999999999996,2.2,0.82,11,,
Simulations/Sunny Hemiphotos/RND/Case 011/test2.png,test2.png,Sunny Hemiphotos,RND,Case 011,,3.0999999999999996,2.2,0.82,11,,
Simulations/Sunny Hemiphotos/RND/Case 011/test3.png,test3.png,Sunny Hemiphotos,RND,Case 011,,3.0999999999999996,2.2,0.82,11,,
Simulations/Sunny Hemiphotos/RND/Case 011/test4.png,test4.png,Sunny Hemiphotos,RND,Case 011,,3.0999999999999996,2.2,0.82,11,,
Simulations/Sunny Hemiphotos/RND/Case 011/test5.png,test5.png,Sunny Hemiphotos,RND,Case 011,,3.0999999999999996,2.2,0.82,11,,
Simulations/Sunny Hemiphotos/RND/Case 011/test6.png,test6.png,Sunny Hemiphotos,RND,Case 011,,3.0999999999999996,2.2,0.82,11,,
Simulations/Sunny Hemiphotos/RND/Case 011/test7.png,test7.png,Sunny Hemiphotos,RND,Case 011,,3.0999999999999996,2.2,0.82,11,,
Simulations/Sunny Hemiphotos/RND/Case 011/test8.png,test8.png,Sunny Hemiphotos,RND,Case 011,,3.0999999999999996,2.2,0.82,11,,
Simulations/Sunny Hemiphotos/RND/Case 011/test9.png,test9.png,Sunny Hemiphotos,RND,Case 011,,3.0999999999999996,2.2,0.82,11,,
Simulations/Sunny Hemiphotos/RND/Case 012/test0.png,test0.png,Sunny Hemiphotos,RND,Case 012,,3.205,2.5,0.86,12,,
Simulations/Sunny Hemiphotos/RND/Case 012/test1.png,test1.png,Sunny Hemiphotos,RND,Case 012,,3.205,2.5,0.86,12,,
Simulations/Sunny Hemiphotos/RND/Case 012/test2.png,test2.png,Sunny Hemiphotos,RND,Case 012,,3.205,2.5,0.86,12,,
Simulations/Sunny Hemiphotos/RND/Case 012/test3.png,test3.png,Sunny Hemiphotos,RND,Case 012,,3.205,2.5,0.86,12,,
Simulations/Sunny Hemiphotos/RND/Case 012/test4.png,test4.png,Sunny Hemiphotos,RND,Case 012,,3.205,2.5,0.86,12,,
Simulations/Sunny Hemiphotos/RND/Case 012/test5.png,test5.png,Sunny Hemiphotos,RND,Case 012,,3.205,2.5,0.86,12,,
Simulations/Sunny Hemiphotos/RND/Case 012/Test6.png,Test6.png,Sunny Hemiphotos,RND,Case 012,,3.205,2.5,0.86,12,,
Simulations/Sunny Hemiphotos/RND/Case 012/test7.png,test7.png,Sunny Hemiphotos,RND,Case 012,,3.205,2.5,0.86,12,,
Simulations/Sunny Hemiphotos/RND/Case 012/test8.png,test8.png,Sunny Hemiphotos,RND,Case 012,,3.205,2.5,0.86,12,,
Simulations/Sunny Hemiphotos/RND/Case 012/test9.png,test9.png,Sunny Hemiphotos,RND,Case 012,,3.205,2.5,0.86,12,,
Simulations/Sunny Hemiphotos/RND/Case 013/test0.png,test0.png,Sunny Hemiphotos,RND,Case 013,,4.24,4.0,0.96,13,,
Simulations/Sunny Hemiphotos/RND/Case 013/test1.png,test1.png,Sunny Hemiphotos,RND,Case 013,,4.24,4.0,0.96,13,,
Simulations/Sunny Hemiphotos/RND/Case 013/test2.png,test2.png,Sunny Hemiphotos,RND,Case 013,,4.24,4.0,0.96,13,,
Simulations/Sunny Hemiphotos/RND/Case 013/test3.png,test3.png,Sunny Hemiphotos,RND,Case 013,,4.24,4.0,0.96,13,,
Simulations/Sunny Hemiphotos/RND/Case 013/test4.png,test4.png,Sunny Hemiphotos,RND,Case 013,,4.24,4.0,0.96,13,,
Simulations/Sunny Hemiphotos/RND/Case 013/test5.png,test5.png,Sunny Hemiphotos,RND,Case 013,,4.24,4.0,0.96,13,,
Simulations/Sunny Hemiphotos/RND/Case 013/test6.png,test6.png,Sunny Hemiphotos,RND,Case 013,,4.24,4.0,0.96,13,,
Simulations/Sunny Hemiphotos/RND/Case 013/test7.png,test7.png,Sunny Hemiphotos,RND,Case 013,,4.24,4.0,0.96,13,,
Simulations/Sunny Hemiphotos/RND/Case 013/test8.png,test8.png,Sunny Hemiphotos,RND,Case 013,,4.24,4.0,0.96,13,,
Simulations/Sunny Hemiphotos/RND/Case 013/Test9.png,Test9.png,Sunny Hemiphotos,RND,Case 013,,4.24,4.0,0.96,13,,
Simulations/Sunny Hemiphotos/RND/Case 014/test0.png,test0.png,Sunny Hemiphotos,RND,Case 014,,2.82,2.1,1.0,14,,
Simulations/Sunny Hemiphotos/RND/Case 014/test1.png,test1.png,Sunny Hemiphotos,RND,Case 014,,2.82,2.1,1.0,14,,
Simulations/Sunny Hemiphotos/RND/Case 014/test2.png,test2.png,Sunny Hemiphotos,RND,Case 014,,2.82,2.1,1.0,14,,
Simulations/Sunny Hemiphotos/RND/Case 014/test3.png,test3.png,Sunny Hemiphotos,RND,Case 014,,2.82,2.1,1.0,14,,
Simulations/Sunny Hemiphotos/RND/Case 014/Test4.png,Test4.png,Sunny Hemiphotos,RND,Case 014,,2.82,2.1,1.0,14,,
Simulations/Sunny Hemiphotos/RND/Case 014/test5.png,test5.png,Sunny Hemiphotos,RND,Case 014,,2.82,2.1,1.0,14,,
Simulations/Sunny Hemiphotos/RND/Case 014/test6.png,test6.png,Sunny Hemiphotos,RND,Case 014,,2.82,2.1,1.0,14,,
Simulations/Sunny Hemiphotos/RND/Case 014/test7.png,test7.png,Sunny Hemiphotos,RND,Case 014,,2.82,2.1,1.0,14,,
Simulations/Sunny Hemiphotos/RND/Case 014/Test8.png,Test8.png,Sunny Hemiphotos,RND,Case 014,,2.82,2.1,1.0,14,,
Simulations/Sunny Hemiphotos/RND/Case 014/test9.png,test9.png,Sunny Hemiphotos,RND,Case 014,,2.82,2.1,1.0,14,,
Simulations/Sunny Hemiphotos/RND/Case 015/test0.png,test0.png,Sunny Hemiphotos,RND,Case 015,,3.42,2.7,1.0,15,,
Simulations/Sunny Hemiphotos/RND/Case 015/test1.png,test1.png,Sunny Hemiphotos,RND,Case 015,,3.42,2.7,1.0,15,,
Simulations/Sunny Hemiphotos/RND/Case 015/test2.png,test2.png,Sunny Hemiphotos,RND,Case 015,,3.42,2.7,1.0,15,,
Simulations/Sunny Hemiphotos/RND/Case 015/test3.png,test3.png,Sunny Hemiphotos,RND,Case 015,,3.42,2.7,1.0,15,,
Simulations/Sunny Hemiphotos/RND/Case 015/test4.png,test4.png,Sunny Hemiphotos,RND,Case 015,,3.42,2.7,1.0,15,,
Simulations/Sunny Hemiphotos/RND/Case 015/test5.png,test5.png,Sunny Hemiphotos,RND,Case 015,,3.42,2.7,1.0,15,,
Simulations/Sunny Hemiphotos/RND/Case 015/test6.png,test6.png,Sunny Hemiphotos,RND,Case 015,,3.42,2.7,1.0,15,,
Simulations/Sunny Hemiphotos/RND/Case 015/test7.png,test7.png,Sunny Hemiphotos,RND,Case 015,,3.42,2.7,1.0,15,,
Simulations/Sunny Hemiphotos/RND/Case 015/test8.png,test8.png,Sunny Hemiphotos,RND,Case 015,,3.42,2.7,1.0,15,,
Simulations/Sunny Hemiphotos/RND/Case 015/test9.png,test9.png,Sunny Hemiphotos,RND,Case 015,,3.42,2.7,1.0,15,,
Simulations/Sunny Hemiphotos/RND/Case 016/test0.png,test0.png,Sunny Hemiphotos,RND,Case 016,,5.725,5.5,0.97,16,,
Simulations/Sunny Hemiphotos/RND/Case 016/test1.png,test1.png,Sunny Hemiphotos,RND,Case 016,,5.725,5.5,0.97,16,,
Simulations/Sunny Hemiphotos/RND/Case 016/test2.png,test2.png,Sunny Hemiphotos,RND,Case 016,,5.725,5.5,0.97,16,,
Simulations/Sunny Hemiphotos/RND/Case 016/test3.png,test3.png,Sunny Hemiphotos,RND,Case 016,,5.725,5.5,0.97,16,,
Simulations/Sunny Hemiphotos/RND/Case 016/test4.png,test4.png,Sunny Hemiphotos,RND,Case 016,,5.725,5.5,0.97,16,,
Simulations/Sunny Hemiphotos/RND/Case 016/test5.png,test5.png,Sunny Hemiphotos,RND,Case 016,,5.725,5.5,0.97,16,,
Simulations/Sunny Hemiphotos/RND/Case 016/test6.png,test6.png,Sunny Hemiphotos,RND,Case 016,,5.725,5.5,0.97,16,,
Simulations/Sunny Hemiphotos/RND/Case 016/test7.png,test7.png,Sunny Hemiphotos,RND,Case 016,,5.725,5.5,0.97,16,,
Simulations/Sunny Hemiphotos/RND/Case 016/test8.png,test8.png,Sunny Hemiphotos,RND,Case 016,,5.725,5.5,0.97,16,,
Simulations/Sunny Hemiphotos/RND/Case 016/test9.png,test9.png,Sunny Hemiphotos,RND,Case 016,,5.725,5.5,0.97,16,,
Simulations/Sunny Hemiphotos/RND/Case 017/test0.png,test0.png,Sunny Hemiphotos,RND,Case 017,,5.300000000000001,5.0,0.96,17,,
Simulations/Sunny Hemiphotos/RND/Case 017/test1.png,test1.png,Sunny Hemiphotos,RND,Case 017,,5.300000000000001,5.0,0.96,17,,
Simulations/Sunny Hemiphotos/RND/Case 017/test2.png,test2.png,Sunny Hemiphotos,RND,Case 017,,5.300000000000001,5.0,0.96,17,,
Simulations/Sunny Hemiphotos/RND/Case 017/test3.png,test3.png,Sunny Hemiphotos,RND,Case 017,,5.300000000000001,5.0,0.96,17,,
Simulations/Sunny Hemiphotos/RND/Case 017/test4.png,test4.png,Sunny Hemiphotos,RND,Case 017,,5.300000000000001,5.0,0.96,17,,
Simulations/Sunny Hemiphotos/RND/Case 017/test5.png,test5.png,Sunny Hemiphotos,RND,Case 017,,5.300000000000001,5.0,0.96,17,,
Simulations/Sunny Hemiphotos/RND/Case 017/Test6.png,Test6.png,Sunny Hemiphotos,RND,Case 017,,5.300000000000001,5.0,0.96,17,,
Simulations/Sunny Hemiphotos/RND/Case 017/test7.png,test7.png,Sunny Hemiphotos,RND,Case 017,,5.300000000000001,5.0,0.96,17,,
Simulations/Sunny Hemiphotos/RND/Case 017/test8.png,test8.png,Sunny Hemiphotos,RND,Case 017,,5.300000000000001,5.0,0.96,17,,
Simulations/Sunny Hemiphotos/RND/Case 017/test9.png,test9.png,Sunny Hemiphotos,RND,Case 017,,5.300000000000001,5.0,0.96,17,,
Simulations/Sunny Hemiphotos/RND/Case 018/test0.png,test0.png,Sunny Hemiphotos,RND,Case 018,,1.165,1.0,0.91,18,,
Simulations/Sunny Hemiphotos/RND/Case 018/test1.png,test1.png,Sunny Hemiphotos,RND,Case 018,,1.165,1.0,0.91,18,,
Simulations/Sunny Hemiphotos/RND/Case 018/test2.png,test2.png,Sunny Hemiphotos,RND,Case 018,,1.165,1.0,0.91,18,,
Simulations/Sunny Hemiphotos/RND/Case 018/test3.png,test3.png,Sunny Hemiphotos,RND,Case 018,,1.165,1.0,0.91,18,,
Simulations/Sunny Hemiphotos/RND/Case 018/test4.png,test4.png,Sunny Hemiphotos,RND,Case 018,,1.165,1.0,0.91,18,,
Simulations/Sunny Hemiphotos/RND/Case 018/test5.png,test5.png,Sunny Hemiphotos,RND,Case 018,,1.165,1.0,0.91,18,,
Simulations/Sunny Hemiphotos/RND/Case 018/test6.png,test6.png,Sunny Hemiphotos,RND,Case 018,,1.165,1.0,0.91,18,,
Simulations/Sunny Hemiphotos/RND/Case 018/test7.png,test7.png,Sunny Hemiphotos,RND,Case 018,,1.165,1.0,0.91,18,,
Simulations/Sunny Hemiphotos/RND/Case 018/test8.png,test8.png,Sunny Hemiphotos,RND,Case 018,,1.165,1.0,0.91,18,,
Simulations/Sunny Hemiphotos/RND/Case 018/Test9.png,Test9.png,Sunny Hemiphotos,RND,Case 018,,1.165,1.0,0.91,18,,
Simulations/Sunny Hemiphotos/RND/Case 019/test0.png,test0.png,Sunny Hemiphotos,RND,Case 019,,3.195,3.0,0.96,19,,
Simulations/Sunny Hemiphotos/RND/Case 019/test1.png,test1.png,Sunny Hemiphotos,RND,Case 019,,3.195,3.0,0.96,19,,
Simulations/Sunny Hemiphotos/RND/Case 019/test2.png,test2.png,Sunny Hemiphotos,RND,Case 019,,3.195,3.0,0.96,19,,
Simulations/Sunny Hemiphotos/RND/Case 019/test3.png,test3.png,Sunny Hemiphotos,RND,Case 019,,3.195,3.0,0.96,19,,
Simulations/Sunny Hemiphotos/RND/Case 019/test4.png,test4.png,Sunny Hemiphotos,RND,Case 019,,3.195,3.0,0.96,19,,
Simulations/Sunny Hemiphotos/RND/Case 019/test5.png,test5.png,Sunny Hemiphotos,RND,Case 019,,3.195,3.0,0.96,19,,
Simulations/Sunny Hemiphotos/RND/Case 019/test6.png,test6.png,Sunny Hemiphotos,RND,Case 019,,3.195,3.0,0.96,19,,
Simulations/Sunny Hemiphotos/RND/Case 019/test7.png,test7.png,Sunny Hemiphotos,RND,Case 019,,3.195,3.0,0.96,19,,
Simulations/Sunny Hemiphotos/RND/Case 019/test8.png,test8.png,Sunny Hemiphotos,RND,Case 019,,3.195,3.0,0.96,19,,
Simulations/Sunny Hemiphotos/RND/Case 019/test9.png,test9.png,Sunny Hemiphotos,RND,Case 019,,3.195,3.0,0.96,19,,
Simulations/Sunny Hemiphotos/RND/Case 020/test0.png,test0.png,Sunny Hemiphotos,RND,Case 020,,1.415,1.25,0.93,20,,
Simulations/Sunny Hemiphotos/RND/Case 020/test1.png,test1.png,Sunny Hemiphotos,RND,Case 020,,1.415,1.25,0.93,20,,
Simulations/Sunny Hemiphotos/RND/Case 020/test2.png,test2.png,Sunny Hemiphotos,RND,Case 020,,1.415,1.25,0.93,20,,
Simulations/Sunny Hemiphotos/RND/Case 020/test3.png,test3.png,Sunny Hemiphotos,RND,Case 020,,1.415,1.25,0.93,20,,
Simulations/Sunny Hemiphotos/RND/Case 020/test4.png,test4.png,Sunny Hemiphotos,RND,Case 020,,1.415,1.25,0.93,20,,
Simulations/Sunny Hemiphotos/RND/Case 020/test5.png,test5.png,Sunny Hemiphotos,RND,Case 020,,1.415,1.25,0.93,20,,
Simulations/Sunny Hemiphotos/RND/Case 020/test6.png,test6.png,Sunny Hemiphotos,RND,Case 020,,1.415,1.25,0.93,20,,
Simulations/Sunny Hemiphotos/RND/Case 020/test7.png,test7.png,Sunny Hemiphotos,RND,Case 020,,1.415,1.25,0.93,20,,
Simulations/Sunny Hemiphotos/RND/Case 020/test8.png,test8.png,Sunny Hemiphotos,RND,Case 020,,1.415,1.25,0.93,20,,
Simulations/Sunny Hemiphotos/RND/Case 020/test9.png,test9.png,Sunny Hemiphotos,RND,Case 020,,1.415,1.25,0.93,20,,
Simulations/Sunny Hemiphotos/RND/Case 021/test0.png,test0.png,Sunny Hemiphotos,RND,Case 021,,1.415,1.25,0.93,21,,
Simulations/Sunny Hemiphotos/RND/Case 021/test1.png,test1.png,Sunny Hemiphotos,RND,Case 021,,1.415,1.25,0.93,21,,
Simulations/Sunny Hemiphotos/RND/Case 021/test2.png,test2.png,Sunny Hemiphotos,RND,Case 021,,1.415,1.25,0.93,21,,
Simulations/Sunny Hemiphotos/RND/Case 021/test3.png,test3.png,Sunny Hemiphotos,RND,Case 021,,1.415,1.25,0.93,21,,
Simulations/Sunny Hemiphotos/RND/Case 021/test4.png,test4.png,Sunny Hemiphotos,RND,Case 021,,1.415,1.25,0.93,21,,
Simulations/Sunny Hemiphotos/RND/Case 021/test5.png,test5.png,Sunny Hemiphotos,RND,Case 021,,1.415,1.25,0.93,21,,
Simulations/Sunny Hemiphotos/RND/Case 021/test6.png,test6.png,Sunny Hemiphotos,RND,Case 021,,1.415,1.25,0.93,21,,
Simulations/Sunny Hemiphotos/RND/Case 021/test7.png,test7.png,Sunny Hemiphotos,RND,Case 021,,1.415,1.25,0.93,21,,
Simulations/Sunny Hemiphotos/RND/Case 021/test8.png,test8.png,Sunny Hemiphotos,RND,Case 021,,1.415,1.25,0.93,21,,
Simulations/Sunny Hemiphotos/RND/Case 021/test9.png,test9.png,Sunny Hemiphotos,RND,Case 021,,1.415,1.25,0.93,21,,
Simulations/Sunny Hemiphotos/RND/Case 022/test0.png,test0.png,Sunny Hemiphotos,RND,Case 022,,0.31,0.25,0.88,22,,
Simulations/Sunny Hemiphotos/RND/Case 022/test1.png,test1.png,Sunny Hemiphotos,RND,Case 022,,0.31,0.25,0.88,22,,
Simulations/Sunny Hemiphotos/RND/Case 022/test2.png,test2.png,Sunny Hemiphotos,RND,Case 022,,0.31,0.25,0.88,22,,
Simulations/Sunny Hemiphotos/RND/Case 022/test3.png,test3.png,Sunny Hemiphotos,RND,Case 022,,0.31,0.25,0.88,22,,
Simulations/Sunny Hemiphotos/RND/Case 022/test4.png,test4.png,Sunny Hemiphotos,RND,Case 022,,0.31,0.25,0.88,22,,
Simulations/Sunny Hemiphotos/RND/Case 022/test5.png,test5.png,Sunny Hemiphotos,RND,Case 022,,0.31,0.25,0.88,22,,
Simulations/Sunny Hemiphotos/RND/Case 022/test6.png,test6.png,Sunny Hemiphotos,RND,Case 022,,0.31,0.25,0.88,22,,
Simulations/Sunny Hemiphotos/RND/Case 022/test7.png,test7.png,Sunny Hemiphotos,RND,Case 022,,0.31,0.25,0.88,22,,
Simulations/Sunny Hemiphotos/RND/Case 022/test8.png,test8.png,Sunny Hemiphotos,RND,Case 022,,0.31,0.25,0.88,22,,
Simulations/Sunny Hemiphotos/RND/Case 022/test9.png,test9.png,Sunny Hemiphotos,RND,Case 022,,0.31,0.25,0.88,22,,
Simulations/Sunny Hemiphotos/RND/Case 023/test0.png,test0.png,Sunny Hemiphotos,RND,Case 023,,0.31,0.25,0.88,23,,
Simulations/Sunny Hemiphotos/RND/Case 023/test1.png,test1.png,Sunny Hemiphotos,RND,Case 023,,0.31,0.25,0.88,23,,
Simulations/Sunny Hemiphotos/RND/Case 023/test2.png,test2.png,Sunny Hemiphotos,RND,Case 023,,0.31,0.25,0.88,23,,
Simulations/Sunny Hemiphotos/RND/Case 023/test3.png,test3.png,Sunny Hemiphotos,RND,Case 023,,0.31,0.25,0.88,23,,
Simulations/Sunny Hemiphotos/RND/Case 023/test4.png,test4.png,Sunny Hemiphotos,RND,Case 023,,0.31,0.25,0.88,23,,
Simulations/Sunny Hemiphotos/RND/Case 023/test5.png,test5.png,Sunny Hemiphotos,RND,Case 023,,0.31,0.25,0.88,23,,
Simulations/Sunny Hemiphotos/RND/Case 023/test6.png,test6.png,Sunny Hemiphotos,RND,Case 023,,0.31,0.25,0.88,23,,
Simulations/Sunny Hemiphotos/RND/Case 023/test7.png,test7.png,Sunny Hemiphotos,RND,Case 023,,0.31,0.25,0.88,23,,
Simulations/Sunny Hemiphotos/RND/Case 023/test8.png,test8.png,Sunny Hemiphotos,RND,Case 023,,0.31,0.25,0.88,23,,
Simulations/Sunny Hemiphotos/RND/Case 023/test9.png,test9.png,Sunny Hemiphotos,RND,Case 023,,0.31,0.25,0.88,23,,
Simulations/Sunny Hemiphotos/RND/Case 024/test0.png,test0.png,Sunny Hemiphotos,RND,Case 024,,4.735,4.0,0.9,24,,
Simulations/Sunny Hemiphotos/RND/Case 024/test1.png,test1.png,Sunny Hemiphotos,RND,Case 024,,4.735,4.0,0.9,24,,
Simulations/Sunny Hemiphotos/RND/Case 024/test2.png,test2.png,Sunny Hemiphotos,RND,Case 024,,4.735,4.0,0.9,24,,
Simulations/Sunny Hemiphotos/RND/Case 024/test3.png,test3.png,Sunny Hemiphotos,RND,Case 024,,4.735,4.0,0.9,24,,
Simulations/Sunny Hemiphotos/RND/Case 024/test4.png,test4.png,Sunny Hemiphotos,RND,Case 024,,4.735,4.0,0.9,24,,
Simulations/Sunny Hemiphotos/RND/Case 024/test5.png,test5.png,Sunny Hemiphotos,RND,Case 024,,4.735,4.0,0.9,24,,
Simulations/Sunny Hemiphotos/RND/Case 024/test6.png,test6.png,Sunny Hemiphotos,RND,Case 024,,4.735,4.0,0.9,24,,
Simulations/Sunny Hemiphotos/RND/Case 024/test7.png,test7.png,Sunny Hemiphotos,RND,Case 024,,4.735,4.0,0.9,24,,
Simulations/Sunny Hemiphotos/RND/Case 024/test8.png,test8.png,Sunny Hemiphotos,RND,Case 024,,4.735,4.0,0.9,24,,
Simulations/Sunny Hemiphotos/RND/Case 024/test9.png,test9.png,Sunny Hemiphotos,RND,Case 024,,4.735,4.0,0.9,24,,
Simulations/Sunny Hemiphotos/RND/Case 025/test0.png,test0.png,Sunny Hemiphotos,RND,Case 025,,4.074999999999999,4.0,0.99,25,,
Simulations/Sunny Hemiphotos/RND/Case 025/test1.png,test1.png,Sunny Hemiphotos,RND,Case 025,,4.074999999999999,4.0,0.99,25,,
Simulations/Sunny Hemiphotos/RND/Case 025/test2.png,test2.png,Sunny Hemiphotos,RND,Case 025,,4.074999999999999,4.0,0.99,25,,
Simulations/Sunny Hemiphotos/RND/Case 025/test3.png,test3.png,Sunny Hemiphotos,RND,Case 025,,4.074999999999999,4.0,0.99,25,,
Simulations/Sunny Hemiphotos/RND/Case 025/test4.png,test4.png,Sunny Hemiphotos,RND,Case 025,,4.074999999999999,4.0,0.99,25,,
Simulations/Sunny Hemiphotos/RND/Case 025/test5.png,test5.png,Sunny Hemiphotos,RND,Case 025,,4.074999999999999,4.0,0.99,25,,
Simulations/Sunny Hemiphotos/RND/Case 025/test6.png,test6.png,Sunny Hemiphotos,RND,Case 025,,4.074999999999999,4.0,0.99,25,,
Simulations/Sunny Hemiphotos/RND/Case 025/test7.png,test7.png,Sunny Hemiphotos,RND,Case 025,,4.074999999999999,4.0,0.99,25,,
Simulations/Sunny Hemiphotos/RND/Case 025/test8.png,test8.png,Sunny Hemiphotos,RND,Case 025,,4.074999999999999,4.0,0.99,25,,
Simulations/Sunny Hemiphotos/RND/Case 025/test9.png,test9.png,Sunny Hemiphotos,RND,Case 025,,4.074999999999999,4.0,0.99,25,,
Simulations/Sunny Hemiphotos/RND/Case 026/test0.png,test0.png,Sunny Hemiphotos,RND,Case 026,,5.074999999999999,5.0,0.99,26,,
Simulations/Sunny Hemiphotos/RND/Case 026/test1.png,test1.png,Sunny Hemiphotos,RND,Case 026,,5.074999999999999,5.0,0.99,26,,
Simulations/Sunny Hemiphotos/RND/Case 026/test2.png,test2.png,Sunny Hemiphotos,RND,Case 026,,5.074999999999999,5.0,0.99,26,,
Simulations/Sunny Hemiphotos/RND/Case 026/test3.png,test3.png,Sunny Hemiphotos,RND,Case 026,,5.074999999999999,5.0,0.99,26,,
Simulations/Sunny Hemiphotos/RND/Case 026/test4.png,test4.png,Sunny Hemiphotos,RND,Case 026,,5.074999999999999,5.0,0.99,26,,
Simulations/Sunny Hemiphotos/RND/Case 026/test5.png,test5.png,Sunny Hemiphotos,RND,Case 026,,5.074999999999999,5.0,0.99,26,,
Simulations/Sunny Hemiphotos/RND/Case 026/test6.png,test6.png,Sunny Hemiphotos,RND,Case 026,,5.074999999999999,5.0,0.99,26,,
Simulations/Sunny Hemiphotos/RND/Case 026/test7.png,test7.png,Sunny Hemiphotos,RND,Case 026,,5.074999999999999,5.0,0.99,26,,
Simulations/Sunny Hemiphotos/RND/Case 026/test8.png,test8.png,Sunny Hemiphotos,RND,Case 026,,5.074999999999999,5.0,0.99,26,,
Simulations/Sunny Hemiphotos/RND/Case 026/test9.png,test9.png,Sunny Hemiphotos,RND,Case 026,,5.074999999999999,5.0,0.99,26,,
Simulations/Sunny Hemiphotos/RND/Case 027/test0.png,test0.png,Sunny Hemiphotos,RND,Case 027,,6.074999999999999,6.0,0.99,27,,
Simulations/Sunny Hemiphotos/RND/Case 027/test1.png,test1.png,Sunny Hemiphotos,RND,Case 027,,6.074999999999999,6.0,0.99,27,,
Simulations/Sunny Hemiphotos/RND/Case 027/test2.png,test2.png,Sunny Hemiphotos,RND,Case 027,,6.074999999999999,6.0,0.99,27,,
Simulations/Sunny Hemiphotos/RND/Case 027/test3.png,test3.png,Sunny Hemiphotos,RND,Case 027,,6.074999999999999,6.0,0.99,27,,
Simulations/Sunny Hemiphotos/RND/Case 027/test4.png,test4.png,Sunny Hemiphotos,RND,Case 027,,6.074999999999999,6.0,0.99,27,,
Simulations/Sunny Hemiphotos/RND/Case 027/test5.png,test5.png,Sunny Hemiphotos,RND,Case 027,,6.074999999999999,6.0,0.99,27,,
Simulations/Sunny Hemiphotos/RND/Case 027/test6.png,test6.png,Sunny Hemiphotos,RND,Case 027,,6.074999999999999,6.0,0.99,27,,
Simulations/Sunny Hemiphotos/RND/Case 027/test7.png,test7.png,Sunny Hemiphotos,RND,Case 027,,6.074999999999999,6.0,0.99,27,,
Simulations/Sunny Hemiphotos/RND/Case 027/test8.png,test8.png,Sunny Hemiphotos,RND,Case 027,,6.074999999999999,6.0,0.99,27,,
Simulations/Sunny Hemiphotos/RND/Case 027/test9.png,test9.png,Sunny Hemiphotos,RND,Case 027,,6.074999999999999,6.0,0.99,27,,
Simulations/Sunny Hemiphotos/RND/Case 028/test0.png,test0.png,Sunny Hemiphotos,RND,Case 028,,7.735,7.0,0.94,28,,
Simulations/Sunny Hemiphotos/RND/Case 028/test1.png,test1.png,Sunny Hemiphotos,RND,Case 028,,7.735,7.0,0.94,28,,
Simulations/Sunny Hemiphotos/RND/Case 028/test2.png,test2.png,Sunny Hemiphotos,RND,Case 028,,7.735,7.0,0.94,28,,
Simulations/Sunny Hemiphotos/RND/Case 028/test3.png,test3.png,Sunny Hemiphotos,RND,Case 028,,7.735,7.0,0.94,28,,
Simulations/Sunny Hemiphotos/RND/Case 028/test4.png,test4.png,Sunny Hemiphotos,RND,Case 028,,7.735,7.0,0.94,28,,
Simulations/Sunny Hemiphotos/RND/Case 028/test5.png,test5.png,Sunny Hemiphotos,RND,Case 028,,7.735,7.0,0.94,28,,
Simulations/Sunny Hemiphotos/RND/Case 028/test6.png,test6.png,Sunny Hemiphotos,RND,Case 028,,7.735,7.0,0.94,28,,
Simulations/Sunny Hemiphotos/RND/Case 028/test7.png,test7.png,Sunny Hemiphotos,RND,Case 028,,7.735,7.0,0.94,28,,
Simulations/Sunny Hemiphotos/RND/Case 028/test8.png,test8.png,Sunny Hemiphotos,RND,Case 028,,7.735,7.0,0.94,28,,
Simulations/Sunny Hemiphotos/RND/Case 028/test9.png,test9.png,Sunny Hemiphotos,RND,Case 028,,7.735,7.0,0.94,28,,
Simulations/Sunny Hemiphotos/RND/Case 029/test0.png,test0.png,Sunny Hemiphotos,RND,Case 029,,3.21,2.85,1.0,29,,
Simulations/Sunny Hemiphotos/RND/Case 029/test1.png,test1.png,Sunny Hemiphotos,RND,Case 029,,3.21,2.85,1.0,29,,
Simulations/Sunny Hemiphotos/RND/Case 029/test2.png,test2.png,Sunny Hemiphotos,RND,Case 029,,3.21,2.85,1.0,29,,
Simulations/Sunny Hemiphotos/RND/Case 029/test3.png,test3.png,Sunny Hemiphotos,RND,Case 029,,3.21,2.85,1.0,29,,
Simulations/Sunny Hemiphotos/RND/Case 029/test4.png,test4.png,Sunny Hemiphotos,RND,Case 029,,3.21,2.85,1.0,29,,
Simulations/Sunny Hemiphotos/RND/Case 029/test5.png,test5.png,Sunny Hemiphotos,RND,Case 029,,3.21,2.85,1.0,29,,
Simulations/Sunny Hemiphotos/RND/Case 029/test6.png,test6.png,Sunny Hemiphotos,RND,Case 029,,3.21,2.85,1.0,29,,
Simulations/Sunny Hemiphotos/RND/Case 029/test7.png,test7.png,Sunny Hemiphotos,RND,Case 029,,3.21,2.85,1.0,29,,
Simulations/Sunny Hemiphotos/RND/Case 029/test8.png,test8.png,Sunny Hemiphotos,RND,Case 029,,3.21,2.85,1.0,29,,
Simulations/Sunny Hemiphotos/RND/Case 029/test9.png,test9.png,Sunny Hemiphotos,RND,Case 029,,3.21,2.85,1.0,29,,
Simulations/Sunny Hemiphotos/RND/Case 030/test0.png,test0.png,Sunny Hemiphotos,RND,Case 030,,3.55,2.2,0.78,30,,
Simulations/Sunny Hemiphotos/RND/Case 030/test1.png,test1.png,Sunny Hemiphotos,RND,Case 030,,3.55,2.2,0.78,30,,
Simulations/Sunny Hemiphotos/RND/Case 030/test2.png,test2.png,Sunny Hemiphotos,RND,Case 030,,3.55,2.2,0.78,30,,
Simulations/Sunny Hemiphotos/RND/Case 030/test3.png,test3.png,Sunny Hemiphotos,RND,Case 030,,3.55,2.2,0.78,30,,
Simulations/Sunny Hemiphotos/RND/Case 030/test4.png,test4.png,Sunny Hemiphotos,RND,Case 030,,3.55,2.2,0.78,30,,
Simulations/Sunny Hemiphotos/RND/Case 030/test5.png,test5.png,Sunny Hemiphotos,RND,Case 030,,3.55,2.2,0.78,30,,
Simulations/Sunny Hemiphotos/RND/Case 030/test6.png,test6.png,Sunny Hemiphotos,RND,Case 030,,3.55,2.2,0.78,30,,
Simulations/Sunny Hemiphotos/RND/Case 030/test7.png,test7.png,Sunny Hemiphotos,RND,Case 030,,3.55,2.2,0.78,30,,
Simulations/Sunny Hemiphotos/RND/Case 030/test8.png,test8.png,Sunny Hemiphotos,RND,Case 030,,3.55,2.2,0.78,30,,
Simulations/Sunny Hemiphotos/RND/Case 030/test9.png,test9.png,Sunny Hemiphotos,RND,Case 030,,3.55,2.2,0.78,30,,
Simulations/DHP - RND - 4000x4000/DHP - RND - 4000x4000/Case 075/Plot04/test40.png,test40.png,DHP - RND - 4000x4000,RND,Case 075,Plot04,2.6,2.6,1.0,75,,
Simulations/DHP - RND - 4000x4000/DHP - RND - 4000x4000/Case 075/Plot04/test41.png,test41.png,DHP - RND - 4000x4000,RND,Case 075,Plot04,2.6,2.6,1.0,75,,
Simulations/DHP - RND - 4000x4000/DHP - RND - 4000x4000/Case 075/Plot04/test42.png,test42.png,DHP - RND - 4000x4000,RND,Case 075,Plot04,2.6,2.6,1.0,75,,
Simulations/DHP - RND - 4000x4000/DHP - RND - 4000x4000/Case 075/Plot04/test43.png,test43.png,DHP - RND - 4000x4000,RND,Case 075,Plot04,2.6,2.6,1.0,75,,
Simulations/DHP - RND - 4000x4000/DHP - RND - 4000x4000/Case 075/Plot04/test44.png,test44.png,DHP - RND - 4000x4000,RND,Case 075,Plot04,2.6,2.6,1.0,75,,
Simulations/DHP - RND - 4000x4000/DHP - RND - 4000x4000/Case 075/Plot04/test45.png,test45.png,DHP - RND - 4000x4000,RND,Case 075,Plot04,2.6,2.6,1.0,75,,
Simulations/DHP - RND - 4000x4000/DHP - RND - 4000x4000/Case 075/Plot04/test46.png,test46.png,DHP - RND - 4000x4000,RND,Case 075,Plot04,2.6,2.6,1.0,75,,
Simulations/DHP - RND - 4000x4000/DHP - RND - 4000x4000/Case 075/Plot04/test47.png,test47.png,DHP - RND - 4000x4000,RND,Case 075,Plot04,2.6,2.6,1.0,75,,
Simulations/DHP - RND - 4000x4000/DHP - RND - 4000x4000/Case 075/Plot04/test48.png,test48.png,DHP - RND - 4000x4000,RND,Case 075,Plot04,2.6,2.6,1.0,75,,
Simulations/DHP - RND - 4000x4000/DHP - RND - 4000x4000/Case 075/Plot04/test49.png,test49.png,DHP - RND - 4000x4000,RND,Case 075,Plot04,2.6,2.6,1.0,75,,
Simulations/DHP - RND - 4000x4000/DHP - RND - 4000x4000/Case 074/Plot04/test40.png,test40.png,DHP - RND - 4000x4000,RND,Case 074,Plot04,4.03,4.0,1.0,74,,
Simulations/DHP - RND - 4000x4000/DHP - RND - 4000x4000/Case 074/Plot04/test41.png,test41.png,DHP - RND - 4000x4000,RND,Case 074,Plot04,4.03,4.0,1.0,74,,
Simulations/DHP - RND - 4000x4000/DHP - RND - 4000x4000/Case 074/Plot04/test42.png,test42.png,DHP - RND - 4000x4000,RND,Case 074,Plot04,4.03,4.0,1.0,74,,
Simulations/DHP - RND - 4000x4000/DHP - RND - 4000x4000/Case 074/Plot04/test43.png,test43.png,DHP - RND - 4000x4000,RND,Case 074,Plot04,4.03,4.0,1.0,74,,
Simulations/DHP - RND - 4000x4000/DHP - RND - 4000x4000/Case 074/Plot04/test44.png,test44.png,DHP - RND - 4000x4000,RND,Case 074,Plot04,4.03,4.0,1.0,74,,
Simulations/DHP - RND - 4000x4000/DHP - RND - 4000x4000/Case 074/Plot04/test45.png,test45.png,DHP - RND - 4000x4000,RND,Case 074,Plot04,4.03,4.0,1.0,74,,
Simulations/DHP - RND - 4000x4000/DHP - RND - 4000x4000/Case 074/Plot04/test46.png,test46.png,DHP - RND - 4000x4000,RND,Case 074,Plot04,4.03,4.0,1.0,74,,
Simulations/DHP - RND - 4000x4000/DHP - RND - 4000x4000/Case 074/Plot04/test47.png,test47.png,DHP - RND - 4000x4000,RND,Case 074,Plot04,4.03,4.0,1.0,74,,
Simulations/DHP - RND - 4000x4000/DHP - RND - 4000x4000/Case 074/Plot04/test48.png,test48.png,DHP - RND - 4000x4000,RND,Case 074,Plot04,4.03,4.0,1.0,74,,
Simulations/DHP - RND - 4000x4000/DHP - RND - 4000x4000/Case 074/Plot04/test49.png,test49.png,DHP - RND - 4000x4000,RND,Case 074,Plot04,4.03,4.0,1.0,74,,
Simulations/DHP - RND - 4000x4000/DHP - RND - 4000x4000/Case 073/Plot04/test40.png,test40.png,DHP - RND - 4000x4000,RND,Case 073,Plot04,1.3,1.25,1.0,73,,
Simulations/DHP - RND - 4000x4000/DHP - RND - 4000x4000/Case 073/Plot04/test41.png,test41.png,DHP - RND - 4000x4000,RND,Case 073,Plot04,1.3,1.25,1.0,73,,
Simulations/DHP - RND - 4000x4000/DHP - RND - 4000x4000/Case 073/Plot04/test42.png,test42.png,DHP - RND - 4000x4000,RND,Case 073,Plot04,1.3,1.25,1.0,73,,
Simulations/DHP - RND - 4000x4000/DHP - RND - 4000x4000/Case 073/Plot04/test43.png,test43.png,DHP - RND - 4000x4000,RND,Case 073,Plot04,1.3,1.25,1.0,73,,
Simulations/DHP - RND - 4000x4000/DHP - RND - 4000x4000/Case 073/Plot04/test44.png,test44.png,DHP - RND - 4000x4000,RND,Case 073,Plot04,1.3,1.25,1.0,73,,
Simulations/DHP - RND - 4000x4000/DHP - RND - 4000x4000/Case 073/Plot04/test45.png,test45.png,DHP - RND - 4000x4000,RND,Case 073,Plot04,1.3,1.25,1.0,73,,
Simulations/DHP - RND - 4000x4000/DHP - RND - 4000x4000/Case 073/Plot04/test46.png,test46.png,DHP - RND - 4000x4000,RND,Case 073,Plot04,1.3,1.25,1.0,73,,
Simulations/DHP - RND - 4000x4000/DHP - RND - 4000x4000/Case 073/Plot04/test47.png,test47.png,DHP - RND - 4000x4000,RND,Case 073,Plot04,1.3,1.25,1.0,73,,
Simulations/DHP - RND - 4000x4000/DHP - RND - 4000x4000/Case 073/Plot04/test48.png,test48.png,DHP - RND - 4000x4000,RND,Case 073,Plot04,1.3,1.25,1.0,73,,
Simulations/DHP - RND - 4000x4000/DHP - RND - 4000x4000/Case 073/Plot04/test49.png,test49.png,DHP - RND - 4000x4000,RND,Case 073,Plot04,1.3,1.25,1.0,73,,
Simulations/DHP - RND - 4000x4000/DHP - RND - 4000x4000/Case 072/Plot04/test40.png,test40.png,DHP - RND - 4000x4000,RND,Case 072,Plot04,2.03,2.0,1.0,72,,
Simulations/DHP - RND - 4000x4000/DHP - RND - 4000x4000/Case 072/Plot04/test41.png,test41.png,DHP - RND - 4000x4000,RND,Case 072,Plot04,2.03,2.0,1.0,72,,
Simulations/DHP - RND - 4000x4000/DHP - RND - 4000x4000/Case 072/Plot04/test42.png,test42.png,DHP - RND - 4000x4000,RND,Case 072,Plot04,2.03,2.0,1.0,72,,
Simulations/DHP - RND - 4000x4000/DHP - RND - 4000x4000/Case 072/Plot04/test43.png,test43.png,DHP - RND - 4000x4000,RND,Case 072,Plot04,2.03,2.0,1.0,72,,
Simulations/DHP - RND - 4000x4000/DHP - RND - 4000x4000/Case 072/Plot04/test44.png,test44.png,DHP - RND - 4000x4000,RND,Case 072,Plot04,2.03,2.0,1.0,72,,
Simulations/DHP - RND - 4000x4000/DHP - RND - 4000x4000/Case 072/Plot04/test45.png,test45.png,DHP - RND - 4000x4000,RND,Case 072,Plot04,2.03,2.0,1.0,72,,
Simulations/DHP - RND - 4000x4000/DHP - RND - 4000x4000/Case 072/Plot04/test46.png,test46.png,DHP - RND - 4000x4000,RND,Case 072,Plot04,2.03,2.0,1.0,72,,
Simulations/DHP - RND - 4000x4000/DHP - RND - 4000x4000/Case 072/Plot04/test47.png,test47.png,DHP - RND - 4000x4000,RND,Case 072,Plot04,2.03,2.0,1.0,72,,
Simulations/DHP - RND - 4000x4000/DHP - RND - 4000x4000/Case 072/Plot04/test48.png,test48.png,DHP - RND - 4000x4000,RND,Case 072,Plot04,2.03,2.0,1.0,72,,
Simulations/DHP - RND - 4000x4000/DHP - RND - 4000x4000/Case 072/Plot04/test49.png,test49.png,DHP - RND - 4000x4000,RND,Case 072,Plot04,2.03,2.0,1.0,72,,
Simulations/DHP - RND - 4000x4000/DHP - RND - 4000x4000/Case 071/Plot04/test40.png,test40.png,DHP - RND - 4000x4000,RND,Case 071,Plot04,2.38,2.25,1.0,71,,
Simulations/DHP - RND - 4000x4000/DHP - RND - 4000x4000/Case 071/Plot04/test41.png,test41.png,DHP - RND - 4000x4000,RND,Case 071,Plot04,2.38,2.25,1.0,71,,
Simulations/DHP - RND - 4000x4000/DHP - RND - 4000x4000/Case 071/Plot04/test42.png,test42.png,DHP - RND - 4000x4000,RND,Case 071,Plot04,2.38,2.25,1.0,71,,
Simulations/DHP - RND - 4000x4000/DHP - RND - 4000x4000/Case 071/Plot04/test43.png,test43.png,DHP - RND - 4000x4000,RND,Case 071,Plot04,2.38,2.25,1.0,71,,
Simulations/DHP - RND - 4000x4000/DHP - RND - 4000x4000/Case 071/Plot04/test44.png,test44.png,DHP - RND - 4000x4000,RND,Case 071,Plot04,2.38,2.25,1.0,71,,
Simulations/DHP - RND - 4000x4000/DHP - RND - 4000x4000/Case 071/Plot04/test45.png,test45.png,DHP - RND - 4000x4000,RND,Case 071,Plot04,2.38,2.25,1.0,71,,
Simulations/DHP - RND - 4000x4000/DHP - RND - 4000x4000/Case 071/Plot04/test46.png,test46.png,DHP - RND - 4000x4000,RND,Case 071,Plot04,2.38,2.25,1.0,71,,
Simulations/DHP - RND - 4000x4000/DHP - RND - 4000x4000/Case 071/Plot04/test47.png,test47.png,DHP - RND - 4000x4000,RND,Case 071,Plot04,2.38,2.25,1.0,71,,
Simulations/DHP - RND - 4000x4000/DHP - RND - 4000x4000/Case 071/Plot04/test48.png,test48.png,DHP - RND - 4000x4000,RND,Case 071,Plot04,2.38,2.25,1.0,71,,
Simulations/DHP - RND - 4000x4000/DHP - RND - 4000x4000/Case 071/Plot04/test49.png,test49.png,DHP - RND - 4000x4000,RND,Case 071,Plot04,2.38,2.25,1.0,71,,
Simulations/DHP - RND - 4000x4000/DHP - RND - 4000x4000/Case 070/Plot04/test40.png,test40.png,DHP - RND - 4000x4000,RND,Case 070,Plot04,3.61,3.5,1.0,70,,
Simulations/DHP - RND - 4000x4000/DHP - RND - 4000x4000/Case 070/Plot04/test41.png,test41.png,DHP - RND - 4000x4000,RND,Case 070,Plot04,3.61,3.5,1.0,70,,
Simulations/DHP - RND - 4000x4000/DHP - RND - 4000x4000/Case 070/Plot04/test42.png,test42.png,DHP - RND - 4000x4000,RND,Case 070,Plot04,3.61,3.5,1.0,70,,
Simulations/DHP - RND - 4000x4000/DHP - RND - 4000x4000/Case 070/Plot04/test43.png,test43.png,DHP - RND - 4000x4000,RND,Case 070,Plot04,3.61,3.5,1.0,70,,
Simulations/DHP - RND - 4000x4000/DHP - RND - 4000x4000/Case 070/Plot04/test44.png,test44.png,DHP - RND - 4000x4000,RND,Case 070,Plot04,3.61,3.5,1.0,70,,
Simulations/DHP - RND - 4000x4000/DHP - RND - 4000x4000/Case 070/Plot04/test45.png,test45.png,DHP - RND - 4000x4000,RND,Case 070,Plot04,3.61,3.5,1.0,70,,
Simulations/DHP - RND - 4000x4000/DHP - RND - 4000x4000/Case 070/Plot04/test46.png,test46.png,DHP - RND - 4000x4000,RND,Case 070,Plot04,3.61,3.5,1.0,70,,
Simulations/DHP - RND - 4000x4000/DHP - RND - 4000x4000/Case 070/Plot04/test47.png,test47.png,DHP - RND - 4000x4000,RND,Case 070,Plot04,3.61,3.5,1.0,70,,
Simulations/DHP - RND - 4000x4000/DHP - RND - 4000x4000/Case 070/Plot04/test48.png,test48.png,DHP - RND - 4000x4000,RND,Case 070,Plot04,3.61,3.5,1.0,70,,
Simulations/DHP - RND - 4000x4000/DHP - RND - 4000x4000/Case 070/Plot04/test49.png,test49.png,DHP - RND - 4000x4000,RND,Case 070,Plot04,3.61,3.5,1.0,70,,
Simulations/DHP - RND - 4000x4000/DHP - RND - 4000x4000/Case 069/Plot04/test40.png,test40.png,DHP - RND - 4000x4000,RND,Case 069,Plot04,4.33,4.2,1.0,69,,
Simulations/DHP - RND - 4000x4000/DHP - RND - 4000x4000/Case 069/Plot04/test41.png,test41.png,DHP - RND - 4000x4000,RND,Case 069,Plot04,4.33,4.2,1.0,69,,
Simulations/DHP - RND - 4000x4000/DHP - RND - 4000x4000/Case 069/Plot04/test42.png,test42.png,DHP - RND - 4000x4000,RND,Case 069,Plot04,4.33,4.2,1.0,69,,
Simulations/DHP - RND - 4000x4000/DHP - RND - 4000x4000/Case 069/Plot04/test43.png,test43.png,DHP - RND - 4000x4000,RND,Case 069,Plot04,4.33,4.2,1.0,69,,
Simulations/DHP - RND - 4000x4000/DHP - RND - 4000x4000/Case 069/Plot04/test44.png,test44.png,DHP - RND - 4000x4000,RND,Case 069,Plot04,4.33,4.2,1.0,69,,
Simulations/DHP - RND - 4000x4000/DHP - RND - 4000x4000/Case 069/Plot04/test45.png,test45.png,DHP - RND - 4000x4000,RND,Case 069,Plot04,4.33,4.2,1.0,69,,
Simulations/DHP - RND - 4000x4000/DHP - RND - 4000x4000/Case 069/Plot04/test46.png,test46.png,DHP - RND - 4000x4000,RND,Case 069,Plot04,4.33,4.2,1.0,69,,
Simulations/DHP - RND - 4000x4000/DHP - RND - 4000x4000/Case 069/Plot04/test47.png,test47.png,DHP - RND - 4000x4000,RND,Case 069,Plot04,4.33,4.2,1.0,69,,
Simulations/DHP - RND - 4000x4000/DHP - RND - 4000x4000/Case 069/Plot04/test48.png,test48.png,DHP - RND - 4000x4000,RND,Case 069,Plot04,4.33,4.2,1.0,69,,
Simulations/DHP - RND - 4000x4000/DHP - RND - 4000x4000/Case 069/Plot04/test49.png,test49.png,DHP - RND - 4000x4000,RND,Case 069,Plot04,4.33,4.2,1.0,69,,
Simulations/DHP - RND - 4000x4000/DHP - RND - 4000x4000/Case 068/Plot04/test40.png,test40.png,DHP - RND - 4000x4000,RND,Case 068,Plot04,4.99,4.9,1.0,68,,
Simulations/DHP - RND - 4000x4000/DHP - RND - 4000x4000/Case 068/Plot04/test41.png,test41.png,DHP - RND - 4000x4000,RND,Case 068,Plot04,4.99,4.9,1.0,68,,
Simulations/DHP - RND - 4000x4000/DHP - RND - 4000x4000/Case 068/Plot04/test42.png,test42.png,DHP - RND - 4000x4000,RND,Case 068,Plot04,4.99,4.9,1.0,68,,
Simulations/DHP - RND - 4000x4000/DHP - RND - 4000x4000/Case 068/Plot04/test43.png,test43.png,DHP - RND - 4000x4000,RND,Case 068,Plot04,4.99,4.9,1.0,68,,
Simulations/DHP - RND - 4000x4000/DHP - RND - 4000x4000/Case 068/Plot04/test44.png,test44.png,DHP - RND - 4000x4000,RND,Case 068,Plot04,4.99,4.9,1.0,68,,
Simulations/DHP - RND - 4000x4000/DHP - RND - 4000x4000/Case 068/Plot04/test45.png,test45.png,DHP - RND - 4000x4000,RND,Case 068,Plot04,4.99,4.9,1.0,68,,
Simulations/DHP - RND - 4000x4000/DHP - RND - 4000x4000/Case 068/Plot04/test46.png,test46.png,DHP - RND - 4000x4000,RND,Case 068,Plot04,4.99,4.9,1.0,68,,
Simulations/DHP - RND - 4000x4000/DHP - RND - 4000x4000/Case 068/Plot04/test47.png,test47.png,DHP - RND - 4000x4000,RND,Case 068,Plot04,4.99,4.9,1.0,68,,
Simulations/DHP - RND - 4000x4000/DHP - RND - 4000x4000/Case 068/Plot04/test48.png,test48.png,DHP - RND - 4000x4000,RND,Case 068,Plot04,4.99,4.9,1.0,68,,
Simulations/DHP - RND - 4000x4000/DHP - RND - 4000x4000/Case 068/Plot04/test49.png,test49.png,DHP - RND - 4000x4000,RND,Case 068,Plot04,4.99,4.9,1.0,68,,
Simulations/DHP - RND - 4000x4000/DHP - RND - 4000x4000/Case 067/Plot04/test40.png,test40.png,DHP - RND - 4000x4000,RND,Case 067,Plot04,4.38,4.3,1.0,67,,
Simulations/DHP - RND - 4000x4000/DHP - RND - 4000x4000/Case 067/Plot04/test41.png,test41.png,DHP - RND - 4000x4000,RND,Case 067,Plot04,4.38,4.3,1.0,67,,
Simulations/DHP - RND - 4000x4000/DHP - RND - 4000x4000/Case 067/Plot04/test42.png,test42.png,DHP - RND - 4000x4000,RND,Case 067,Plot04,4.38,4.3,1.0,67,,
Simulations/DHP - RND - 4000x4000/DHP - RND - 4000x4000/Case 067/Plot04/test43.png,test43.png,DHP - RND - 4000x4000,RND,Case 067,Plot04,4.38,4.3,1.0,67,,
Simulations/DHP - RND - 4000x4000/DHP - RND - 4000x4000/Case 067/Plot04/test44.png,test44.png,DHP - RND - 4000x4000,RND,Case 067,Plot04,4.38,4.3,1.0,67,,
Simulations/DHP - RND - 4000x4000/DHP - RND - 4000x4000/Case 067/Plot04/test45.png,test45.png,DHP - RND - 4000x4000,RND,Case 067,Plot04,4.38,4.3,1.0,67,,
Simulations/DHP - RND - 4000x4000/DHP - RND - 4000x4000/Case 067/Plot04/test46.png,test46.png,DHP - RND - 4000x4000,RND,Case 067,Plot04,4.38,4.3,1.0,67,,
Simulations/DHP - RND - 4000x4000/DHP - RND - 4000x4000/Case 067/Plot04/test47.png,test47.png,DHP - RND - 4000x4000,RND,Case 067,Plot04,4.38,4.3,1.0,67,,
Simulations/DHP - RND - 4000x4000/DHP - RND - 4000x4000/Case 067/Plot04/test48.png,test48.png,DHP - RND - 4000x4000,RND,Case 067,Plot04,4.38,4.3,1.0,67,,
Simulations/DHP - RND - 4000x4000/DHP - RND - 4000x4000/Case 067/Plot04/test49.png,test49.png,DHP - RND - 4000x4000,RND,Case 067,Plot04,4.38,4.3,1.0,67,,
Simulations/DHP - RND - 4000x4000/DHP - RND - 4000x4000/Case 066/Plot04/test40.png,test40.png,DHP - RND - 4000x4000,RND,Case 066,Plot04,3.88,3.8,1.0,66,,
Simulations/DHP - RND - 4000x4000/DHP - RND - 4000x4000/Case 066/Plot04/test41.png,test41.png,DHP - RND - 4000x4000,RND,Case 066,Plot04,3.88,3.8,1.0,66,,
Simulations/DHP - RND - 4000x4000/DHP - RND - 4000x4000/Case 066/Plot04/test42.png,test42.png,DHP - RND - 4000x4000,RND,Case 066,Plot04,3.88,3.8,1.0,66,,
Simulations/DHP - RND - 4000x4000/DHP - RND - 4000x4000/Case 066/Plot04/test43.png,test43.png,DHP - RND - 4000x4000,RND,Case 066,Plot04,3.88,3.8,1.0,66,,
Simulations/DHP - RND - 4000x4000/DHP - RND - 4000x4000/Case 066/Plot04/test44.png,test44.png,DHP - RND - 4000x4000,RND,Case 066,Plot04,3.88,3.8,1.0,66,,
Simulations/DHP - RND - 4000x4000/DHP - RND - 4000x4000/Case 066/Plot04/test45.png,test45.png,DHP - RND - 4000x4000,RND,Case 066,Plot04,3.88,3.8,1.0,66,,
Simulations/DHP - RND - 4000x4000/DHP - RND - 4000x4000/Case 066/Plot04/test46.png,test46.png,DHP - RND - 4000x4000,RND,Case 066,Plot04,3.88,3.8,1.0,66,,
Simulations/DHP - RND - 4000x4000/DHP - RND - 4000x4000/Case 066/Plot04/test47.png,test47.png,DHP - RND - 4000x4000,RND,Case 066,Plot04,3.88,3.8,1.0,66,,
Simulations/DHP - RND - 4000x4000/DHP - RND - 4000x4000/Case 066/Plot04/test48.png,test48.png,DHP - RND - 4000x4000,RND,Case 066,Plot04,3.88,3.8,1.0,66,,
Simulations/DHP - RND - 4000x4000/DHP - RND - 4000x4000/Case 066/Plot04/test49.png,test49.png,DHP - RND - 4000x4000,RND,Case 066,Plot04,3.88,3.8,1.0,66,,
Simulations/DHP - RND - 4000x4000/DHP - RND - 4000x4000/Case 065/Plot04/test40.png,test40.png,DHP - RND - 4000x4000,RND,Case 065,Plot04,6.78,6.7,1.0,65,,
Simulations/DHP - RND - 4000x4000/DHP - RND - 4000x4000/Case 065/Plot04/test41.png,test41.png,DHP - RND - 4000x4000,RND,Case 065,Plot04,6.78,6.7,1.0,65,,
Simulations/DHP - RND - 4000x4000/DHP - RND - 4000x4000/Case 065/Plot04/test42.png,test42.png,DHP - RND - 4000x4000,RND,Case 065,Plot04,6.78,6.7,1.0,65,,
Simulations/DHP - RND - 4000x4000/DHP - RND - 4000x4000/Case 065/Plot04/test43.png,test43.png,DHP - RND - 4000x4000,RND,Case 065,Plot04,6.78,6.7,1.0,65,,
Simulations/DHP - RND - 4000x4000/DHP - RND - 4000x4000/Case 065/Plot04/test44.png,test44.png,DHP - RND - 4000x4000,RND,Case 065,Plot04,6.78,6.7,1.0,65,,
Simulations/DHP - RND - 4000x4000/DHP - RND - 4000x4000/Case 065/Plot04/test45.png,test45.png,DHP - RND - 4000x4000,RND,Case 065,Plot04,6.78,6.7,1.0,65,,
Simulations/DHP - RND - 4000x4000/DHP - RND - 4000x4000/Case 065/Plot04/test46.png,test46.png,DHP - RND - 4000x4000,RND,Case 065,Plot04,6.78,6.7,1.0,65,,
Simulations/DHP - RND - 4000x4000/DHP - RND - 4000x4000/Case 065/Plot04/test47.png,test47.png,DHP - RND - 4000x4000,RND,Case 065,Plot04,6.78,6.7,1.0,65,,
Simulations/DHP - RND - 4000x4000/DHP - RND - 4000x4000/Case 065/Plot04/test48.png,test48.png,DHP - RND - 4000x4000,RND,Case 065,Plot04,6.78,6.7,1.0,65,,
Simulations/DHP - RND - 4000x4000/DHP - RND - 4000x4000/Case 065/Plot04/test49.png,test49.png,DHP - RND - 4000x4000,RND,Case 065,Plot04,6.78,6.7,1.0,65,,
Simulations/DHP - RND - 4000x4000/DHP - RND - 4000x4000/Case 064/Plot04/test40.png,test40.png,DHP - RND - 4000x4000,RND,Case 064,Plot04,0.92,0.9,1.0,64,,
Simulations/DHP - RND - 4000x4000/DHP - RND - 4000x4000/Case 064/Plot04/test41.png,test41.png,DHP - RND - 4000x4000,RND,Case 064,Plot04,0.92,0.9,1.0,64,,
Simulations/DHP - RND - 4000x4000/DHP - RND - 4000x4000/Case 064/Plot04/test42.png,test42.png,DHP - RND - 4000x4000,RND,Case 064,Plot04,0.92,0.9,1.0,64,,
Simulations/DHP - RND - 4000x4000/DHP - RND - 4000x4000/Case 064/Plot04/test43.png,test43.png,DHP - RND - 4000x4000,RND,Case 064,Plot04,0.92,0.9,1.0,64,,
Simulations/DHP - RND - 4000x4000/DHP - RND - 4000x4000/Case 064/Plot04/test44.png,test44.png,DHP - RND - 4000x4000,RND,Case 064,Plot04,0.92,0.9,1.0,64,,
Simulations/DHP - RND - 4000x4000/DHP - RND - 4000x4000/Case 064/Plot04/test45.png,test45.png,DHP - RND - 4000x4000,RND,Case 064,Plot04,0.92,0.9,1.0,64,,
Simulations/DHP - RND - 4000x4000/DHP - RND - 4000x4000/Case 064/Plot04/test46.png,test46.png,DHP - RND - 4000x4000,RND,Case 064,Plot04,0.92,0.9,1.0,64,,
Simulations/DHP - RND - 4000x4000/DHP - RND - 4000x4000/Case 064/Plot04/test47.png,test47.png,DHP - RND - 4000x4000,RND,Case 064,Plot04,0.92,0.9,1.0,64,,
Simulations/DHP - RND - 4000x4000/DHP - RND - 4000x4000/Case 064/Plot04/test48.png,test48.png,DHP - RND - 4000x4000,RND,Case 064,Plot04,0.92,0.9,1.0,64,,
Simulations/DHP - RND - 4000x4000/DHP - RND - 4000x4000/Case 064/Plot04/test49.png,test49.png,DHP - RND - 4000x4000,RND,Case 064,Plot04,0.92,0.9,1.0,64,,
Simulations/DHP - RND - 4000x4000/DHP - RND - 4000x4000/Case 063/Plot04/test40.png,test40.png,DHP - RND - 4000x4000,RND,Case 063,Plot04,0.94,0.9,1.0,63,,
Simulations/DHP - RND - 4000x4000/DHP - RND - 4000x4000/Case 063/Plot04/test41.png,test41.png,DHP - RND - 4000x4000,RND,Case 063,Plot04,0.94,0.9,1.0,63,,
Simulations/DHP - RND - 4000x4000/DHP - RND - 4000x4000/Case 063/Plot04/test42.png,test42.png,DHP - RND - 4000x4000,RND,Case 063,Plot04,0.94,0.9,1.0,63,,
Simulations/DHP - RND - 4000x4000/DHP - RND - 4000x4000/Case 063/Plot04/test43.png,test43.png,DHP - RND - 4000x4000,RND,Case 063,Plot04,0.94,0.9,1.0,63,,
Simulations/DHP - RND - 4000x4000/DHP - RND - 4000x4000/Case 063/Plot04/test44.png,test44.png,DHP - RND - 4000x4000,RND,Case 063,Plot04,0.94,0.9,1.0,63,,
Simulations/DHP - RND - 4000x4000/DHP - RND - 4000x4000/Case 063/Plot04/test45.png,test45.png,DHP - RND - 4000x4000,RND,Case 063,Plot04,0.94,0.9,1.0,63,,
Simulations/DHP - RND - 4000x4000/DHP - RND - 4000x4000/Case 063/Plot04/test46.png,test46.png,DHP - RND - 4000x4000,RND,Case 063,Plot04,0.94,0.9,1.0,63,,
Simulations/DHP - RND - 4000x4000/DHP - RND - 4000x4000/Case 063/Plot04/test47.png,test47.png,DHP - RND - 4000x4000,RND,Case 063,Plot04,0.94,0.9,1.0,63,,
Simulations/DHP - RND - 4000x4000/DHP - RND - 4000x4000/Case 063/Plot04/test48.png,test48.png,DHP - RND - 4000x4000,RND,Case 063,Plot04,0.94,0.9,1.0,63,,
Simulations/DHP - RND - 4000x4000/DHP - RND - 4000x4000/Case 063/Plot04/test49.png,test49.png,DHP - RND - 4000x4000,RND,Case 063,Plot04,0.94,0.9,1.0,63,,
Simulations/DHP - RND - 4000x4000/DHP - RND - 4000x4000/Case 062/Plot04/test40.png,test40.png,DHP - RND - 4000x4000,RND,Case 062,Plot04,5.78,5.1,1.0,62,,
Simulations/DHP - RND - 4000x4000/DHP - RND - 4000x4000/Case 062/Plot04/test41.png,test41.png,DHP - RND - 4000x4000,RND,Case 062,Plot04,5.78,5.1,1.0,62,,
Simulations/DHP - RND - 4000x4000/DHP - RND - 4000x4000/Case 062/Plot04/test42.png,test42.png,DHP - RND - 4000x4000,RND,Case 062,Plot04,5.78,5.1,1.0,62,,
Simulations/DHP - RND - 4000x4000/DHP - RND - 4000x4000/Case 062/Plot04/test43.png,test43.png,DHP - RND - 4000x4000,RND,Case 062,Plot04,5.78,5.1,1.0,62,,
Simulations/DHP - RND - 4000x4000/DHP - RND - 4000x4000/Case 062/Plot04/test44.png,test44.png,DHP - RND - 4000x4000,RND,Case 062,Plot04,5.78,5.1,1.0,62,,
Simulations/DHP - RND - 4000x4000/DHP - RND - 4000x4000/Case 062/Plot04/test45.png,test45.png,DHP - RND - 4000x4000,RND,Case 062,Plot04,5.78,5.1,1.0,62,,
Simulations/DHP - RND - 4000x4000/DHP - RND - 4000x4000/Case 062/Plot04/test46.png,test46.png,DHP - RND - 4000x4000,RND,Case 062,Plot04,5.78,5.1,1.0,62,,
Simulations/DHP - RND - 4000x4000/DHP - RND - 4000x4000/Case 062/Plot04/test47.png,test47.png,DHP - RND - 4000x4000,RND,Case 062,Plot04,5.78,5.1,1.0,62,,
Simulations/DHP - RND - 4000x4000/DHP - RND - 4000x4000/Case 062/Plot04/test48.png,test48.png,DHP - RND - 4000x4000,RND,Case 062,Plot04,5.78,5.1,1.0,62,,
Simulations/DHP - RND - 4000x4000/DHP - RND - 4000x4000/Case 062/Plot04/test49.png,test49.png,DHP - RND - 4000x4000,RND,Case 062,Plot04,5.78,5.1,1.0,62,,
Simulations/DHP - RND - 4000x4000/DHP - RND - 4000x4000/Case 061/Plot04/test40.png,test40.png,DHP - RND - 4000x4000,RND,Case 061,Plot04,3.87,3.3,1.0,61,,
Simulations/DHP - RND - 4000x4000/DHP - RND - 4000x4000/Case 061/Plot04/test41.png,test41.png,DHP - RND - 4000x4000,RND,Case 061,Plot04,3.87,3.3,1.0,61,,
Simulations/DHP - RND - 4000x4000/DHP - RND - 4000x4000/Case 061/Plot04/test42.png,test42.png,DHP - RND - 4000x4000,RND,Case 061,Plot04,3.87,3.3,1.0,61,,
Simulations/DHP - RND - 4000x4000/DHP - RND - 4000x4000/Case 061/Plot04/test43.png,test43.png,DHP - RND - 4000x4000,RND,Case 061,Plot04,3.87,3.3,1.0,61,,
Simulations/DHP - RND - 4000x4000/DHP - RND - 4000x4000/Case 061/Plot04/test44.png,test44.png,DHP - RND - 4000x4000,RND,Case 061,Plot04,3.87,3.3,1.0,61,,
Simulations/DHP - RND - 4000x4000/DHP - RND - 4000x4000/Case 061/Plot04/test45.png,test45.png,DHP - RND - 4000x4000,RND,Case 061,Plot04,3.87,3.3,1.0,61,,
Simulations/DHP - RND - 4000x4000/DHP - RND - 4000x4000/Case 061/Plot04/test46.png,test46.png,DHP - RND - 4000x4000,RND,Case 061,Plot04,3.87,3.3,1.0,61,,
Simulations/DHP - RND - 4000x4000/DHP - RND - 4000x4000/Case 061/Plot04/test47.png,test47.png,DHP - RND - 4000x4000,RND,Case 061,Plot04,3.87,3.3,1.0,61,,
Simulations/DHP - RND - 4000x4000/DHP - RND - 4000x4000/Case 061/Plot04/test48.png,test48.png,DHP - RND - 4000x4000,RND,Case 061,Plot04,3.87,3.3,1.0,61,,
Simulations/DHP - RND - 4000x4000/DHP - RND - 4000x4000/Case 061/Plot04/test49.png,test49.png,DHP - RND - 4000x4000,RND,Case 061,Plot04,3.87,3.3,1.0,61,,
Simulations/DHP - RND - 4000x4000/DHP - RND - 4000x4000/Case 060/Plot04/test40.png,test40.png,DHP - RND - 4000x4000,RND,Case 060,Plot04,3.91,3.2,1.0,60,,
Simulations/DHP - RND - 4000x4000/DHP - RND - 4000x4000/Case 060/Plot04/test41.png,test41.png,DHP - RND - 4000x4000,RND,Case 060,Plot04,3.91,3.2,1.0,60,,
Simulations/DHP - RND - 4000x4000/DHP - RND - 4000x4000/Case 060/Plot04/test42.png,test42.png,DHP - RND - 4000x4000,RND,Case 060,Plot04,3.91,3.2,1.0,60,,
Simulations/DHP - RND - 4000x4000/DHP - RND - 4000x4000/Case 060/Plot04/test43.png,test43.png,DHP - RND - 4000x4000,RND,Case 060,Plot04,3.91,3.2,1.0,60,,
Simulations/DHP - RND - 4000x4000/DHP - RND - 4000x4000/Case 060/Plot04/test44.png,test44.png,DHP - RND - 4000x4000,RND,Case 060,Plot04,3.91,3.2,1.0,60,,
Simulations/DHP - RND - 4000x4000/DHP - RND - 4000x4000/Case 060/Plot04/test45.png,test45.png,DHP - RND - 4000x4000,RND,Case 060,Plot04,3.91,3.2,1.0,60,,
Simulations/DHP - RND - 4000x4000/DHP - RND - 4000x4000/Case 060/Plot04/test46.png,test46.png,DHP - RND - 4000x4000,RND,Case 060,Plot04,3.91,3.2,1.0,60,,
Simulations/DHP - RND - 4000x4000/DHP - RND - 4000x4000/Case 060/Plot04/test47.png,test47.png,DHP - RND - 4000x4000,RND,Case 060,Plot04,3.91,3.2,1.0,60,,
Simulations/DHP - RND - 4000x4000/DHP - RND - 4000x4000/Case 060/Plot04/test48.png,test48.png,DHP - RND - 4000x4000,RND,Case 060,Plot04,3.91,3.2,1.0,60,,
Simulations/DHP - RND - 4000x4000/DHP - RND - 4000x4000/Case 060/Plot04/test49.png,test49.png,DHP - RND - 4000x4000,RND,Case 060,Plot04,3.91,3.2,1.0,60,,
Simulations/DHP - RND - 4000x4000/DHP - RND - 4000x4000/Case 059/Plot04/test40.png,test40.png,DHP - RND - 4000x4000,RND,Case 059,Plot04,1.99,1.4,1.0,59,,
Simulations/DHP - RND - 4000x4000/DHP - RND - 4000x4000/Case 059/Plot04/test41.png,test41.png,DHP - RND - 4000x4000,RND,Case 059,Plot04,1.99,1.4,1.0,59,,
Simulations/DHP - RND - 4000x4000/DHP - RND - 4000x4000/Case 059/Plot04/test42.png,test42.png,DHP - RND - 4000x4000,RND,Case 059,Plot04,1.99,1.4,1.0,59,,
Simulations/DHP - RND - 4000x4000/DHP - RND - 4000x4000/Case 059/Plot04/test43.png,test43.png,DHP - RND - 4000x4000,RND,Case 059,Plot04,1.99,1.4,1.0,59,,
Simulations/DHP - RND - 4000x4000/DHP - RND - 4000x4000/Case 059/Plot04/test44.png,test44.png,DHP - RND - 4000x4000,RND,Case 059,Plot04,1.99,1.4,1.0,59,,
Simulations/DHP - RND - 4000x4000/DHP - RND - 4000x4000/Case 059/Plot04/test45.png,test45.png,DHP - RND - 4000x4000,RND,Case 059,Plot04,1.99,1.4,1.0,59,,
Simulations/DHP - RND - 4000x4000/DHP - RND - 4000x4000/Case 059/Plot04/test46.png,test46.png,DHP - RND - 4000x4000,RND,Case 059,Plot04,1.99,1.4,1.0,59,,
Simulations/DHP - RND - 4000x4000/DHP - RND - 4000x4000/Case 059/Plot04/test47.png,test47.png,DHP - RND - 4000x4000,RND,Case 059,Plot04,1.99,1.4,1.0,59,,
Simulations/DHP - RND - 4000x4000/DHP - RND - 4000x4000/Case 059/Plot04/test48.png,test48.png,DHP - RND - 4000x4000,RND,Case 059,Plot04,1.99,1.4,1.0,59,,
Simulations/DHP - RND - 4000x4000/DHP - RND - 4000x4000/Case 059/Plot04/test49.png,test49.png,DHP - RND - 4000x4000,RND,Case 059,Plot04,1.99,1.4,1.0,59,,
Simulations/DHP - RND - 4000x4000/DHP - RND - 4000x4000/Case 058/Plot04/test40.png,test40.png,DHP - RND - 4000x4000,RND,Case 058,Plot04,1.93,1.4,1.0,58,,
Simulations/DHP - RND - 4000x4000/DHP - RND - 4000x4000/Case 058/Plot04/test41.png,test41.png,DHP - RND - 4000x4000,RND,Case 058,Plot04,1.93,1.4,1.0,58,,
Simulations/DHP - RND - 4000x4000/DHP - RND - 4000x4000/Case 058/Plot04/test42.png,test42.png,DHP - RND - 4000x4000,RND,Case 058,Plot04,1.93,1.4,1.0,58,,
Simulations/DHP - RND - 4000x4000/DHP - RND - 4000x4000/Case 058/Plot04/test43.png,test43.png,DHP - RND - 4000x4000,RND,Case 058,Plot04,1.93,1.4,1.0,58,,
Simulations/DHP - RND - 4000x4000/DHP - RND - 4000x4000/Case 058/Plot04/test44.png,test44.png,DHP - RND - 4000x4000,RND,Case 058,Plot04,1.93,1.4,1.0,58,,
Simulations/DHP - RND - 4000x4000/DHP - RND - 4000x4000/Case 058/Plot04/test45.png,test45.png,DHP - RND - 4000x4000,RND,Case 058,Plot04,1.93,1.4,1.0,58,,
Simulations/DHP - RND - 4000x4000/DHP - RND - 4000x4000/Case 058/Plot04/test46.png,test46.png,DHP - RND - 4000x4000,RND,Case 058,Plot04,1.93,1.4,1.0,58,,
Simulations/DHP - RND - 4000x4000/DHP - RND - 4000x4000/Case 058/Plot04/test47.png,test47.png,DHP - RND - 4000x4000,RND,Case 058,Plot04,1.93,1.4,1.0,58,,
Simulations/DHP - RND - 4000x4000/DHP - RND - 4000x4000/Case 058/Plot04/test48.png,test48.png,DHP - RND - 4000x4000,RND,Case 058,Plot04,1.93,1.4,1.0,58,,
Simulations/DHP - RND - 4000x4000/DHP - RND - 4000x4000/Case 058/Plot04/test49.png,test49.png,DHP - RND - 4000x4000,RND,Case 058,Plot04,1.93,1.4,1.0,58,,
Simulations/DHP - RND - 4000x4000/DHP - RND - 4000x4000/Case 057/Plot04/test40.png,test40.png,DHP - RND - 4000x4000,RND,Case 057,Plot04,1.98,1.5,1.0,57,,
Simulations/DHP - RND - 4000x4000/DHP - RND - 4000x4000/Case 057/Plot04/test41.png,test41.png,DHP - RND - 4000x4000,RND,Case 057,Plot04,1.98,1.5,1.0,57,,
Simulations/DHP - RND - 4000x4000/DHP - RND - 4000x4000/Case 057/Plot04/test42.png,test42.png,DHP - RND - 4000x4000,RND,Case 057,Plot04,1.98,1.5,1.0,57,,
Simulations/DHP - RND - 4000x4000/DHP - RND - 4000x4000/Case 057/Plot04/test43.png,test43.png,DHP - RND - 4000x4000,RND,Case 057,Plot04,1.98,1.5,1.0,57,,
Simulations/DHP - RND - 4000x4000/DHP - RND - 4000x4000/Case 057/Plot04/test44.png,test44.png,DHP - RND - 4000x4000,RND,Case 057,Plot04,1.98,1.5,1.0,57,,
Simulations/DHP - RND - 4000x4000/DHP - RND - 4000x4000/Case 057/Plot04/test45.png,test45.png,DHP - RND - 4000x4000,RND,Case 057,Plot04,1.98,1.5,1.0,57,,
Simulations/DHP - RND - 4000x4000/DHP - RND - 4000x4000/Case 057/Plot04/test46.png,test46.png,DHP - RND - 4000x4000,RND,Case 057,Plot04,1.98,1.5,1.0,57,,
Simulations/DHP - RND - 4000x4000/DHP - RND - 4000x4000/Case 057/Plot04/test47.png,test47.png,DHP - RND - 4000x4000,RND,Case 057,Plot04,1.98,1.5,1.0,57,,
Simulations/DHP - RND - 4000x4000/DHP - RND - 4000x4000/Case 057/Plot04/test48.png,test48.png,DHP - RND - 4000x4000,RND,Case 057,Plot04,1.98,1.5,1.0,57,,
Simulations/DHP - RND - 4000x4000/DHP - RND - 4000x4000/Case 057/Plot04/test49.png,test49.png,DHP - RND - 4000x4000,RND,Case 057,Plot04,1.98,1.5,1.0,57,,
Simulations/DHP - RND - 4000x4000/DHP - RND - 4000x4000/Case 056/Plot04/test40.png,test40.png,DHP - RND - 4000x4000,RND,Case 056,Plot04,2.07,1.5,1.0,56,,
Simulations/DHP - RND - 4000x4000/DHP - RND - 4000x4000/Case 056/Plot04/test41.png,test41.png,DHP - RND - 4000x4000,RND,Case 056,Plot04,2.07,1.5,1.0,56,,
Simulations/DHP - RND - 4000x4000/DHP - RND - 4000x4000/Case 056/Plot04/test42.png,test42.png,DHP - RND - 4000x4000,RND,Case 056,Plot04,2.07,1.5,1.0,56,,
Simulations/DHP - RND - 4000x4000/DHP - RND - 4000x4000/Case 056/Plot04/test43.png,test43.png,DHP - RND - 4000x4000,RND,Case 056,Plot04,2.07,1.5,1.0,56,,
Simulations/DHP - RND - 4000x4000/DHP - RND - 4000x4000/Case 056/Plot04/test44.png,test44.png,DHP - RND - 4000x4000,RND,Case 056,Plot04,2.07,1.5,1.0,56,,
Simulations/DHP - RND - 4000x4000/DHP - RND - 4000x4000/Case 056/Plot04/test45.png,test45.png,DHP - RND - 4000x4000,RND,Case 056,Plot04,2.07,1.5,1.0,56,,
Simulations/DHP - RND - 4000x4000/DHP - RND - 4000x4000/Case 056/Plot04/test46.png,test46.png,DHP - RND - 4000x4000,RND,Case 056,Plot04,2.07,1.5,1.0,56,,
Simulations/DHP - RND - 4000x4000/DHP - RND - 4000x4000/Case 056/Plot04/test47.png,test47.png,DHP - RND - 4000x4000,RND,Case 056,Plot04,2.07,1.5,1.0,56,,
Simulations/DHP - RND - 4000x4000/DHP - RND - 4000x4000/Case 056/Plot04/test48.png,test48.png,DHP - RND - 4000x4000,RND,Case 056,Plot04,2.07,1.5,1.0,56,,
Simulations/DHP - RND - 4000x4000/DHP - RND - 4000x4000/Case 056/Plot04/test49.png,test49.png,DHP - RND - 4000x4000,RND,Case 056,Plot04,2.07,1.5,1.0,56,,
Simulations/DHP - RND - 4000x4000/DHP - RND - 4000x4000/Case 055/Plot04/test40.png,test40.png,DHP - RND - 4000x4000,RND,Case 055,Plot04,3.99,3.4,1.0,55,,
Simulations/DHP - RND - 4000x4000/DHP - RND - 4000x4000/Case 055/Plot04/test41.png,test41.png,DHP - RND - 4000x4000,RND,Case 055,Plot04,3.99,3.4,1.0,55,,
Simulations/DHP - RND - 4000x4000/DHP - RND - 4000x4000/Case 055/Plot04/test42.png,test42.png,DHP - RND - 4000x4000,RND,Case 055,Plot04,3.99,3.4,1.0,55,,
Simulations/DHP - RND - 4000x4000/DHP - RND - 4000x4000/Case 055/Plot04/test43.png,test43.png,DHP - RND - 4000x4000,RND,Case 055,Plot04,3.99,3.4,1.0,55,,
Simulations/DHP - RND - 4000x4000/DHP - RND - 4000x4000/Case 055/Plot04/test44.png,test44.png,DHP - RND - 4000x4000,RND,Case 055,Plot04,3.99,3.4,1.0,55,,
Simulations/DHP - RND - 4000x4000/DHP - RND - 4000x4000/Case 055/Plot04/test45.png,test45.png,DHP - RND - 4000x4000,RND,Case 055,Plot04,3.99,3.4,1.0,55,,
Simulations/DHP - RND - 4000x4000/DHP - RND - 4000x4000/Case 055/Plot04/test46.png,test46.png,DHP - RND - 4000x4000,RND,Case 055,Plot04,3.99,3.4,1.0,55,,
Simulations/DHP - RND - 4000x4000/DHP - RND - 4000x4000/Case 055/Plot04/test47.png,test47.png,DHP - RND - 4000x4000,RND,Case 055,Plot04,3.99,3.4,1.0,55,,
Simulations/DHP - RND - 4000x4000/DHP - RND - 4000x4000/Case 055/Plot04/test48.png,test48.png,DHP - RND - 4000x4000,RND,Case 055,Plot04,3.99,3.4,1.0,55,,
Simulations/DHP - RND - 4000x4000/DHP - RND - 4000x4000/Case 055/Plot04/test49.png,test49.png,DHP - RND - 4000x4000,RND,Case 055,Plot04,3.99,3.4,1.0,55,,
Simulations/DHP - RND - 4000x4000/DHP - RND - 4000x4000/Case 054/Plot04/test40.png,test40.png,DHP - RND - 4000x4000,RND,Case 054,Plot04,5.44,4.75,1.0,54,,
Simulations/DHP - RND - 4000x4000/DHP - RND - 4000x4000/Case 054/Plot04/test41.png,test41.png,DHP - RND - 4000x4000,RND,Case 054,Plot04,5.44,4.75,1.0,54,,
Simulations/DHP - RND - 4000x4000/DHP - RND - 4000x4000/Case 054/Plot04/test42.png,test42.png,DHP - RND - 4000x4000,RND,Case 054,Plot04,5.44,4.75,1.0,54,,
Simulations/DHP - RND - 4000x4000/DHP - RND - 4000x4000/Case 054/Plot04/test43.png,test43.png,DHP - RND - 4000x4000,RND,Case 054,Plot04,5.44,4.75,1.0,54,,
Simulations/DHP - RND - 4000x4000/DHP - RND - 4000x4000/Case 054/Plot04/test44.png,test44.png,DHP - RND - 4000x4000,RND,Case 054,Plot04,5.44,4.75,1.0,54,,
Simulations/DHP - RND - 4000x4000/DHP - RND - 4000x4000/Case 054/Plot04/test45.png,test45.png,DHP - RND - 4000x4000,RND,Case 054,Plot04,5.44,4.75,1.0,54,,
Simulations/DHP - RND - 4000x4000/DHP - RND - 4000x4000/Case 054/Plot04/test46.png,test46.png,DHP - RND - 4000x4000,RND,Case 054,Plot04,5.44,4.75,1.0,54,,
Simulations/DHP - RND - 4000x4000/DHP - RND - 4000x4000/Case 054/Plot04/test47.png,test47.png,DHP - RND - 4000x4000,RND,Case 054,Plot04,5.44,4.75,1.0,54,,
Simulations/DHP - RND - 4000x4000/DHP - RND - 4000x4000/Case 054/Plot04/test48.png,test48.png,DHP - RND - 4000x4000,RND,Case 054,Plot04,5.44,4.75,1.0,54,,
Simulations/DHP - RND - 4000x4000/DHP - RND - 4000x4000/Case 054/Plot04/test49.png,test49.png,DHP - RND - 4000x4000,RND,Case 054,Plot04,5.44,4.75,1.0,54,,
Simulations/DHP - RND - 4000x4000/DHP - RND - 4000x4000/Case 053/Plot04/test40.png,test40.png,DHP - RND - 4000x4000,RND,Case 053,Plot04,2.0,2.0,1.0,53,,
Simulations/DHP - RND - 4000x4000/DHP - RND - 4000x4000/Case 053/Plot04/test41.png,test41.png,DHP - RND - 4000x4000,RND,Case 053,Plot04,2.0,2.0,1.0,53,,
Simulations/DHP - RND - 4000x4000/DHP - RND - 4000x4000/Case 053/Plot04/test42.png,test42.png,DHP - RND - 4000x4000,RND,Case 053,Plot04,2.0,2.0,1.0,53,,
Simulations/DHP - RND - 4000x4000/DHP - RND - 4000x4000/Case 053/Plot04/test43.png,test43.png,DHP - RND - 4000x4000,RND,Case 053,Plot04,2.0,2.0,1.0,53,,
Simulations/DHP - RND - 4000x4000/DHP - RND - 4000x4000/Case 053/Plot04/test44.png,test44.png,DHP - RND - 4000x4000,RND,Case 053,Plot04,2.0,2.0,1.0,53,,
Simulations/DHP - RND - 4000x4000/DHP - RND - 4000x4000/Case 053/Plot04/test45.png,test45.png,DHP - RND - 4000x4000,RND,Case 053,Plot04,2.0,2.0,1.0,53,,
Simulations/DHP - RND - 4000x4000/DHP - RND - 4000x4000/Case 053/Plot04/test46.png,test46.png,DHP - RND - 4000x4000,RND,Case 053,Plot04,2.0,2.0,1.0,53,,
Simulations/DHP - RND - 4000x4000/DHP - RND - 4000x4000/Case 053/Plot04/test47.png,test47.png,DHP - RND - 4000x4000,RND,Case 053,Plot04,2.0,2.0,1.0,53,,
Simulations/DHP - RND - 4000x4000/DHP - RND - 4000x4000/Case 053/Plot04/test48.png,test48.png,DHP - RND - 4000x4000,RND,Case 053,Plot04,2.0,2.0,1.0,53,,
Simulations/DHP - RND - 4000x4000/DHP - RND - 4000x4000/Case 053/Plot04/test49.png,test49.png,DHP - RND - 4000x4000,RND,Case 053,Plot04,2.0,2.0,1.0,53,,
Simulations/DHP - RND - 4000x4000/DHP - RND - 4000x4000/Case 052/Plot04/test40.png,test40.png,DHP - RND - 4000x4000,RND,Case 052,Plot04,3.02,2.9,0.97,52,,
Simulations/DHP - RND - 4000x4000/DHP - RND - 4000x4000/Case 052/Plot04/test41.png,test41.png,DHP - RND - 4000x4000,RND,Case 052,Plot04,3.02,2.9,0.97,52,,
Simulations/DHP - RND - 4000x4000/DHP - RND - 4000x4000/Case 052/Plot04/test42.png,test42.png,DHP - RND - 4000x4000,RND,Case 052,Plot04,3.02,2.9,0.97,52,,
Simulations/DHP - RND - 4000x4000/DHP - RND - 4000x4000/Case 052/Plot04/test43.png,test43.png,DHP - RND - 4000x4000,RND,Case 052,Plot04,3.02,2.9,0.97,52,,
Simulations/DHP - RND - 4000x4000/DHP - RND - 4000x4000/Case 052/Plot04/test44.png,test44.png,DHP - RND - 4000x4000,RND,Case 052,Plot04,3.02,2.9,0.97,52,,
Simulations/DHP - RND - 4000x4000/DHP - RND - 4000x4000/Case 052/Plot04/test45.png,test45.png,DHP - RND - 4000x4000,RND,Case 052,Plot04,3.02,2.9,0.97,52,,
Simulations/DHP - RND - 4000x4000/DHP - RND - 4000x4000/Case 052/Plot04/test46.png,test46.png,DHP - RND - 4000x4000,RND,Case 052,Plot04,3.02,2.9,0.97,52,,
Simulations/DHP - RND - 4000x4000/DHP - RND - 4000x4000/Case 052/Plot04/test47.png,test47.png,DHP - RND - 4000x4000,RND,Case 052,Plot04,3.02,2.9,0.97,52,,
Simulations/DHP - RND - 4000x4000/DHP - RND - 4000x4000/Case 052/Plot04/test48.png,test48.png,DHP - RND - 4000x4000,RND,Case 052,Plot04,3.02,2.9,0.97,52,,
Simulations/DHP - RND - 4000x4000/DHP - RND - 4000x4000/Case 052/Plot04/test49.png,test49.png,DHP - RND - 4000x4000,RND,Case 052,Plot04,3.02,2.9,0.97,52,,
Simulations/DHP - RND - 4000x4000/DHP - RND - 4000x4000/Case 051/Plot04/test40.png,test40.png,DHP - RND - 4000x4000,RND,Case 051,Plot04,3.08,2.9,0.96,51,,
Simulations/DHP - RND - 4000x4000/DHP - RND - 4000x4000/Case 051/Plot04/test41.png,test41.png,DHP - RND - 4000x4000,RND,Case 051,Plot04,3.08,2.9,0.96,51,,
Simulations/DHP - RND - 4000x4000/DHP - RND - 4000x4000/Case 051/Plot04/test42.png,test42.png,DHP - RND - 4000x4000,RND,Case 051,Plot04,3.08,2.9,0.96,51,,
Simulations/DHP - RND - 4000x4000/DHP - RND - 4000x4000/Case 051/Plot04/test43.png,test43.png,DHP - RND - 4000x4000,RND,Case 051,Plot04,3.08,2.9,0.96,51,,
Simulations/DHP - RND - 4000x4000/DHP - RND - 4000x4000/Case 051/Plot04/test44.png,test44.png,DHP - RND - 4000x4000,RND,Case 051,Plot04,3.08,2.9,0.96,51,,
Simulations/DHP - RND - 4000x4000/DHP - RND - 4000x4000/Case 051/Plot04/test45.png,test45.png,DHP - RND - 4000x4000,RND,Case 051,Plot04,3.08,2.9,0.96,51,,
Simulations/DHP - RND - 4000x4000/DHP - RND - 4000x4000/Case 051/Plot04/test46.png,test46.png,DHP - RND - 4000x4000,RND,Case 051,Plot04,3.08,2.9,0.96,51,,
Simulations/DHP - RND - 4000x4000/DHP - RND - 4000x4000/Case 051/Plot04/test47.png,test47.png,DHP - RND - 4000x4000,RND,Case 051,Plot04,3.08,2.9,0.96,51,,
Simulations/DHP - RND - 4000x4000/DHP - RND - 4000x4000/Case 051/Plot04/test48.png,test48.png,DHP - RND - 4000x4000,RND,Case 051,Plot04,3.08,2.9,0.96,51,,
Simulations/DHP - RND - 4000x4000/DHP - RND - 4000x4000/Case 051/Plot04/test49.png,test49.png,DHP - RND - 4000x4000,RND,Case 051,Plot04,3.08,2.9,0.96,51,,
Simulations/DHP - RND - 4000x4000/DHP - RND - 4000x4000/Case 050/Plot04/test40.png,test40.png,DHP - RND - 4000x4000,RND,Case 050,Plot04,3.2,2.9,0.94,50,,
Simulations/DHP - RND - 4000x4000/DHP - RND - 4000x4000/Case 050/Plot04/test41.png,test41.png,DHP - RND - 4000x4000,RND,Case 050,Plot04,3.2,2.9,0.94,50,,
Simulations/DHP - RND - 4000x4000/DHP - RND - 4000x4000/Case 050/Plot04/test42.png,test42.png,DHP - RND - 4000x4000,RND,Case 050,Plot04,3.2,2.9,0.94,50,,
Simulations/DHP - RND - 4000x4000/DHP - RND - 4000x4000/Case 050/Plot04/test43.png,test43.png,DHP - RND - 4000x4000,RND,Case 050,Plot04,3.2,2.9,0.94,50,,
Simulations/DHP - RND - 4000x4000/DHP - RND - 4000x4000/Case 050/Plot04/test44.png,test44.png,DHP - RND - 4000x4000,RND,Case 050,Plot04,3.2,2.9,0.94,50,,
Simulations/DHP - RND - 4000x4000/DHP - RND - 4000x4000/Case 050/Plot04/test45.png,test45.png,DHP - RND - 4000x4000,RND,Case 050,Plot04,3.2,2.9,0.94,50,,
Simulations/DHP - RND - 4000x4000/DHP - RND - 4000x4000/Case 050/Plot04/test46.png,test46.png,DHP - RND - 4000x4000,RND,Case 050,Plot04,3.2,2.9,0.94,50,,
Simulations/DHP - RND - 4000x4000/DHP - RND - 4000x4000/Case 050/Plot04/test47.png,test47.png,DHP - RND - 4000x4000,RND,Case 050,Plot04,3.2,2.9,0.94,50,,
Simulations/DHP - RND - 4000x4000/DHP - RND - 4000x4000/Case 050/Plot04/test48.png,test48.png,DHP - RND - 4000x4000,RND,Case 050,Plot04,3.2,2.9,0.94,50,,
Simulations/DHP - RND - 4000x4000/DHP - RND - 4000x4000/Case 050/Plot04/test49.png,test49.png,DHP - RND - 4000x4000,RND,Case 050,Plot04,3.2,2.9,0.94,50,,
Simulations/DHP - RND - 4000x4000/DHP - RND - 4000x4000/Case 049/Plot04/test40.png,test40.png,DHP - RND - 4000x4000,RND,Case 049,Plot04,3.2,2.9,0.94,49,,
Simulations/DHP - RND - 4000x4000/DHP - RND - 4000x4000/Case 049/Plot04/test41.png,test41.png,DHP - RND - 4000x4000,RND,Case 049,Plot04,3.2,2.9,0.94,49,,
Simulations/DHP - RND - 4000x4000/DHP - RND - 4000x4000/Case 049/Plot04/test42.png,test42.png,DHP - RND - 4000x4000,RND,Case 049,Plot04,3.2,2.9,0.94,49,,
Simulations/DHP - RND - 4000x4000/DHP - RND - 4000x4000/Case 049/Plot04/test43.png,test43.png,DHP - RND - 4000x4000,RND,Case 049,Plot04,3.2,2.9,0.94,49,,
Simulations/DHP - RND - 4000x4000/DHP - RND - 4000x4000/Case 049/Plot04/test44.png,test44.png,DHP - RND - 4000x4000,RND,Case 049,Plot04,3.2,2.9,0.94,49,,
Simulations/DHP - RND - 4000x4000/DHP - RND - 4000x4000/Case 049/Plot04/test45.png,test45.png,DHP - RND - 4000x4000,RND,Case 049,Plot04,3.2,2.9,0.94,49,,
Simulations/DHP - RND - 4000x4000/DHP - RND - 4000x4000/Case 049/Plot04/test46.png,test46.png,DHP - RND - 4000x4000,RND,Case 049,Plot04,3.2,2.9,0.94,49,,
Simulations/DHP - RND - 4000x4000/DHP - RND - 4000x4000/Case 049/Plot04/test47.png,test47.png,DHP - RND - 4000x4000,RND,Case 049,Plot04,3.2,2.9,0.94,49,,
Simulations/DHP - RND - 4000x4000/DHP - RND - 4000x4000/Case 049/Plot04/test48.png,test48.png,DHP - RND - 4000x4000,RND,Case 049,Plot04,3.2,2.9,0.94,49,,
Simulations/DHP - RND - 4000x4000/DHP - RND - 4000x4000/Case 049/Plot04/test49.png,test49.png,DHP - RND - 4000x4000,RND,Case 049,Plot04,3.2,2.9,0.94,49,,
Simulations/DHP - RND - 4000x4000/DHP - RND - 4000x4000/Case 048/Plot04/test40.png,test40.png,DHP - RND - 4000x4000,RND,Case 048,Plot04,3.0,3.0,1.0,48,,
Simulations/DHP - RND - 4000x4000/DHP - RND - 4000x4000/Case 048/Plot04/test41.png,test41.png,DHP - RND - 4000x4000,RND,Case 048,Plot04,3.0,3.0,1.0,48,,
Simulations/DHP - RND - 4000x4000/DHP - RND - 4000x4000/Case 048/Plot04/test42.png,test42.png,DHP - RND - 4000x4000,RND,Case 048,Plot04,3.0,3.0,1.0,48,,
Simulations/DHP - RND - 4000x4000/DHP - RND - 4000x4000/Case 048/Plot04/test43.png,test43.png,DHP - RND - 4000x4000,RND,Case 048,Plot04,3.0,3.0,1.0,48,,
Simulations/DHP - RND - 4000x4000/DHP - RND - 4000x4000/Case 048/Plot04/test44.png,test44.png,DHP - RND - 4000x4000,RND,Case 048,Plot04,3.0,3.0,1.0,48,,
Simulations/DHP - RND - 4000x4000/DHP - RND - 4000x4000/Case 048/Plot04/test45.png,test45.png,DHP - RND - 4000x4000,RND,Case 048,Plot04,3.0,3.0,1.0,48,,
Simulations/DHP - RND - 4000x4000/DHP - RND - 4000x4000/Case 048/Plot04/test46.png,test46.png,DHP - RND - 4000x4000,RND,Case 048,Plot04,3.0,3.0,1.0,48,,
Simulations/DHP - RND - 4000x4000/DHP - RND - 4000x4000/Case 048/Plot04/test47.png,test47.png,DHP - RND - 4000x4000,RND,Case 048,Plot04,3.0,3.0,1.0,48,,
Simulations/DHP - RND - 4000x4000/DHP - RND - 4000x4000/Case 048/Plot04/test48.png,test48.png,DHP - RND - 4000x4000,RND,Case 048,Plot04,3.0,3.0,1.0,48,,
Simulations/DHP - RND - 4000x4000/DHP - RND - 4000x4000/Case 048/Plot04/test49.png,test49.png,DHP - RND - 4000x4000,RND,Case 048,Plot04,3.0,3.0,1.0,48,,
Simulations/DHP - RND - 4000x4000/DHP - RND - 4000x4000/Case 047/Plot04/test40.png,test40.png,DHP - RND - 4000x4000,RND,Case 047,Plot04,3.0,3.0,1.0,47,,
Simulations/DHP - RND - 4000x4000/DHP - RND - 4000x4000/Case 047/Plot04/test41.png,test41.png,DHP - RND - 4000x4000,RND,Case 047,Plot04,3.0,3.0,1.0,47,,
Simulations/DHP - RND - 4000x4000/DHP - RND - 4000x4000/Case 047/Plot04/test42.png,test42.png,DHP - RND - 4000x4000,RND,Case 047,Plot04,3.0,3.0,1.0,47,,
Simulations/DHP - RND - 4000x4000/DHP - RND - 4000x4000/Case 047/Plot04/test43.png,test43.png,DHP - RND - 4000x4000,RND,Case 047,Plot04,3.0,3.0,1.0,47,,
Simulations/DHP - RND - 4000x4000/DHP - RND - 4000x4000/Case 047/Plot04/test44.png,test44.png,DHP - RND - 4000x4000,RND,Case 047,Plot04,3.0,3.0,1.0,47,,
Simulations/DHP - RND - 4000x4000/DHP - RND - 4000x4000/Case 047/Plot04/test45.png,test45.png,DHP - RND - 4000x4000,RND,Case 047,Plot04,3.0,3.0,1.0,47,,
Simulations/DHP - RND - 4000x4000/DHP - RND - 4000x4000/Case 047/Plot04/test46.png,test46.png,DHP - RND - 4000x4000,RND,Case 047,Plot04,3.0,3.0,1.0,47,,
Simulations/DHP - RND - 4000x4000/DHP - RND - 4000x4000/Case 047/Plot04/test47.png,test47.png,DHP - RND - 4000x4000,RND,Case 047,Plot04,3.0,3.0,1.0,47,,
Simulations/DHP - RND - 4000x4000/DHP - RND - 4000x4000/Case 047/Plot04/test48.png,test48.png,DHP - RND - 4000x4000,RND,Case 047,Plot04,3.0,3.0,1.0,47,,
Simulations/DHP - RND - 4000x4000/DHP - RND - 4000x4000/Case 047/Plot04/test49.png,test49.png,DHP - RND - 4000x4000,RND,Case 047,Plot04,3.0,3.0,1.0,47,,
Simulations/DHP - RND - 4000x4000/DHP - RND - 4000x4000/Case 046/Plot04/test40.png,test40.png,DHP - RND - 4000x4000,RND,Case 046,Plot04,4.9350000000000005,4.5,0.94,46,,
Simulations/DHP - RND - 4000x4000/DHP - RND - 4000x4000/Case 046/Plot04/test41.png,test41.png,DHP - RND - 4000x4000,RND,Case 046,Plot04,4.9350000000000005,4.5,0.94,46,,
Simulations/DHP - RND - 4000x4000/DHP - RND - 4000x4000/Case 046/Plot04/test42.png,test42.png,DHP - RND - 4000x4000,RND,Case 046,Plot04,4.9350000000000005,4.5,0.94,46,,
Simulations/DHP - RND - 4000x4000/DHP - RND - 4000x4000/Case 046/Plot04/test43.png,test43.png,DHP - RND - 4000x4000,RND,Case 046,Plot04,4.9350000000000005,4.5,0.94,46,,
Simulations/DHP - RND - 4000x4000/DHP - RND - 4000x4000/Case 046/Plot04/test44.png,test44.png,DHP - RND - 4000x4000,RND,Case 046,Plot04,4.9350000000000005,4.5,0.94,46,,
Simulations/DHP - RND - 4000x4000/DHP - RND - 4000x4000/Case 046/Plot04/test45.png,test45.png,DHP - RND - 4000x4000,RND,Case 046,Plot04,4.9350000000000005,4.5,0.94,46,,
Simulations/DHP - RND - 4000x4000/DHP - RND - 4000x4000/Case 046/Plot04/test46.png,test46.png,DHP - RND - 4000x4000,RND,Case 046,Plot04,4.9350000000000005,4.5,0.94,46,,
Simulations/DHP - RND - 4000x4000/DHP - RND - 4000x4000/Case 046/Plot04/Test47.png,Test47.png,DHP - RND - 4000x4000,RND,Case 046,Plot04,4.9350000000000005,4.5,0.94,46,,
Simulations/DHP - RND - 4000x4000/DHP - RND - 4000x4000/Case 046/Plot04/test48.png,test48.png,DHP - RND - 4000x4000,RND,Case 046,Plot04,4.9350000000000005,4.5,0.94,46,,
Simulations/DHP - RND - 4000x4000/DHP - RND - 4000x4000/Case 046/Plot04/test49.png,test49.png,DHP - RND - 4000x4000,RND,Case 046,Plot04,4.9350000000000005,4.5,0.94,46,,
Simulations/DHP - RND - 4000x4000/DHP - RND - 4000x4000/Case 045/Plot04/test40.png,test40.png,DHP - RND - 4000x4000,RND,Case 045,Plot04,4.79,4.5,1.0,45,,
Simulations/DHP - RND - 4000x4000/DHP - RND - 4000x4000/Case 045/Plot04/test41.png,test41.png,DHP - RND - 4000x4000,RND,Case 045,Plot04,4.79,4.5,1.0,45,,
Simulations/DHP - RND - 4000x4000/DHP - RND - 4000x4000/Case 045/Plot04/test42.png,test42.png,DHP - RND - 4000x4000,RND,Case 045,Plot04,4.79,4.5,1.0,45,,
Simulations/DHP - RND - 4000x4000/DHP - RND - 4000x4000/Case 045/Plot04/test43.png,test43.png,DHP - RND - 4000x4000,RND,Case 045,Plot04,4.79,4.5,1.0,45,,
Simulations/DHP - RND - 4000x4000/DHP - RND - 4000x4000/Case 045/Plot04/test44.png,test44.png,DHP - RND - 4000x4000,RND,Case 045,Plot04,4.79,4.5,1.0,45,,
Simulations/DHP - RND - 4000x4000/DHP - RND - 4000x4000/Case 045/Plot04/test45.png,test45.png,DHP - RND - 4000x4000,RND,Case 045,Plot04,4.79,4.5,1.0,45,,
Simulations/DHP - RND - 4000x4000/DHP - RND - 4000x4000/Case 045/Plot04/test46.png,test46.png,DHP - RND - 4000x4000,RND,Case 045,Plot04,4.79,4.5,1.0,45,,
Simulations/DHP - RND - 4000x4000/DHP - RND - 4000x4000/Case 045/Plot04/test47.png,test47.png,DHP - RND - 4000x4000,RND,Case 045,Plot04,4.79,4.5,1.0,45,,
Simulations/DHP - RND - 4000x4000/DHP - RND - 4000x4000/Case 045/Plot04/test48.png,test48.png,DHP - RND - 4000x4000,RND,Case 045,Plot04,4.79,4.5,1.0,45,,
Simulations/DHP - RND - 4000x4000/DHP - RND - 4000x4000/Case 045/Plot04/test49.png,test49.png,DHP - RND - 4000x4000,RND,Case 045,Plot04,4.79,4.5,1.0,45,,
Simulations/DHP - RND - 4000x4000/DHP - RND - 4000x4000/Case 044/Plot04/test40.png,test40.png,DHP - RND - 4000x4000,RND,Case 044,Plot04,4.79,4.5,1.0,44,,
Simulations/DHP - RND - 4000x4000/DHP - RND - 4000x4000/Case 044/Plot04/test41.png,test41.png,DHP - RND - 4000x4000,RND,Case 044,Plot04,4.79,4.5,1.0,44,,
Simulations/DHP - RND - 4000x4000/DHP - RND - 4000x4000/Case 044/Plot04/test42.png,test42.png,DHP - RND - 4000x4000,RND,Case 044,Plot04,4.79,4.5,1.0,44,,
Simulations/DHP - RND - 4000x4000/DHP - RND - 4000x4000/Case 044/Plot04/test43.png,test43.png,DHP - RND - 4000x4000,RND,Case 044,Plot04,4.79,4.5,1.0,44,,
Simulations/DHP - RND - 4000x4000/DHP - RND - 4000x4000/Case 044/Plot04/test44.png,test44.png,DHP - RND - 4000x4000,RND,Case 044,Plot04,4.79,4.5,1.0,44,,
Simulations/DHP - RND - 4000x4000/DHP - RND - 4000x4000/Case 044/Plot04/test45.png,test45.png,DHP - RND - 4000x4000,RND,Case 044,Plot04,4.79,4.5,1.0,44,,
Simulations/DHP - RND - 4000x4000/DHP - RND - 4000x4000/Case 044/Plot04/test46.png,test46.png,DHP - RND - 4000x4000,RND,Case 044,Plot04,4.79,4.5,1.0,44,,
Simulations/DHP - RND - 4000x4000/DHP - RND - 4000x4000/Case 044/Plot04/test47.png,test47.png,DHP - RND - 4000x4000,RND,Case 044,Plot04,4.79,4.5,1.0,44,,
Simulations/DHP - RND - 4000x4000/DHP - RND - 4000x4000/Case 044/Plot04/test48.png,test48.png,DHP - RND - 4000x4000,RND,Case 044,Plot04,4.79,4.5,1.0,44,,
Simulations/DHP - RND - 4000x4000/DHP - RND - 4000x4000/Case 044/Plot04/test49.png,test49.png,DHP - RND - 4000x4000,RND,Case 044,Plot04,4.79,4.5,1.0,44,,
Simulations/DHP - RND - 4000x4000/DHP - RND - 4000x4000/Case 043/Plot04/test40.png,test40.png,DHP - RND - 4000x4000,RND,Case 043,Plot04,5.32,4.75,1.0,43,,
Simulations/DHP - RND - 4000x4000/DHP - RND - 4000x4000/Case 043/Plot04/test41.png,test41.png,DHP - RND - 4000x4000,RND,Case 043,Plot04,5.32,4.75,1.0,43,,
Simulations/DHP - RND - 4000x4000/DHP - RND - 4000x4000/Case 043/Plot04/test42.png,test42.png,DHP - RND - 4000x4000,RND,Case 043,Plot04,5.32,4.75,1.0,43,,
Simulations/DHP - RND - 4000x4000/DHP - RND - 4000x4000/Case 043/Plot04/test43.png,test43.png,DHP - RND - 4000x4000,RND,Case 043,Plot04,5.32,4.75,1.0,43,,
Simulations/DHP - RND - 4000x4000/DHP - RND - 4000x4000/Case 043/Plot04/test44.png,test44.png,DHP - RND - 4000x4000,RND,Case 043,Plot04,5.32,4.75,1.0,43,,
Simulations/DHP - RND - 4000x4000/DHP - RND - 4000x4000/Case 043/Plot04/test45.png,test45.png,DHP - RND - 4000x4000,RND,Case 043,Plot04,5.32,4.75,1.0,43,,
Simulations/DHP - RND - 4000x4000/DHP - RND - 4000x4000/Case 043/Plot04/test46.png,test46.png,DHP - RND - 4000x4000,RND,Case 043,Plot04,5.32,4.75,1.0,43,,
Simulations/DHP - RND - 4000x4000/DHP - RND - 4000x4000/Case 043/Plot04/test47.png,test47.png,DHP - RND - 4000x4000,RND,Case 043,Plot04,5.32,4.75,1.0,43,,
Simulations/DHP - RND - 4000x4000/DHP - RND - 4000x4000/Case 043/Plot04/test48.png,test48.png,DHP - RND - 4000x4000,RND,Case 043,Plot04,5.32,4.75,1.0,43,,
Simulations/DHP - RND - 4000x4000/DHP - RND - 4000x4000/Case 043/Plot04/test49.png,test49.png,DHP - RND - 4000x4000,RND,Case 043,Plot04,5.32,4.75,1.0,43,,
Simulations/DHP - RND - 4000x4000/DHP - RND - 4000x4000/Case 042/Plot04/test40.png,test40.png,DHP - RND - 4000x4000,RND,Case 042,Plot04,4.51,4.0,0.93,42,,
Simulations/DHP - RND - 4000x4000/DHP - RND - 4000x4000/Case 042/Plot04/test41.png,test41.png,DHP - RND - 4000x4000,RND,Case 042,Plot04,4.51,4.0,0.93,42,,
Simulations/DHP - RND - 4000x4000/DHP - RND - 4000x4000/Case 042/Plot04/test42.png,test42.png,DHP - RND - 4000x4000,RND,Case 042,Plot04,4.51,4.0,0.93,42,,
Simulations/DHP - RND - 4000x4000/DHP - RND - 4000x4000/Case 042/Plot04/test43.png,test43.png,DHP - RND - 4000x4000,RND,Case 042,Plot04,4.51,4.0,0.93,42,,
Simulations/DHP - RND - 4000x4000/DHP - RND - 4000x4000/Case 042/Plot04/test44.png,test44.png,DHP - RND - 4000x4000,RND,Case 042,Plot04,4.51,4.0,0.93,42,,
Simulations/DHP - RND - 4000x4000/DHP - RND - 4000x4000/Case 042/Plot04/test45.png,test45.png,DHP - RND - 4000x4000,RND,Case 042,Plot04,4.51,4.0,0.93,42,,
Simulations/DHP - RND - 4000x4000/DHP - RND - 4000x4000/Case 042/Plot04/test46.png,test46.png,DHP - RND - 4000x4000,RND,Case 042,Plot04,4.51,4.0,0.93,42,,
Simulations/DHP - RND - 4000x4000/DHP - RND - 4000x4000/Case 042/Plot04/test47.png,test47.png,DHP - RND - 4000x4000,RND,Case 042,Plot04,4.51,4.0,0.93,42,,
Simulations/DHP - RND - 4000x4000/DHP - RND - 4000x4000/Case 042/Plot04/test48.png,test48.png,DHP - RND - 4000x4000,RND,Case 042,Plot04,4.51,4.0,0.93,42,,
Simulations/DHP - RND - 4000x4000/DHP - RND - 4000x4000/Case 042/Plot04/test49.png,test49.png,DHP - RND - 4000x4000,RND,Case 042,Plot04,4.51,4.0,0.93,42,,
Simulations/DHP - RND - 4000x4000/DHP - RND - 4000x4000/Case 041/Plot04/test40.png,test40.png,DHP - RND - 4000x4000,RND,Case 041,Plot04,6.0,6.0,1.0,41,,
Simulations/DHP - RND - 4000x4000/DHP - RND - 4000x4000/Case 041/Plot04/test41.png,test41.png,DHP - RND - 4000x4000,RND,Case 041,Plot04,6.0,6.0,1.0,41,,
Simulations/DHP - RND - 4000x4000/DHP - RND - 4000x4000/Case 041/Plot04/test42.png,test42.png,DHP - RND - 4000x4000,RND,Case 041,Plot04,6.0,6.0,1.0,41,,
Simulations/DHP - RND - 4000x4000/DHP - RND - 4000x4000/Case 041/Plot04/test43.png,test43.png,DHP - RND - 4000x4000,RND,Case 041,Plot04,6.0,6.0,1.0,41,,
Simulations/DHP - RND - 4000x4000/DHP - RND - 4000x4000/Case 041/Plot04/test44.png,test44.png,DHP - RND - 4000x4000,RND,Case 041,Plot04,6.0,6.0,1.0,41,,
Simulations/DHP - RND - 4000x4000/DHP - RND - 4000x4000/Case 041/Plot04/test45.png,test45.png,DHP - RND - 4000x4000,RND,Case 041,Plot04,6.0,6.0,1.0,41,,
Simulations/DHP - RND - 4000x4000/DHP - RND - 4000x4000/Case 041/Plot04/test46.png,test46.png,DHP - RND - 4000x4000,RND,Case 041,Plot04,6.0,6.0,1.0,41,,
Simulations/DHP - RND - 4000x4000/DHP - RND - 4000x4000/Case 041/Plot04/test47.png,test47.png,DHP - RND - 4000x4000,RND,Case 041,Plot04,6.0,6.0,1.0,41,,
Simulations/DHP - RND - 4000x4000/DHP - RND - 4000x4000/Case 041/Plot04/test48.png,test48.png,DHP - RND - 4000x4000,RND,Case 041,Plot04,6.0,6.0,1.0,41,,
Simulations/DHP - RND - 4000x4000/DHP - RND - 4000x4000/Case 041/Plot04/test49.png,test49.png,DHP - RND - 4000x4000,RND,Case 041,Plot04,6.0,6.0,1.0,41,,
Simulations/DHP - RND - 4000x4000/DHP - RND - 4000x4000/Case 040/Plot04/test40.png,test40.png,DHP - RND - 4000x4000,RND,Case 040,Plot04,5.0,5.0,1.0,40,,
Simulations/DHP - RND - 4000x4000/DHP - RND - 4000x4000/Case 040/Plot04/test41.png,test41.png,DHP - RND - 4000x4000,RND,Case 040,Plot04,5.0,5.0,1.0,40,,
Simulations/DHP - RND - 4000x4000/DHP - RND - 4000x4000/Case 040/Plot04/test42.png,test42.png,DHP - RND - 4000x4000,RND,Case 040,Plot04,5.0,5.0,1.0,40,,
Simulations/DHP - RND - 4000x4000/DHP - RND - 4000x4000/Case 040/Plot04/test43.png,test43.png,DHP - RND - 4000x4000,RND,Case 040,Plot04,5.0,5.0,1.0,40,,
Simulations/DHP - RND - 4000x4000/DHP - RND - 4000x4000/Case 040/Plot04/test44.png,test44.png,DHP - RND - 4000x4000,RND,Case 040,Plot04,5.0,5.0,1.0,40,,
Simulations/DHP - RND - 4000x4000/DHP - RND - 4000x4000/Case 040/Plot04/test45.png,test45.png,DHP - RND - 4000x4000,RND,Case 040,Plot04,5.0,5.0,1.0,40,,
Simulations/DHP - RND - 4000x4000/DHP - RND - 4000x4000/Case 040/Plot04/test46.png,test46.png,DHP - RND - 4000x4000,RND,Case 040,Plot04,5.0,5.0,1.0,40,,
Simulations/DHP - RND - 4000x4000/DHP - RND - 4000x4000/Case 040/Plot04/test47.png,test47.png,DHP - RND - 4000x4000,RND,Case 040,Plot04,5.0,5.0,1.0,40,,
Simulations/DHP - RND - 4000x4000/DHP - RND - 4000x4000/Case 040/Plot04/test48.png,test48.png,DHP - RND - 4000x4000,RND,Case 040,Plot04,5.0,5.0,1.0,40,,
Simulations/DHP - RND - 4000x4000/DHP - RND - 4000x4000/Case 040/Plot04/test49.png,test49.png,DHP - RND - 4000x4000,RND,Case 040,Plot04,5.0,5.0,1.0,40,,
Simulations/DHP - RND - 4000x4000/DHP - RND - 4000x4000/Case 039/Plot04/test40.png,test40.png,DHP - RND - 4000x4000,RND,Case 039,Plot04,4.0,4.0,1.0,39,,
Simulations/DHP - RND - 4000x4000/DHP - RND - 4000x4000/Case 039/Plot04/test41.png,test41.png,DHP - RND - 4000x4000,RND,Case 039,Plot04,4.0,4.0,1.0,39,,
Simulations/DHP - RND - 4000x4000/DHP - RND - 4000x4000/Case 039/Plot04/test42.png,test42.png,DHP - RND - 4000x4000,RND,Case 039,Plot04,4.0,4.0,1.0,39,,
Simulations/DHP - RND - 4000x4000/DHP - RND - 4000x4000/Case 039/Plot04/test43.png,test43.png,DHP - RND - 4000x4000,RND,Case 039,Plot04,4.0,4.0,1.0,39,,
Simulations/DHP - RND - 4000x4000/DHP - RND - 4000x4000/Case 039/Plot04/test44.png,test44.png,DHP - RND - 4000x4000,RND,Case 039,Plot04,4.0,4.0,1.0,39,,
Simulations/DHP - RND - 4000x4000/DHP - RND - 4000x4000/Case 039/Plot04/test45.png,test45.png,DHP - RND - 4000x4000,RND,Case 039,Plot04,4.0,4.0,1.0,39,,
Simulations/DHP - RND - 4000x4000/DHP - RND - 4000x4000/Case 039/Plot04/test46.png,test46.png,DHP - RND - 4000x4000,RND,Case 039,Plot04,4.0,4.0,1.0,39,,
Simulations/DHP - RND - 4000x4000/DHP - RND - 4000x4000/Case 039/Plot04/test47.png,test47.png,DHP - RND - 4000x4000,RND,Case 039,Plot04,4.0,4.0,1.0,39,,
Simulations/DHP - RND - 4000x4000/DHP - RND - 4000x4000/Case 039/Plot04/test48.png,test48.png,DHP - RND - 4000x4000,RND,Case 039,Plot04,4.0,4.0,1.0,39,,
Simulations/DHP - RND - 4000x4000/DHP - RND - 4000x4000/Case 039/Plot04/test49.png,test49.png,DHP - RND - 4000x4000,RND,Case 039,Plot04,4.0,4.0,1.0,39,,
Simulations/DHP - RND - 4000x4000/DHP - RND - 4000x4000/Case 038/Plot04/test40.png,test40.png,DHP - RND - 4000x4000,RND,Case 038,Plot04,2.4050000000000002,2.15,0.93,38,,
Simulations/DHP - RND - 4000x4000/DHP - RND - 4000x4000/Case 038/Plot04/test41.png,test41.png,DHP - RND - 4000x4000,RND,Case 038,Plot04,2.4050000000000002,2.15,0.93,38,,
Simulations/DHP - RND - 4000x4000/DHP - RND - 4000x4000/Case 038/Plot04/test42.png,test42.png,DHP - RND - 4000x4000,RND,Case 038,Plot04,2.4050000000000002,2.15,0.93,38,,
Simulations/DHP - RND - 4000x4000/DHP - RND - 4000x4000/Case 038/Plot04/test43.png,test43.png,DHP - RND - 4000x4000,RND,Case 038,Plot04,2.4050000000000002,2.15,0.93,38,,
Simulations/DHP - RND - 4000x4000/DHP - RND - 4000x4000/Case 038/Plot04/test44.png,test44.png,DHP - RND - 4000x4000,RND,Case 038,Plot04,2.4050000000000002,2.15,0.93,38,,
Simulations/DHP - RND - 4000x4000/DHP - RND - 4000x4000/Case 038/Plot04/test45.png,test45.png,DHP - RND - 4000x4000,RND,Case 038,Plot04,2.4050000000000002,2.15,0.93,38,,
Simulations/DHP - RND - 4000x4000/DHP - RND - 4000x4000/Case 038/Plot04/test46.png,test46.png,DHP - RND - 4000x4000,RND,Case 038,Plot04,2.4050000000000002,2.15,0.93,38,,
Simulations/DHP - RND - 4000x4000/DHP - RND - 4000x4000/Case 038/Plot04/test47.png,test47.png,DHP - RND - 4000x4000,RND,Case 038,Plot04,2.4050000000000002,2.15,0.93,38,,
Simulations/DHP - RND - 4000x4000/DHP - RND - 4000x4000/Case 038/Plot04/test48.png,test48.png,DHP - RND - 4000x4000,RND,Case 038,Plot04,2.4050000000000002,2.15,0.93,38,,
Simulations/DHP - RND - 4000x4000/DHP - RND - 4000x4000/Case 038/Plot04/test49.png,test49.png,DHP - RND - 4000x4000,RND,Case 038,Plot04,2.4050000000000002,2.15,0.93,38,,
Simulations/DHP - RND - 4000x4000/DHP - RND - 4000x4000/Case 037/Plot04/test40.png,test40.png,DHP - RND - 4000x4000,RND,Case 037,Plot04,3.93,3.0,0.85,37,,
Simulations/DHP - RND - 4000x4000/DHP - RND - 4000x4000/Case 037/Plot04/test41.png,test41.png,DHP - RND - 4000x4000,RND,Case 037,Plot04,3.93,3.0,0.85,37,,
Simulations/DHP - RND - 4000x4000/DHP - RND - 4000x4000/Case 037/Plot04/test42.png,test42.png,DHP - RND - 4000x4000,RND,Case 037,Plot04,3.93,3.0,0.85,37,,
Simulations/DHP - RND - 4000x4000/DHP - RND - 4000x4000/Case 037/Plot04/test43.png,test43.png,DHP - RND - 4000x4000,RND,Case 037,Plot04,3.93,3.0,0.85,37,,
Simulations/DHP - RND - 4000x4000/DHP - RND - 4000x4000/Case 037/Plot04/test44.png,test44.png,DHP - RND - 4000x4000,RND,Case 037,Plot04,3.93,3.0,0.85,37,,
Simulations/DHP - RND - 4000x4000/DHP - RND - 4000x4000/Case 037/Plot04/test45.png,test45.png,DHP - RND - 4000x4000,RND,Case 037,Plot04,3.93,3.0,0.85,37,,
Simulations/DHP - RND - 4000x4000/DHP - RND - 4000x4000/Case 037/Plot04/test46.png,test46.png,DHP - RND - 4000x4000,RND,Case 037,Plot04,3.93,3.0,0.85,37,,
Simulations/DHP - RND - 4000x4000/DHP - RND - 4000x4000/Case 037/Plot04/test47.png,test47.png,DHP - RND - 4000x4000,RND,Case 037,Plot04,3.93,3.0,0.85,37,,
Simulations/DHP - RND - 4000x4000/DHP - RND - 4000x4000/Case 037/Plot04/test48.png,test48.png,DHP - RND - 4000x4000,RND,Case 037,Plot04,3.93,3.0,0.85,37,,
Simulations/DHP - RND - 4000x4000/DHP - RND - 4000x4000/Case 037/Plot04/test49.png,test49.png,DHP - RND - 4000x4000,RND,Case 037,Plot04,3.93,3.0,0.85,37,,
Simulations/DHP - RND - 4000x4000/DHP - RND - 4000x4000/Case 036/Plot04/test40.png,test40.png,DHP - RND - 4000x4000,RND,Case 036,Plot04,3.135,3.0,0.97,36,,
Simulations/DHP - RND - 4000x4000/DHP - RND - 4000x4000/Case 036/Plot04/test41.png,test41.png,DHP - RND - 4000x4000,RND,Case 036,Plot04,3.135,3.0,0.97,36,,
Simulations/DHP - RND - 4000x4000/DHP - RND - 4000x4000/Case 036/Plot04/test42.png,test42.png,DHP - RND - 4000x4000,RND,Case 036,Plot04,3.135,3.0,0.97,36,,
Simulations/DHP - RND - 4000x4000/DHP - RND - 4000x4000/Case 036/Plot04/test43.png,test43.png,DHP - RND - 4000x4000,RND,Case 036,Plot04,3.135,3.0,0.97,36,,
Simulations/DHP - RND - 4000x4000/DHP - RND - 4000x4000/Case 036/Plot04/test44.png,test44.png,DHP - RND - 4000x4000,RND,Case 036,Plot04,3.135,3.0,0.97,36,,
Simulations/DHP - RND - 4000x4000/DHP - RND - 4000x4000/Case 036/Plot04/test45.png,test45.png,DHP - RND - 4000x4000,RND,Case 036,Plot04,3.135,3.0,0.97,36,,
Simulations/DHP - RND - 4000x4000/DHP - RND - 4000x4000/Case 036/Plot04/test46.png,test46.png,DHP - RND - 4000x4000,RND,Case 036,Plot04,3.135,3.0,0.97,36,,
Simulations/DHP - RND - 4000x4000/DHP - RND - 4000x4000/Case 036/Plot04/test47.png,test47.png,DHP - RND - 4000x4000,RND,Case 036,Plot04,3.135,3.0,0.97,36,,
Simulations/DHP - RND - 4000x4000/DHP - RND - 4000x4000/Case 036/Plot04/test48.png,test48.png,DHP - RND - 4000x4000,RND,Case 036,Plot04,3.135,3.0,0.97,36,,
Simulations/DHP - RND - 4000x4000/DHP - RND - 4000x4000/Case 036/Plot04/test49.png,test49.png,DHP - RND - 4000x4000,RND,Case 036,Plot04,3.135,3.0,0.97,36,,
Simulations/DHP - RND - 4000x4000/DHP - RND - 4000x4000/Case 035/Plot04/test40.png,test40.png,DHP - RND - 4000x4000,RND,Case 035,Plot04,6.51,6.0,0.95,35,,
Simulations/DHP - RND - 4000x4000/DHP - RND - 4000x4000/Case 035/Plot04/test41.png,test41.png,DHP - RND - 4000x4000,RND,Case 035,Plot04,6.51,6.0,0.95,35,,
Simulations/DHP - RND - 4000x4000/DHP - RND - 4000x4000/Case 035/Plot04/test42.png,test42.png,DHP - RND - 4000x4000,RND,Case 035,Plot04,6.51,6.0,0.95,35,,
Simulations/DHP - RND - 4000x4000/DHP - RND - 4000x4000/Case 035/Plot04/test43.png,test43.png,DHP - RND - 4000x4000,RND,Case 035,Plot04,6.51,6.0,0.95,35,,
Simulations/DHP - RND - 4000x4000/DHP - RND - 4000x4000/Case 035/Plot04/test44.png,test44.png,DHP - RND - 4000x4000,RND,Case 035,Plot04,6.51,6.0,0.95,35,,
Simulations/DHP - RND - 4000x4000/DHP - RND - 4000x4000/Case 035/Plot04/test45.png,test45.png,DHP - RND - 4000x4000,RND,Case 035,Plot04,6.51,6.0,0.95,35,,
Simulations/DHP - RND - 4000x4000/DHP - RND - 4000x4000/Case 035/Plot04/test46.png,test46.png,DHP - RND - 4000x4000,RND,Case 035,Plot04,6.51,6.0,0.95,35,,
Simulations/DHP - RND - 4000x4000/DHP - RND - 4000x4000/Case 035/Plot04/test47.png,test47.png,DHP - RND - 4000x4000,RND,Case 035,Plot04,6.51,6.0,0.95,35,,
Simulations/DHP - RND - 4000x4000/DHP - RND - 4000x4000/Case 035/Plot04/test48.png,test48.png,DHP - RND - 4000x4000,RND,Case 035,Plot04,6.51,6.0,0.95,35,,
Simulations/DHP - RND - 4000x4000/DHP - RND - 4000x4000/Case 035/Plot04/test49.png,test49.png,DHP - RND - 4000x4000,RND,Case 035,Plot04,6.51,6.0,0.95,35,,
Simulations/DHP - RND - 4000x4000/DHP - RND - 4000x4000/Case 034/Plot04/test40.png,test40.png,DHP - RND - 4000x4000,RND,Case 034,Plot04,2.0,2.0,1.0,34,,
Simulations/DHP - RND - 4000x4000/DHP - RND - 4000x4000/Case 034/Plot04/test41.png,test41.png,DHP - RND - 4000x4000,RND,Case 034,Plot04,2.0,2.0,1.0,34,,
Simulations/DHP - RND - 4000x4000/DHP - RND - 4000x4000/Case 034/Plot04/test42.png,test42.png,DHP - RND - 4000x4000,RND,Case 034,Plot04,2.0,2.0,1.0,34,,
Simulations/DHP - RND - 4000x4000/DHP - RND - 4000x4000/Case 034/Plot04/test43.png,test43.png,DHP - RND - 4000x4000,RND,Case 034,Plot04,2.0,2.0,1.0,34,,
Simulations/DHP - RND - 4000x4000/DHP - RND - 4000x4000/Case 034/Plot04/test44.png,test44.png,DHP - RND - 4000x4000,RND,Case 034,Plot04,2.0,2.0,1.0,34,,
Simulations/DHP - RND - 4000x4000/DHP - RND - 4000x4000/Case 034/Plot04/test45.png,test45.png,DHP - RND - 4000x4000,RND,Case 034,Plot04,2.0,2.0,1.0,34,,
Simulations/DHP - RND - 4000x4000/DHP - RND - 4000x4000/Case 034/Plot04/test46.png,test46.png,DHP - RND - 4000x4000,RND,Case 034,Plot04,2.0,2.0,1.0,34,,
Simulations/DHP - RND - 4000x4000/DHP - RND - 4000x4000/Case 034/Plot04/test47.png,test47.png,DHP - RND - 4000x4000,RND,Case 034,Plot04,2.0,2.0,1.0,34,,
Simulations/DHP - RND - 4000x4000/DHP - RND - 4000x4000/Case 034/Plot04/test48.png,test48.png,DHP - RND - 4000x4000,RND,Case 034,Plot04,2.0,2.0,1.0,34,,
Simulations/DHP - RND - 4000x4000/DHP - RND - 4000x4000/Case 034/Plot04/test49.png,test49.png,DHP - RND - 4000x4000,RND,Case 034,Plot04,2.0,2.0,1.0,34,,
Simulations/DHP - RND - 4000x4000/DHP - RND - 4000x4000/Case 033/Plot04/test40.png,test40.png,DHP - RND - 4000x4000,RND,Case 033,Plot04,3.0,3.0,1.0,33,,
Simulations/DHP - RND - 4000x4000/DHP - RND - 4000x4000/Case 033/Plot04/test41.png,test41.png,DHP - RND - 4000x4000,RND,Case 033,Plot04,3.0,3.0,1.0,33,,
Simulations/DHP - RND - 4000x4000/DHP - RND - 4000x4000/Case 033/Plot04/test42.png,test42.png,DHP - RND - 4000x4000,RND,Case 033,Plot04,3.0,3.0,1.0,33,,
Simulations/DHP - RND - 4000x4000/DHP - RND - 4000x4000/Case 033/Plot04/test43.png,test43.png,DHP - RND - 4000x4000,RND,Case 033,Plot04,3.0,3.0,1.0,33,,
Simulations/DHP - RND - 4000x4000/DHP - RND - 4000x4000/Case 033/Plot04/test44.png,test44.png,DHP - RND - 4000x4000,RND,Case 033,Plot04,3.0,3.0,1.0,33,,
Simulations/DHP - RND - 4000x4000/DHP - RND - 4000x4000/Case 033/Plot04/test45.png,test45.png,DHP - RND - 4000x4000,RND,Case 033,Plot04,3.0,3.0,1.0,33,,
Simulations/DHP - RND - 4000x4000/DHP - RND - 4000x4000/Case 033/Plot04/test46.png,test46.png,DHP - RND - 4000x4000,RND,Case 033,Plot04,3.0,3.0,1.0,33,,
Simulations/DHP - RND - 4000x4000/DHP - RND - 4000x4000/Case 033/Plot04/test47.png,test47.png,DHP - RND - 4000x4000,RND,Case 033,Plot04,3.0,3.0,1.0,33,,
Simulations/DHP - RND - 4000x4000/DHP - RND - 4000x4000/Case 033/Plot04/test48.png,test48.png,DHP - RND - 4000x4000,RND,Case 033,Plot04,3.0,3.0,1.0,33,,
Simulations/DHP - RND - 4000x4000/DHP - RND - 4000x4000/Case 033/Plot04/test49.png,test49.png,DHP - RND - 4000x4000,RND,Case 033,Plot04,3.0,3.0,1.0,33,,
Simulations/DHP - RND - 4000x4000/DHP - RND - 4000x4000/Case 032/Plot04/test40.png,test40.png,DHP - RND - 4000x4000,RND,Case 032,Plot04,3.55,2.2,0.78,32,,
Simulations/DHP - RND - 4000x4000/DHP - RND - 4000x4000/Case 032/Plot04/test41.png,test41.png,DHP - RND - 4000x4000,RND,Case 032,Plot04,3.55,2.2,0.78,32,,
Simulations/DHP - RND - 4000x4000/DHP - RND - 4000x4000/Case 032/Plot04/test42.png,test42.png,DHP - RND - 4000x4000,RND,Case 032,Plot04,3.55,2.2,0.78,32,,
Simulations/DHP - RND - 4000x4000/DHP - RND - 4000x4000/Case 032/Plot04/test43.png,test43.png,DHP - RND - 4000x4000,RND,Case 032,Plot04,3.55,2.2,0.78,32,,
Simulations/DHP - RND - 4000x4000/DHP - RND - 4000x4000/Case 032/Plot04/Test44.png,Test44.png,DHP - RND - 4000x4000,RND,Case 032,Plot04,3.55,2.2,0.78,32,,
Simulations/DHP - RND - 4000x4000/DHP - RND - 4000x4000/Case 032/Plot04/test45.png,test45.png,DHP - RND - 4000x4000,RND,Case 032,Plot04,3.55,2.2,0.78,32,,
Simulations/DHP - RND - 4000x4000/DHP - RND - 4000x4000/Case 032/Plot04/test46.png,test46.png,DHP - RND - 4000x4000,RND,Case 032,Plot04,3.55,2.2,0.78,32,,
Simulations/DHP - RND - 4000x4000/DHP - RND - 4000x4000/Case 032/Plot04/test47.png,test47.png,DHP - RND - 4000x4000,RND,Case 032,Plot04,3.55,2.2,0.78,32,,
Simulations/DHP - RND - 4000x4000/DHP - RND - 4000x4000/Case 032/Plot04/test48.png,test48.png,DHP - RND - 4000x4000,RND,Case 032,Plot04,3.55,2.2,0.78,32,,
Simulations/DHP - RND - 4000x4000/DHP - RND - 4000x4000/Case 032/Plot04/test49.png,test49.png,DHP - RND - 4000x4000,RND,Case 032,Plot04,3.55,2.2,0.78,32,,
Simulations/DHP - RND - 4000x4000/DHP - RND - 4000x4000/Case 031/Plot04/test40.png,test40.png,DHP - RND - 4000x4000,RND,Case 031,Plot04,3.79,3.1,0.89,31,,
Simulations/DHP - RND - 4000x4000/DHP - RND - 4000x4000/Case 031/Plot04/test41.png,test41.png,DHP - RND - 4000x4000,RND,Case 031,Plot04,3.79,3.1,0.89,31,,
Simulations/DHP - RND - 4000x4000/DHP - RND - 4000x4000/Case 031/Plot04/test42.png,test42.png,DHP - RND - 4000x4000,RND,Case 031,Plot04,3.79,3.1,0.89,31,,
Simulations/DHP - RND - 4000x4000/DHP - RND - 4000x4000/Case 031/Plot04/test43.png,test43.png,DHP - RND - 4000x4000,RND,Case 031,Plot04,3.79,3.1,0.89,31,,
Simulations/DHP - RND - 4000x4000/DHP - RND - 4000x4000/Case 031/Plot04/test44.png,test44.png,DHP - RND - 4000x4000,RND,Case 031,Plot04,3.79,3.1,0.89,31,,
Simulations/DHP - RND - 4000x4000/DHP - RND - 4000x4000/Case 031/Plot04/test45.png,test45.png,DHP - RND - 4000x4000,RND,Case 031,Plot04,3.79,3.1,0.89,31,,
Simulations/DHP - RND - 4000x4000/DHP - RND - 4000x4000/Case 031/Plot04/test46.png,test46.png,DHP - RND - 4000x4000,RND,Case 031,Plot04,3.79,3.1,0.89,31,,
Simulations/DHP - RND - 4000x4000/DHP - RND - 4000x4000/Case 031/Plot04/test47.png,test47.png,DHP - RND - 4000x4000,RND,Case 031,Plot04,3.79,3.1,0.89,31,,
Simulations/DHP - RND - 4000x4000/DHP - RND - 4000x4000/Case 031/Plot04/test48.png,test48.png,DHP - RND - 4000x4000,RND,Case 031,Plot04,3.79,3.1,0.89,31,,
Simulations/DHP - RND - 4000x4000/DHP - RND - 4000x4000/Case 031/Plot04/test49.png,test49.png,DHP - RND - 4000x4000,RND,Case 031,Plot04,3.79,3.1,0.89,31,,
Simulations/DHP - RND - 4000x4000/DHP - RND - 4000x4000/Case 030/Plot04/test40.png,test40.png,DHP - RND - 4000x4000,RND,Case 030,Plot04,3.55,2.2,0.78,30,,
Simulations/DHP - RND - 4000x4000/DHP - RND - 4000x4000/Case 030/Plot04/test41.png,test41.png,DHP - RND - 4000x4000,RND,Case 030,Plot04,3.55,2.2,0.78,30,,
Simulations/DHP - RND - 4000x4000/DHP - RND - 4000x4000/Case 030/Plot04/test42.png,test42.png,DHP - RND - 4000x4000,RND,Case 030,Plot04,3.55,2.2,0.78,30,,
Simulations/DHP - RND - 4000x4000/DHP - RND - 4000x4000/Case 030/Plot04/test43.png,test43.png,DHP - RND - 4000x4000,RND,Case 030,Plot04,3.55,2.2,0.78,30,,
Simulations/DHP - RND - 4000x4000/DHP - RND - 4000x4000/Case 030/Plot04/Test44.png,Test44.png,DHP - RND - 4000x4000,RND,Case 030,Plot04,3.55,2.2,0.78,30,,
Simulations/DHP - RND - 4000x4000/DHP - RND - 4000x4000/Case 030/Plot04/test45.png,test45.png,DHP - RND - 4000x4000,RND,Case 030,Plot04,3.55,2.2,0.78,30,,
Simulations/DHP - RND - 4000x4000/DHP - RND - 4000x4000/Case 030/Plot04/test46.png,test46.png,DHP - RND - 4000x4000,RND,Case 030,Plot04,3.55,2.2,0.78,30,,
Simulations/DHP - RND - 4000x4000/DHP - RND - 4000x4000/Case 030/Plot04/test47.png,test47.png,DHP - RND - 4000x4000,RND,Case 030,Plot04,3.55,2.2,0.78,30,,
Simulations/DHP - RND - 4000x4000/DHP - RND - 4000x4000/Case 030/Plot04/test48.png,test48.png,DHP - RND - 4000x4000,RND,Case 030,Plot04,3.55,2.2,0.78,30,,
Simulations/DHP - RND - 4000x4000/DHP - RND - 4000x4000/Case 030/Plot04/test49.png,test49.png,DHP - RND - 4000x4000,RND,Case 030,Plot04,3.55,2.2,0.78,30,,
Simulations/DHP - RND - 4000x4000/DHP - RND - 4000x4000/Case 029/Plot04/test40.png,test40.png,DHP - RND - 4000x4000,RND,Case 029,Plot04,3.21,2.85,1.0,29,,
Simulations/DHP - RND - 4000x4000/DHP - RND - 4000x4000/Case 029/Plot04/test41.png,test41.png,DHP - RND - 4000x4000,RND,Case 029,Plot04,3.21,2.85,1.0,29,,
Simulations/DHP - RND - 4000x4000/DHP - RND - 4000x4000/Case 029/Plot04/test42.png,test42.png,DHP - RND - 4000x4000,RND,Case 029,Plot04,3.21,2.85,1.0,29,,
Simulations/DHP - RND - 4000x4000/DHP - RND - 4000x4000/Case 029/Plot04/test43.png,test43.png,DHP - RND - 4000x4000,RND,Case 029,Plot04,3.21,2.85,1.0,29,,
Simulations/DHP - RND - 4000x4000/DHP - RND - 4000x4000/Case 029/Plot04/test44.png,test44.png,DHP - RND - 4000x4000,RND,Case 029,Plot04,3.21,2.85,1.0,29,,
Simulations/DHP - RND - 4000x4000/DHP - RND - 4000x4000/Case 029/Plot04/test45.png,test45.png,DHP - RND - 4000x4000,RND,Case 029,Plot04,3.21,2.85,1.0,29,,
Simulations/DHP - RND - 4000x4000/DHP - RND - 4000x4000/Case 029/Plot04/test46.png,test46.png,DHP - RND - 4000x4000,RND,Case 029,Plot04,3.21,2.85,1.0,29,,
Simulations/DHP - RND - 4000x4000/DHP - RND - 4000x4000/Case 029/Plot04/test47.png,test47.png,DHP - RND - 4000x4000,RND,Case 029,Plot04,3.21,2.85,1.0,29,,
Simulations/DHP - RND - 4000x4000/DHP - RND - 4000x4000/Case 029/Plot04/test48.png,test48.png,DHP - RND - 4000x4000,RND,Case 029,Plot04,3.21,2.85,1.0,29,,
Simulations/DHP - RND - 4000x4000/DHP - RND - 4000x4000/Case 029/Plot04/test49.png,test49.png,DHP - RND - 4000x4000,RND,Case 029,Plot04,3.21,2.85,1.0,29,,
Simulations/DHP - RND - 4000x4000/DHP - RND - 4000x4000/Case 028/Plot04/test40.png,test40.png,DHP - RND - 4000x4000,RND,Case 028,Plot04,7.735,7.0,0.94,28,,
Simulations/DHP - RND - 4000x4000/DHP - RND - 4000x4000/Case 028/Plot04/test41.png,test41.png,DHP - RND - 4000x4000,RND,Case 028,Plot04,7.735,7.0,0.94,28,,
Simulations/DHP - RND - 4000x4000/DHP - RND - 4000x4000/Case 028/Plot04/test42.png,test42.png,DHP - RND - 4000x4000,RND,Case 028,Plot04,7.735,7.0,0.94,28,,
Simulations/DHP - RND - 4000x4000/DHP - RND - 4000x4000/Case 028/Plot04/test43.png,test43.png,DHP - RND - 4000x4000,RND,Case 028,Plot04,7.735,7.0,0.94,28,,
Simulations/DHP - RND - 4000x4000/DHP - RND - 4000x4000/Case 028/Plot04/test44.png,test44.png,DHP - RND - 4000x4000,RND,Case 028,Plot04,7.735,7.0,0.94,28,,
Simulations/DHP - RND - 4000x4000/DHP - RND - 4000x4000/Case 028/Plot04/test45.png,test45.png,DHP - RND - 4000x4000,RND,Case 028,Plot04,7.735,7.0,0.94,28,,
Simulations/DHP - RND - 4000x4000/DHP - RND - 4000x4000/Case 028/Plot04/test46.png,test46.png,DHP - RND - 4000x4000,RND,Case 028,Plot04,7.735,7.0,0.94,28,,
Simulations/DHP - RND - 4000x4000/DHP - RND - 4000x4000/Case 028/Plot04/test47.png,test47.png,DHP - RND - 4000x4000,RND,Case 028,Plot04,7.735,7.0,0.94,28,,
Simulations/DHP - RND - 4000x4000/DHP - RND - 4000x4000/Case 028/Plot04/test48.png,test48.png,DHP - RND - 4000x4000,RND,Case 028,Plot04,7.735,7.0,0.94,28,,
Simulations/DHP - RND - 4000x4000/DHP - RND - 4000x4000/Case 028/Plot04/test49.png,test49.png,DHP - RND - 4000x4000,RND,Case 028,Plot04,7.735,7.0,0.94,28,,
Simulations/DHP - RND - 4000x4000/DHP - RND - 4000x4000/Case 027/Plot04/test40.png,test40.png,DHP - RND - 4000x4000,RND,Case 027,Plot04,6.074999999999999,6.0,0.99,27,,
Simulations/DHP - RND - 4000x4000/DHP - RND - 4000x4000/Case 027/Plot04/test41.png,test41.png,DHP - RND - 4000x4000,RND,Case 027,Plot04,6.074999999999999,6.0,0.99,27,,
Simulations/DHP - RND - 4000x4000/DHP - RND - 4000x4000/Case 027/Plot04/test42.png,test42.png,DHP - RND - 4000x4000,RND,Case 027,Plot04,6.074999999999999,6.0,0.99,27,,
Simulations/DHP - RND - 4000x4000/DHP - RND - 4000x4000/Case 027/Plot04/test43.png,test43.png,DHP - RND - 4000x4000,RND,Case 027,Plot04,6.074999999999999,6.0,0.99,27,,
Simulations/DHP - RND - 4000x4000/DHP - RND - 4000x4000/Case 027/Plot04/test44.png,test44.png,DHP - RND - 4000x4000,RND,Case 027,Plot04,6.074999999999999,6.0,0.99,27,,
Simulations/DHP - RND - 4000x4000/DHP - RND - 4000x4000/Case 027/Plot04/test45.png,test45.png,DHP - RND - 4000x4000,RND,Case 027,Plot04,6.074999999999999,6.0,0.99,27,,
Simulations/DHP - RND - 4000x4000/DHP - RND - 4000x4000/Case 027/Plot04/test46.png,test46.png,DHP - RND - 4000x4000,RND,Case 027,Plot04,6.074999999999999,6.0,0.99,27,,
Simulations/DHP - RND - 4000x4000/DHP - RND - 4000x4000/Case 027/Plot04/test47.png,test47.png,DHP - RND - 4000x4000,RND,Case 027,Plot04,6.074999999999999,6.0,0.99,27,,
Simulations/DHP - RND - 4000x4000/DHP - RND - 4000x4000/Case 027/Plot04/test48.png,test48.png,DHP - RND - 4000x4000,RND,Case 027,Plot04,6.074999999999999,6.0,0.99,27,,
Simulations/DHP - RND - 4000x4000/DHP - RND - 4000x4000/Case 027/Plot04/test49.png,test49.png,DHP - RND - 4000x4000,RND,Case 027,Plot04,6.074999999999999,6.0,0.99,27,,
Simulations/DHP - RND - 4000x4000/DHP - RND - 4000x4000/Case 026/Plot04/test40.png,test40.png,DHP - RND - 4000x4000,RND,Case 026,Plot04,5.074999999999999,5.0,0.99,26,,
Simulations/DHP - RND - 4000x4000/DHP - RND - 4000x4000/Case 026/Plot04/test41.png,test41.png,DHP - RND - 4000x4000,RND,Case 026,Plot04,5.074999999999999,5.0,0.99,26,,
Simulations/DHP - RND - 4000x4000/DHP - RND - 4000x4000/Case 026/Plot04/test42.png,test42.png,DHP - RND - 4000x4000,RND,Case 026,Plot04,5.074999999999999,5.0,0.99,26,,
Simulations/DHP - RND - 4000x4000/DHP - RND - 4000x4000/Case 026/Plot04/test43.png,test43.png,DHP - RND - 4000x4000,RND,Case 026,Plot04,5.074999999999999,5.0,0.99,26,,
Simulations/DHP - RND - 4000x4000/DHP - RND - 4000x4000/Case 026/Plot04/test44.png,test44.png,DHP - RND - 4000x4000,RND,Case 026,Plot04,5.074999999999999,5.0,0.99,26,,
Simulations/DHP - RND - 4000x4000/DHP - RND - 4000x4000/Case 026/Plot04/test45.png,test45.png,DHP - RND - 4000x4000,RND,Case 026,Plot04,5.074999999999999,5.0,0.99,26,,
Simulations/DHP - RND - 4000x4000/DHP - RND - 4000x4000/Case 026/Plot04/test46.png,test46.png,DHP - RND - 4000x4000,RND,Case 026,Plot04,5.074999999999999,5.0,0.99,26,,
Simulations/DHP - RND - 4000x4000/DHP - RND - 4000x4000/Case 026/Plot04/test47.png,test47.png,DHP - RND - 4000x4000,RND,Case 026,Plot04,5.074999999999999,5.0,0.99,26,,
Simulations/DHP - RND - 4000x4000/DHP - RND - 4000x4000/Case 026/Plot04/test48.png,test48.png,DHP - RND - 4000x4000,RND,Case 026,Plot04,5.074999999999999,5.0,0.99,26,,
Simulations/DHP - RND - 4000x4000/DHP - RND - 4000x4000/Case 026/Plot04/test49.png,test49.png,DHP - RND - 4000x4000,RND,Case 026,Plot04,5.074999999999999,5.0,0.99,26,,
Simulations/DHP - RND - 4000x4000/DHP - RND - 4000x4000/Case 025/Plot04/test40.png,test40.png,DHP - RND - 4000x4000,RND,Case 025,Plot04,4.074999999999999,4.0,0.99,25,,
Simulations/DHP - RND - 4000x4000/DHP - RND - 4000x4000/Case 025/Plot04/test41.png,test41.png,DHP - RND - 4000x4000,RND,Case 025,Plot04,4.074999999999999,4.0,0.99,25,,
Simulations/DHP - RND - 4000x4000/DHP - RND - 4000x4000/Case 025/Plot04/test42.png,test42.png,DHP - RND - 4000x4000,RND,Case 025,Plot04,4.074999999999999,4.0,0.99,25,,
Simulations/DHP - RND - 4000x4000/DHP - RND - 4000x4000/Case 025/Plot04/test43.png,test43.png,DHP - RND - 4000x4000,RND,Case 025,Plot04,4.074999999999999,4.0,0.99,25,,
Simulations/DHP - RND - 4000x4000/DHP - RND - 4000x4000/Case 025/Plot04/test44.png,test44.png,DHP - RND - 4000x4000,RND,Case 025,Plot04,4.074999999999999,4.0,0.99,25,,
Simulations/DHP - RND - 4000x4000/DHP - RND - 4000x4000/Case 025/Plot04/test45.png,test45.png,DHP - RND - 4000x4000,RND,Case 025,Plot04,4.074999999999999,4.0,0.99,25,,
Simulations/DHP - RND - 4000x4000/DHP - RND - 4000x4000/Case 025/Plot04/test46.png,test46.png,DHP - RND - 4000x4000,RND,Case 025,Plot04,4.074999999999999,4.0,0.99,25,,
Simulations/DHP - RND - 4000x4000/DHP - RND - 4000x4000/Case 025/Plot04/test47.png,test47.png,DHP - RND - 4000x4000,RND,Case 025,Plot04,4.074999999999999,4.0,0.99,25,,
Simulations/DHP - RND - 4000x4000/DHP - RND - 4000x4000/Case 025/Plot04/test48.png,test48.png,DHP - RND - 4000x4000,RND,Case 025,Plot04,4.074999999999999,4.0,0.99,25,,
Simulations/DHP - RND - 4000x4000/DHP - RND - 4000x4000/Case 025/Plot04/test49.png,test49.png,DHP - RND - 4000x4000,RND,Case 025,Plot04,4.074999999999999,4.0,0.99,25,,
Simulations/DHP - RND - 4000x4000/DHP - RND - 4000x4000/Case 024/Plot04/test40.png,test40.png,DHP - RND - 4000x4000,RND,Case 024,Plot04,4.735,4.0,0.9,24,,
Simulations/DHP - RND - 4000x4000/DHP - RND - 4000x4000/Case 024/Plot04/test41.png,test41.png,DHP - RND - 4000x4000,RND,Case 024,Plot04,4.735,4.0,0.9,24,,
Simulations/DHP - RND - 4000x4000/DHP - RND - 4000x4000/Case 024/Plot04/test42.png,test42.png,DHP - RND - 4000x4000,RND,Case 024,Plot04,4.735,4.0,0.9,24,,
Simulations/DHP - RND - 4000x4000/DHP - RND - 4000x4000/Case 024/Plot04/test43.png,test43.png,DHP - RND - 4000x4000,RND,Case 024,Plot04,4.735,4.0,0.9,24,,
Simulations/DHP - RND - 4000x4000/DHP - RND - 4000x4000/Case 024/Plot04/test44.png,test44.png,DHP - RND - 4000x4000,RND,Case 024,Plot04,4.735,4.0,0.9,24,,
Simulations/DHP - RND - 4000x4000/DHP - RND - 4000x4000/Case 024/Plot04/test45.png,test45.png,DHP - RND - 4000x4000,RND,Case 024,Plot04,4.735,4.0,0.9,24,,
Simulations/DHP - RND - 4000x4000/DHP - RND - 4000x4000/Case 024/Plot04/test46.png,test46.png,DHP - RND - 4000x4000,RND,Case 024,Plot04,4.735,4.0,0.9,24,,
Simulations/DHP - RND - 4000x4000/DHP - RND - 4000x4000/Case 024/Plot04/test47.png,test47.png,DHP - RND - 4000x4000,RND,Case 024,Plot04,4.735,4.0,0.9,24,,
Simulations/DHP - RND - 4000x4000/DHP - RND - 4000x4000/Case 024/Plot04/test48.png,test48.png,DHP - RND - 4000x4000,RND,Case 024,Plot04,4.735,4.0,0.9,24,,
Simulations/DHP - RND - 4000x4000/DHP - RND - 4000x4000/Case 024/Plot04/test49.png,test49.png,DHP - RND - 4000x4000,RND,Case 024,Plot04,4.735,4.0,0.9,24,,
Simulations/DHP - RND - 4000x4000/DHP - RND - 4000x4000/Case 023/Plot04/test40.png,test40.png,DHP - RND - 4000x4000,RND,Case 023,Plot04,0.31,0.25,0.88,23,,
Simulations/DHP - RND - 4000x4000/DHP - RND - 4000x4000/Case 023/Plot04/test41.png,test41.png,DHP - RND - 4000x4000,RND,Case 023,Plot04,0.31,0.25,0.88,23,,
Simulations/DHP - RND - 4000x4000/DHP - RND - 4000x4000/Case 023/Plot04/test42.png,test42.png,DHP - RND - 4000x4000,RND,Case 023,Plot04,0.31,0.25,0.88,23,,
Simulations/DHP - RND - 4000x4000/DHP - RND - 4000x4000/Case 023/Plot04/test43.png,test43.png,DHP - RND - 4000x4000,RND,Case 023,Plot04,0.31,0.25,0.88,23,,
Simulations/DHP - RND - 4000x4000/DHP - RND - 4000x4000/Case 023/Plot04/test44.png,test44.png,DHP - RND - 4000x4000,RND,Case 023,Plot04,0.31,0.25,0.88,23,,
Simulations/DHP - RND - 4000x4000/DHP - RND - 4000x4000/Case 023/Plot04/test45.png,test45.png,DHP - RND - 4000x4000,RND,Case 023,Plot04,0.31,0.25,0.88,23,,
Simulations/DHP - RND - 4000x4000/DHP - RND - 4000x4000/Case 023/Plot04/test46.png,test46.png,DHP - RND - 4000x4000,RND,Case 023,Plot04,0.31,0.25,0.88,23,,
Simulations/DHP - RND - 4000x4000/DHP - RND - 4000x4000/Case 023/Plot04/test47.png,test47.png,DHP - RND - 4000x4000,RND,Case 023,Plot04,0.31,0.25,0.88,23,,
Simulations/DHP - RND - 4000x4000/DHP - RND - 4000x4000/Case 023/Plot04/test48.png,test48.png,DHP - RND - 4000x4000,RND,Case 023,Plot04,0.31,0.25,0.88,23,,
Simulations/DHP - RND - 4000x4000/DHP - RND - 4000x4000/Case 023/Plot04/test49.png,test49.png,DHP - RND - 4000x4000,RND,Case 023,Plot04,0.31,0.25,0.88,23,,
Simulations/DHP - RND - 4000x4000/DHP - RND - 4000x4000/Case 022/Plot04/test40.png,test40.png,DHP - RND - 4000x4000,RND,Case 022,Plot04,0.31,0.25,0.88,22,,
Simulations/DHP - RND - 4000x4000/DHP - RND - 4000x4000/Case 022/Plot04/test41.png,test41.png,DHP - RND - 4000x4000,RND,Case 022,Plot04,0.31,0.25,0.88,22,,
Simulations/DHP - RND - 4000x4000/DHP - RND - 4000x4000/Case 022/Plot04/test42.png,test42.png,DHP - RND - 4000x4000,RND,Case 022,Plot04,0.31,0.25,0.88,22,,
Simulations/DHP - RND - 4000x4000/DHP - RND - 4000x4000/Case 022/Plot04/test43.png,test43.png,DHP - RND - 4000x4000,RND,Case 022,Plot04,0.31,0.25,0.88,22,,
Simulations/DHP - RND - 4000x4000/DHP - RND - 4000x4000/Case 022/Plot04/test44.png,test44.png,DHP - RND - 4000x4000,RND,Case 022,Plot04,0.31,0.25,0.88,22,,
Simulations/DHP - RND - 4000x4000/DHP - RND - 4000x4000/Case 022/Plot04/test45.png,test45.png,DHP - RND - 4000x4000,RND,Case 022,Plot04,0.31,0.25,0.88,22,,
Simulations/DHP - RND - 4000x4000/DHP - RND - 4000x4000/Case 022/Plot04/test46.png,test46.png,DHP - RND - 4000x4000,RND,Case 022,Plot04,0.31,0.25,0.88,22,,
Simulations/DHP - RND - 4000x4000/DHP - RND - 4000x4000/Case 022/Plot04/test47.png,test47.png,DHP - RND - 4000x4000,RND,Case 022,Plot04,0.31,0.25,0.88,22,,
Simulations/DHP - RND - 4000x4000/DHP - RND - 4000x4000/Case 022/Plot04/test48.png,test48.png,DHP - RND - 4000x4000,RND,Case 022,Plot04,0.31,0.25,0.88,22,,
Simulations/DHP - RND - 4000x4000/DHP - RND - 4000x4000/Case 022/Plot04/test49.png,test49.png,DHP - RND - 4000x4000,RND,Case 022,Plot04,0.31,0.25,0.88,22,,
Simulations/DHP - RND - 4000x4000/DHP - RND - 4000x4000/Case 021/Plot04/test40.png,test40.png,DHP - RND - 4000x4000,RND,Case 021,Plot04,1.415,1.25,0.93,21,,
Simulations/DHP - RND - 4000x4000/DHP - RND - 4000x4000/Case 021/Plot04/test41.png,test41.png,DHP - RND - 4000x4000,RND,Case 021,Plot04,1.415,1.25,0.93,21,,
Simulations/DHP - RND - 4000x4000/DHP - RND - 4000x4000/Case 021/Plot04/test42.png,test42.png,DHP - RND - 4000x4000,RND,Case 021,Plot04,1.415,1.25,0.93,21,,
Simulations/DHP - RND - 4000x4000/DHP - RND - 4000x4000/Case 021/Plot04/test43.png,test43.png,DHP - RND - 4000x4000,RND,Case 021,Plot04,1.415,1.25,0.93,21,,
Simulations/DHP - RND - 4000x4000/DHP - RND - 4000x4000/Case 021/Plot04/test44.png,test44.png,DHP - RND - 4000x4000,RND,Case 021,Plot04,1.415,1.25,0.93,21,,
Simulations/DHP - RND - 4000x4000/DHP - RND - 4000x4000/Case 021/Plot04/test45.png,test45.png,DHP - RND - 4000x4000,RND,Case 021,Plot04,1.415,1.25,0.93,21,,
Simulations/DHP - RND - 4000x4000/DHP - RND - 4000x4000/Case 021/Plot04/test46.png,test46.png,DHP - RND - 4000x4000,RND,Case 021,Plot04,1.415,1.25,0.93,21,,
Simulations/DHP - RND - 4000x4000/DHP - RND - 4000x4000/Case 021/Plot04/test47.png,test47.png,DHP - RND - 4000x4000,RND,Case 021,Plot04,1.415,1.25,0.93,21,,
Simulations/DHP - RND - 4000x4000/DHP - RND - 4000x4000/Case 021/Plot04/test48.png,test48.png,DHP - RND - 4000x4000,RND,Case 021,Plot04,1.415,1.25,0.93,21,,
Simulations/DHP - RND - 4000x4000/DHP - RND - 4000x4000/Case 021/Plot04/test49.png,test49.png,DHP - RND - 4000x4000,RND,Case 021,Plot04,1.415,1.25,0.93,21,,
Simulations/DHP - RND - 4000x4000/DHP - RND - 4000x4000/Case 020/Plot04/test40.png,test40.png,DHP - RND - 4000x4000,RND,Case 020,Plot04,1.415,1.25,0.93,20,,
Simulations/DHP - RND - 4000x4000/DHP - RND - 4000x4000/Case 020/Plot04/test41.png,test41.png,DHP - RND - 4000x4000,RND,Case 020,Plot04,1.415,1.25,0.93,20,,
Simulations/DHP - RND - 4000x4000/DHP - RND - 4000x4000/Case 020/Plot04/test42.png,test42.png,DHP - RND - 4000x4000,RND,Case 020,Plot04,1.415,1.25,0.93,20,,
Simulations/DHP - RND - 4000x4000/DHP - RND - 4000x4000/Case 020/Plot04/test43.png,test43.png,DHP - RND - 4000x4000,RND,Case 020,Plot04,1.415,1.25,0.93,20,,
Simulations/DHP - RND - 4000x4000/DHP - RND - 4000x4000/Case 020/Plot04/test44.png,test44.png,DHP - RND - 4000x4000,RND,Case 020,Plot04,1.415,1.25,0.93,20,,
Simulations/DHP - RND - 4000x4000/DHP - RND - 4000x4000/Case 020/Plot04/test45.png,test45.png,DHP - RND - 4000x4000,RND,Case 020,Plot04,1.415,1.25,0.93,20,,
Simulations/DHP - RND - 4000x4000/DHP - RND - 4000x4000/Case 020/Plot04/test46.png,test46.png,DHP - RND - 4000x4000,RND,Case 020,Plot04,1.415,1.25,0.93,20,,
Simulations/DHP - RND - 4000x4000/DHP - RND - 4000x4000/Case 020/Plot04/test47.png,test47.png,DHP - RND - 4000x4000,RND,Case 020,Plot04,1.415,1.25,0.93,20,,
Simulations/DHP - RND - 4000x4000/DHP - RND - 4000x4000/Case 020/Plot04/test48.png,test48.png,DHP - RND - 4000x4000,RND,Case 020,Plot04,1.415,1.25,0.93,20,,
Simulations/DHP - RND - 4000x4000/DHP - RND - 4000x4000/Case 020/Plot04/test49.png,test49.png,DHP - RND - 4000x4000,RND,Case 020,Plot04,1.415,1.25,0.93,20,,
Simulations/DHP - RND - 4000x4000/DHP - RND - 4000x4000/Case 019/Plot04/test40.png,test40.png,DHP - RND - 4000x4000,RND,Case 019,Plot04,3.195,3.0,0.96,19,,
Simulations/DHP - RND - 4000x4000/DHP - RND - 4000x4000/Case 019/Plot04/test41.png,test41.png,DHP - RND - 4000x4000,RND,Case 019,Plot04,3.195,3.0,0.96,19,,
Simulations/DHP - RND - 4000x4000/DHP - RND - 4000x4000/Case 019/Plot04/test42.png,test42.png,DHP - RND - 4000x4000,RND,Case 019,Plot04,3.195,3.0,0.96,19,,
Simulations/DHP - RND - 4000x4000/DHP - RND - 4000x4000/Case 019/Plot04/test43.png,test43.png,DHP - RND - 4000x4000,RND,Case 019,Plot04,3.195,3.0,0.96,19,,
Simulations/DHP - RND - 4000x4000/DHP - RND - 4000x4000/Case 019/Plot04/test44.png,test44.png,DHP - RND - 4000x4000,RND,Case 019,Plot04,3.195,3.0,0.96,19,,
Simulations/DHP - RND - 4000x4000/DHP - RND - 4000x4000/Case 019/Plot04/test45.png,test45.png,DHP - RND - 4000x4000,RND,Case 019,Plot04,3.195,3.0,0.96,19,,
Simulations/DHP - RND - 4000x4000/DHP - RND - 4000x4000/Case 019/Plot04/test46.png,test46.png,DHP - RND - 4000x4000,RND,Case 019,Plot04,3.195,3.0,0.96,19,,
Simulations/DHP - RND - 4000x4000/DHP - RND - 4000x4000/Case 019/Plot04/test47.png,test47.png,DHP - RND - 4000x4000,RND,Case 019,Plot04,3.195,3.0,0.96,19,,
Simulations/DHP - RND - 4000x4000/DHP - RND - 4000x4000/Case 019/Plot04/test48.png,test48.png,DHP - RND - 4000x4000,RND,Case 019,Plot04,3.195,3.0,0.96,19,,
Simulations/DHP - RND - 4000x4000/DHP - RND - 4000x4000/Case 019/Plot04/test49.png,test49.png,DHP - RND - 4000x4000,RND,Case 019,Plot04,3.195,3.0,0.96,19,,
Simulations/DHP - RND - 4000x4000/DHP - RND - 4000x4000/Case 018/Plot04/test40.png,test40.png,DHP - RND - 4000x4000,RND,Case 018,Plot04,1.165,1.0,0.91,18,,
Simulations/DHP - RND - 4000x4000/DHP - RND - 4000x4000/Case 018/Plot04/test41.png,test41.png,DHP - RND - 4000x4000,RND,Case 018,Plot04,1.165,1.0,0.91,18,,
Simulations/DHP - RND - 4000x4000/DHP - RND - 4000x4000/Case 018/Plot04/test42.png,test42.png,DHP - RND - 4000x4000,RND,Case 018,Plot04,1.165,1.0,0.91,18,,
Simulations/DHP - RND - 4000x4000/DHP - RND - 4000x4000/Case 018/Plot04/test43.png,test43.png,DHP - RND - 4000x4000,RND,Case 018,Plot04,1.165,1.0,0.91,18,,
Simulations/DHP - RND - 4000x4000/DHP - RND - 4000x4000/Case 018/Plot04/test44.png,test44.png,DHP - RND - 4000x4000,RND,Case 018,Plot04,1.165,1.0,0.91,18,,
Simulations/DHP - RND - 4000x4000/DHP - RND - 4000x4000/Case 018/Plot04/test45.png,test45.png,DHP - RND - 4000x4000,RND,Case 018,Plot04,1.165,1.0,0.91,18,,
Simulations/DHP - RND - 4000x4000/DHP - RND - 4000x4000/Case 018/Plot04/test46.png,test46.png,DHP - RND - 4000x4000,RND,Case 018,Plot04,1.165,1.0,0.91,18,,
Simulations/DHP - RND - 4000x4000/DHP - RND - 4000x4000/Case 018/Plot04/test47.png,test47.png,DHP - RND - 4000x4000,RND,Case 018,Plot04,1.165,1.0,0.91,18,,
Simulations/DHP - RND - 4000x4000/DHP - RND - 4000x4000/Case 018/Plot04/test48.png,test48.png,DHP - RND - 4000x4000,RND,Case 018,Plot04,1.165,1.0,0.91,18,,
Simulations/DHP - RND - 4000x4000/DHP - RND - 4000x4000/Case 018/Plot04/test49.png,test49.png,DHP - RND - 4000x4000,RND,Case 018,Plot04,1.165,1.0,0.91,18,,
Simulations/DHP - RND - 4000x4000/DHP - RND - 4000x4000/Case 017/Plot04/test40.png,test40.png,DHP - RND - 4000x4000,RND,Case 017,Plot04,5.300000000000001,5.0,0.96,17,,
Simulations/DHP - RND - 4000x4000/DHP - RND - 4000x4000/Case 017/Plot04/test41.png,test41.png,DHP - RND - 4000x4000,RND,Case 017,Plot04,5.300000000000001,5.0,0.96,17,,
Simulations/DHP - RND - 4000x4000/DHP - RND - 4000x4000/Case 017/Plot04/test42.png,test42.png,DHP - RND - 4000x4000,RND,Case 017,Plot04,5.300000000000001,5.0,0.96,17,,
Simulations/DHP - RND - 4000x4000/DHP - RND - 4000x4000/Case 017/Plot04/test43.png,test43.png,DHP - RND - 4000x4000,RND,Case 017,Plot04,5.300000000000001,5.0,0.96,17,,
Simulations/DHP - RND - 4000x4000/DHP - RND - 4000x4000/Case 017/Plot04/test44.png,test44.png,DHP - RND - 4000x4000,RND,Case 017,Plot04,5.300000000000001,5.0,0.96,17,,
Simulations/DHP - RND - 4000x4000/DHP - RND - 4000x4000/Case 017/Plot04/test45.png,test45.png,DHP - RND - 4000x4000,RND,Case 017,Plot04,5.300000000000001,5.0,0.96,17,,
Simulations/DHP - RND - 4000x4000/DHP - RND - 4000x4000/Case 017/Plot04/test46.png,test46.png,DHP - RND - 4000x4000,RND,Case 017,Plot04,5.300000000000001,5.0,0.96,17,,
Simulations/DHP - RND - 4000x4000/DHP - RND - 4000x4000/Case 017/Plot04/test47.png,test47.png,DHP - RND - 4000x4000,RND,Case 017,Plot04,5.300000000000001,5.0,0.96,17,,
Simulations/DHP - RND - 4000x4000/DHP - RND - 4000x4000/Case 017/Plot04/test48.png,test48.png,DHP - RND - 4000x4000,RND,Case 017,Plot04,5.300000000000001,5.0,0.96,17,,
Simulations/DHP - RND - 4000x4000/DHP - RND - 4000x4000/Case 017/Plot04/test49.png,test49.png,DHP - RND - 4000x4000,RND,Case 017,Plot04,5.300000000000001,5.0,0.96,17,,
Simulations/DHP - RND - 4000x4000/DHP - RND - 4000x4000/Case 016/Plot04/test40.png,test40.png,DHP - RND - 4000x4000,RND,Case 016,Plot04,5.725,5.5,0.97,16,,
Simulations/DHP - RND - 4000x4000/DHP - RND - 4000x4000/Case 016/Plot04/test41.png,test41.png,DHP - RND - 4000x4000,RND,Case 016,Plot04,5.725,5.5,0.97,16,,
Simulations/DHP - RND - 4000x4000/DHP - RND - 4000x4000/Case 016/Plot04/test42.png,test42.png,DHP - RND - 4000x4000,RND,Case 016,Plot04,5.725,5.5,0.97,16,,
Simulations/DHP - RND - 4000x4000/DHP - RND - 4000x4000/Case 016/Plot04/test43.png,test43.png,DHP - RND - 4000x4000,RND,Case 016,Plot04,5.725,5.5,0.97,16,,
Simulations/DHP - RND - 4000x4000/DHP - RND - 4000x4000/Case 016/Plot04/test44.png,test44.png,DHP - RND - 4000x4000,RND,Case 016,Plot04,5.725,5.5,0.97,16,,
Simulations/DHP - RND - 4000x4000/DHP - RND - 4000x4000/Case 016/Plot04/test45.png,test45.png,DHP - RND - 4000x4000,RND,Case 016,Plot04,5.725,5.5,0.97,16,,
Simulations/DHP - RND - 4000x4000/DHP - RND - 4000x4000/Case 016/Plot04/test46.png,test46.png,DHP - RND - 4000x4000,RND,Case 016,Plot04,5.725,5.5,0.97,16,,
Simulations/DHP - RND - 4000x4000/DHP - RND - 4000x4000/Case 016/Plot04/test47.png,test47.png,DHP - RND - 4000x4000,RND,Case 016,Plot04,5.725,5.5,0.97,16,,
Simulations/DHP - RND - 4000x4000/DHP - RND - 4000x4000/Case 016/Plot04/test48.png,test48.png,DHP - RND - 4000x4000,RND,Case 016,Plot04,5.725,5.5,0.97,16,,
Simulations/DHP - RND - 4000x4000/DHP - RND - 4000x4000/Case 016/Plot04/test49.png,test49.png,DHP - RND - 4000x4000,RND,Case 016,Plot04,5.725,5.5,0.97,16,,
Simulations/DHP - RND - 4000x4000/DHP - RND - 4000x4000/Case 015/Plot04/test40.png,test40.png,DHP - RND - 4000x4000,RND,Case 015,Plot04,3.42,2.7,1.0,15,,
Simulations/DHP - RND - 4000x4000/DHP - RND - 4000x4000/Case 015/Plot04/test41.png,test41.png,DHP - RND - 4000x4000,RND,Case 015,Plot04,3.42,2.7,1.0,15,,
Simulations/DHP - RND - 4000x4000/DHP - RND - 4000x4000/Case 015/Plot04/test42.png,test42.png,DHP - RND - 4000x4000,RND,Case 015,Plot04,3.42,2.7,1.0,15,,
Simulations/DHP - RND - 4000x4000/DHP - RND - 4000x4000/Case 015/Plot04/test43.png,test43.png,DHP - RND - 4000x4000,RND,Case 015,Plot04,3.42,2.7,1.0,15,,
Simulations/DHP - RND - 4000x4000/DHP - RND - 4000x4000/Case 015/Plot04/test44.png,test44.png,DHP - RND - 4000x4000,RND,Case 015,Plot04,3.42,2.7,1.0,15,,
Simulations/DHP - RND - 4000x4000/DHP - RND - 4000x4000/Case 015/Plot04/test45.png,test45.png,DHP - RND - 4000x4000,RND,Case 015,Plot04,3.42,2.7,1.0,15,,
Simulations/DHP - RND - 4000x4000/DHP - RND - 4000x4000/Case 015/Plot04/test46.png,test46.png,DHP - RND - 4000x4000,RND,Case 015,Plot04,3.42,2.7,1.0,15,,
Simulations/DHP - RND - 4000x4000/DHP - RND - 4000x4000/Case 015/Plot04/test47.png,test47.png,DHP - RND - 4000x4000,RND,Case 015,Plot04,3.42,2.7,1.0,15,,
Simulations/DHP - RND - 4000x4000/DHP - RND - 4000x4000/Case 015/Plot04/test48.png,test48.png,DHP - RND - 4000x4000,RND,Case 015,Plot04,3.42,2.7,1.0,15,,
Simulations/DHP - RND - 4000x4000/DHP - RND - 4000x4000/Case 015/Plot04/test49.png,test49.png,DHP - RND - 4000x4000,RND,Case 015,Plot04,3.42,2.7,1.0,15,,
Simulations/DHP - RND - 4000x4000/DHP - RND - 4000x4000/Case 014/Plot04/test40.png,test40.png,DHP - RND - 4000x4000,RND,Case 014,Plot04,2.82,2.1,1.0,14,,
Simulations/DHP - RND - 4000x4000/DHP - RND - 4000x4000/Case 014/Plot04/test41.png,test41.png,DHP - RND - 4000x4000,RND,Case 014,Plot04,2.82,2.1,1.0,14,,
Simulations/DHP - RND - 4000x4000/DHP - RND - 4000x4000/Case 014/Plot04/test42.png,test42.png,DHP - RND - 4000x4000,RND,Case 014,Plot04,2.82,2.1,1.0,14,,
Simulations/DHP - RND - 4000x4000/DHP - RND - 4000x4000/Case 014/Plot04/test43.png,test43.png,DHP - RND - 4000x4000,RND,Case 014,Plot04,2.82,2.1,1.0,14,,
Simulations/DHP - RND - 4000x4000/DHP - RND - 4000x4000/Case 014/Plot04/test44.png,test44.png,DHP - RND - 4000x4000,RND,Case 014,Plot04,2.82,2.1,1.0,14,,
Simulations/DHP - RND - 4000x4000/DHP - RND - 4000x4000/Case 014/Plot04/test45.png,test45.png,DHP - RND - 4000x4000,RND,Case 014,Plot04,2.82,2.1,1.0,14,,
Simulations/DHP - RND - 4000x4000/DHP - RND - 4000x4000/Case 014/Plot04/test46.png,test46.png,DHP - RND - 4000x4000,RND,Case 014,Plot04,2.82,2.1,1.0,14,,
Simulations/DHP - RND - 4000x4000/DHP - RND - 4000x4000/Case 014/Plot04/test47.png,test47.png,DHP - RND - 4000x4000,RND,Case 014,Plot04,2.82,2.1,1.0,14,,
Simulations/DHP - RND - 4000x4000/DHP - RND - 4000x4000/Case 014/Plot04/test48.png,test48.png,DHP - RND - 4000x4000,RND,Case 014,Plot04,2.82,2.1,1.0,14,,
Simulations/DHP - RND - 4000x4000/DHP - RND - 4000x4000/Case 014/Plot04/test49.png,test49.png,DHP - RND - 4000x4000,RND,Case 014,Plot04,2.82,2.1,1.0,14,,
Simulations/DHP - RND - 4000x4000/DHP - RND - 4000x4000/Case 013/Plot04/test40.png,test40.png,DHP - RND - 4000x4000,RND,Case 013,Plot04,4.24,4.0,0.96,13,,
Simulations/DHP - RND - 4000x4000/DHP - RND - 4000x4000/Case 013/Plot04/test41.png,test41.png,DHP - RND - 4000x4000,RND,Case 013,Plot04,4.24,4.0,0.96,13,,
Simulations/DHP - RND - 4000x4000/DHP - RND - 4000x4000/Case 013/Plot04/test42.png,test42.png,DHP - RND - 4000x4000,RND,Case 013,Plot04,4.24,4.0,0.96,13,,
Simulations/DHP - RND - 4000x4000/DHP - RND - 4000x4000/Case 013/Plot04/test43.png,test43.png,DHP - RND - 4000x4000,RND,Case 013,Plot04,4.24,4.0,0.96,13,,
Simulations/DHP - RND - 4000x4000/DHP - RND - 4000x4000/Case 013/Plot04/test44.png,test44.png,DHP - RND - 4000x4000,RND,Case 013,Plot04,4.24,4.0,0.96,13,,
Simulations/DHP - RND - 4000x4000/DHP - RND - 4000x4000/Case 013/Plot04/test45.png,test45.png,DHP - RND - 4000x4000,RND,Case 013,Plot04,4.24,4.0,0.96,13,,
Simulations/DHP - RND - 4000x4000/DHP - RND - 4000x4000/Case 013/Plot04/test46.png,test46.png,DHP - RND - 4000x4000,RND,Case 013,Plot04,4.24,4.0,0.96,13,,
Simulations/DHP - RND - 4000x4000/DHP - RND - 4000x4000/Case 013/Plot04/test47.png,test47.png,DHP - RND - 4000x4000,RND,Case 013,Plot04,4.24,4.0,0.96,13,,
Simulations/DHP - RND - 4000x4000/DHP - RND - 4000x4000/Case 013/Plot04/test48.png,test48.png,DHP - RND - 4000x4000,RND,Case 013,Plot04,4.24,4.0,0.96,13,,
Simulations/DHP - RND - 4000x4000/DHP - RND - 4000x4000/Case 013/Plot04/test49.png,test49.png,DHP - RND - 4000x4000,RND,Case 013,Plot04,4.24,4.0,0.96,13,,
Simulations/DHP - RND - 4000x4000/DHP - RND - 4000x4000/Case 012/Plot04/test40.png,test40.png,DHP - RND - 4000x4000,RND,Case 012,Plot04,3.205,2.5,0.86,12,,
Simulations/DHP - RND - 4000x4000/DHP - RND - 4000x4000/Case 012/Plot04/test41.png,test41.png,DHP - RND - 4000x4000,RND,Case 012,Plot04,3.205,2.5,0.86,12,,
Simulations/DHP - RND - 4000x4000/DHP - RND - 4000x4000/Case 012/Plot04/test42.png,test42.png,DHP - RND - 4000x4000,RND,Case 012,Plot04,3.205,2.5,0.86,12,,
Simulations/DHP - RND - 4000x4000/DHP - RND - 4000x4000/Case 012/Plot04/test43.png,test43.png,DHP - RND - 4000x4000,RND,Case 012,Plot04,3.205,2.5,0.86,12,,
Simulations/DHP - RND - 4000x4000/DHP - RND - 4000x4000/Case 012/Plot04/test44.png,test44.png,DHP - RND - 4000x4000,RND,Case 012,Plot04,3.205,2.5,0.86,12,,
Simulations/DHP - RND - 4000x4000/DHP - RND - 4000x4000/Case 012/Plot04/test45.png,test45.png,DHP - RND - 4000x4000,RND,Case 012,Plot04,3.205,2.5,0.86,12,,
Simulations/DHP - RND - 4000x4000/DHP - RND - 4000x4000/Case 012/Plot04/test46.png,test46.png,DHP - RND - 4000x4000,RND,Case 012,Plot04,3.205,2.5,0.86,12,,
Simulations/DHP - RND - 4000x4000/DHP - RND - 4000x4000/Case 012/Plot04/test47.png,test47.png,DHP - RND - 4000x4000,RND,Case 012,Plot04,3.205,2.5,0.86,12,,
Simulations/DHP - RND - 4000x4000/DHP - RND - 4000x4000/Case 012/Plot04/test48.png,test48.png,DHP - RND - 4000x4000,RND,Case 012,Plot04,3.205,2.5,0.86,12,,
Simulations/DHP - RND - 4000x4000/DHP - RND - 4000x4000/Case 012/Plot04/test49.png,test49.png,DHP - RND - 4000x4000,RND,Case 012,Plot04,3.205,2.5,0.86,12,,
Simulations/DHP - RND - 4000x4000/DHP - RND - 4000x4000/Case 011/Plot04/test40.png,test40.png,DHP - RND - 4000x4000,RND,Case 011,Plot04,3.0999999999999996,2.2,0.82,11,,
Simulations/DHP - RND - 4000x4000/DHP - RND - 4000x4000/Case 011/Plot04/test41.png,test41.png,DHP - RND - 4000x4000,RND,Case 011,Plot04,3.0999999999999996,2.2,0.82,11,,
Simulations/DHP - RND - 4000x4000/DHP - RND - 4000x4000/Case 011/Plot04/test42.png,test42.png,DHP - RND - 4000x4000,RND,Case 011,Plot04,3.0999999999999996,2.2,0.82,11,,
Simulations/DHP - RND - 4000x4000/DHP - RND - 4000x4000/Case 011/Plot04/test43.png,test43.png,DHP - RND - 4000x4000,RND,Case 011,Plot04,3.0999999999999996,2.2,0.82,11,,
Simulations/DHP - RND - 4000x4000/DHP - RND - 4000x4000/Case 011/Plot04/test44.png,test44.png,DHP - RND - 4000x4000,RND,Case 011,Plot04,3.0999999999999996,2.2,0.82,11,,
Simulations/DHP - RND - 4000x4000/DHP - RND - 4000x4000/Case 011/Plot04/test45.png,test45.png,DHP - RND - 4000x4000,RND,Case 011,Plot04,3.0999999999999996,2.2,0.82,11,,
Simulations/DHP - RND - 4000x4000/DHP - RND - 4000x4000/Case 011/Plot04/test46.png,test46.png,DHP - RND - 4000x4000,RND,Case 011,Plot04,3.0999999999999996,2.2,0.82,11,,
Simulations/DHP - RND - 4000x4000/DHP - RND - 4000x4000/Case 011/Plot04/test47.png,test47.png,DHP - RND - 4000x4000,RND,Case 011,Plot04,3.0999999999999996,2.2,0.82,11,,
Simulations/DHP - RND - 4000x4000/DHP - RND - 4000x4000/Case 011/Plot04/test48.png,test48.png,DHP - RND - 4000x4000,RND,Case 011,Plot04,3.0999999999999996,2.2,0.82,11,,
Simulations/DHP - RND - 4000x4000/DHP - RND - 4000x4000/Case 011/Plot04/test49.png,test49.png,DHP - RND - 4000x4000,RND,Case 011,Plot04,3.0999999999999996,2.2,0.82,11,,
Simulations/DHP - RND - 4000x4000/DHP - RND - 4000x4000/Case 010/Plot04/test40.png,test40.png,DHP - RND - 4000x4000,RND,Case 010,Plot04,4.289999999999999,3.6,0.9,10,,
Simulations/DHP - RND - 4000x4000/DHP - RND - 4000x4000/Case 010/Plot04/test41.png,test41.png,DHP - RND - 4000x4000,RND,Case 010,Plot04,4.289999999999999,3.6,0.9,10,,
Simulations/DHP - RND - 4000x4000/DHP - RND - 4000x4000/Case 010/Plot04/test42.png,test42.png,DHP - RND - 4000x4000,RND,Case 010,Plot04,4.289999999999999,3.6,0.9,10,,
Simulations/DHP - RND - 4000x4000/DHP - RND - 4000x4000/Case 010/Plot04/test43.png,test43.png,DHP - RND - 4000x4000,RND,Case 010,Plot04,4.289999999999999,3.6,0.9,10,,
Simulations/DHP - RND - 4000x4000/DHP - RND - 4000x4000/Case 010/Plot04/test44.png,test44.png,DHP - RND - 4000x4000,RND,Case 010,Plot04,4.289999999999999,3.6,0.9,10,,
Simulations/DHP - RND - 4000x4000/DHP - RND - 4000x4000/Case 010/Plot04/test45.png,test45.png,DHP - RND - 4000x4000,RND,Case 010,Plot04,4.289999999999999,3.6,0.9,10,,
Simulations/DHP - RND - 4000x4000/DHP - RND - 4000x4000/Case 010/Plot04/test46.png,test46.png,DHP - RND - 4000x4000,RND,Case 010,Plot04,4.289999999999999,3.6,0.9,10,,
Simulations/DHP - RND - 4000x4000/DHP - RND - 4000x4000/Case 010/Plot04/test47.png,test47.png,DHP - RND - 4000x4000,RND,Case 010,Plot04,4.289999999999999,3.6,0.9,10,,
Simulations/DHP - RND - 4000x4000/DHP - RND - 4000x4000/Case 010/Plot04/test48.png,test48.png,DHP - RND - 4000x4000,RND,Case 010,Plot04,4.289999999999999,3.6,0.9,10,,
Simulations/DHP - RND - 4000x4000/DHP - RND - 4000x4000/Case 010/Plot04/test49.png,test49.png,DHP - RND - 4000x4000,RND,Case 010,Plot04,4.289999999999999,3.6,0.9,10,,
Simulations/DHP - RND - 4000x4000/DHP - RND - 4000x4000/Case 009/Plot04/test40.png,test40.png,DHP - RND - 4000x4000,RND,Case 009,Plot04,2.635,2.5,0.97,9,,
Simulations/DHP - RND - 4000x4000/DHP - RND - 4000x4000/Case 009/Plot04/test41.png,test41.png,DHP - RND - 4000x4000,RND,Case 009,Plot04,2.635,2.5,0.97,9,,
Simulations/DHP - RND - 4000x4000/DHP - RND - 4000x4000/Case 009/Plot04/test42.png,test42.png,DHP - RND - 4000x4000,RND,Case 009,Plot04,2.635,2.5,0.97,9,,
Simulations/DHP - RND - 4000x4000/DHP - RND - 4000x4000/Case 009/Plot04/test43.png,test43.png,DHP - RND - 4000x4000,RND,Case 009,Plot04,2.635,2.5,0.97,9,,
Simulations/DHP - RND - 4000x4000/DHP - RND - 4000x4000/Case 009/Plot04/test44.png,test44.png,DHP - RND - 4000x4000,RND,Case 009,Plot04,2.635,2.5,0.97,9,,
Simulations/DHP - RND - 4000x4000/DHP - RND - 4000x4000/Case 009/Plot04/test45.png,test45.png,DHP - RND - 4000x4000,RND,Case 009,Plot04,2.635,2.5,0.97,9,,
Simulations/DHP - RND - 4000x4000/DHP - RND - 4000x4000/Case 009/Plot04/test46.png,test46.png,DHP - RND - 4000x4000,RND,Case 009,Plot04,2.635,2.5,0.97,9,,
Simulations/DHP - RND - 4000x4000/DHP - RND - 4000x4000/Case 009/Plot04/test47.png,test47.png,DHP - RND - 4000x4000,RND,Case 009,Plot04,2.635,2.5,0.97,9,,
Simulations/DHP - RND - 4000x4000/DHP - RND - 4000x4000/Case 009/Plot04/test48.png,test48.png,DHP - RND - 4000x4000,RND,Case 009,Plot04,2.635,2.5,0.97,9,,
Simulations/DHP - RND - 4000x4000/DHP - RND - 4000x4000/Case 009/Plot04/test49.png,test49.png,DHP - RND - 4000x4000,RND,Case 009,Plot04,2.635,2.5,0.97,9,,
Simulations/DHP - RND - 4000x4000/DHP - RND - 4000x4000/Case 008/Plot04/test40.png,test40.png,DHP - RND - 4000x4000,RND,Case 008,Plot04,0.56,0.5,0.93,8,,
Simulations/DHP - RND - 4000x4000/DHP - RND - 4000x4000/Case 008/Plot04/test41.png,test41.png,DHP - RND - 4000x4000,RND,Case 008,Plot04,0.56,0.5,0.93,8,,
Simulations/DHP - RND - 4000x4000/DHP - RND - 4000x4000/Case 008/Plot04/test42.png,test42.png,DHP - RND - 4000x4000,RND,Case 008,Plot04,0.56,0.5,0.93,8,,
Simulations/DHP - RND - 4000x4000/DHP - RND - 4000x4000/Case 008/Plot04/test43.png,test43.png,DHP - RND - 4000x4000,RND,Case 008,Plot04,0.56,0.5,0.93,8,,
Simulations/DHP - RND - 4000x4000/DHP - RND - 4000x4000/Case 008/Plot04/test44.png,test44.png,DHP - RND - 4000x4000,RND,Case 008,Plot04,0.56,0.5,0.93,8,,
Simulations/DHP - RND - 4000x4000/DHP - RND - 4000x4000/Case 008/Plot04/test45.png,test45.png,DHP - RND - 4000x4000,RND,Case 008,Plot04,0.56,0.5,0.93,8,,
Simulations/DHP - RND - 4000x4000/DHP - RND - 4000x4000/Case 008/Plot04/test46.png,test46.png,DHP - RND - 4000x4000,RND,Case 008,Plot04,0.56,0.5,0.93,8,,
Simulations/DHP - RND - 4000x4000/DHP - RND - 4000x4000/Case 008/Plot04/test47.png,test47.png,DHP - RND - 4000x4000,RND,Case 008,Plot04,0.56,0.5,0.93,8,,
Simulations/DHP - RND - 4000x4000/DHP - RND - 4000x4000/Case 008/Plot04/test48.png,test48.png,DHP - RND - 4000x4000,RND,Case 008,Plot04,0.56,0.5,0.93,8,,
Simulations/DHP - RND - 4000x4000/DHP - RND - 4000x4000/Case 008/Plot04/test49.png,test49.png,DHP - RND - 4000x4000,RND,Case 008,Plot04,0.56,0.5,0.93,8,,
Simulations/DHP - RND - 4000x4000/DHP - RND - 4000x4000/Case 007/Plot04/test40.png,test40.png,DHP - RND - 4000x4000,RND,Case 007,Plot04,2.06,2.0,0.98,7,,
Simulations/DHP - RND - 4000x4000/DHP - RND - 4000x4000/Case 007/Plot04/test41.png,test41.png,DHP - RND - 4000x4000,RND,Case 007,Plot04,2.06,2.0,0.98,7,,
Simulations/DHP - RND - 4000x4000/DHP - RND - 4000x4000/Case 007/Plot04/test42.png,test42.png,DHP - RND - 4000x4000,RND,Case 007,Plot04,2.06,2.0,0.98,7,,
Simulations/DHP - RND - 4000x4000/DHP - RND - 4000x4000/Case 007/Plot04/test43.png,test43.png,DHP - RND - 4000x4000,RND,Case 007,Plot04,2.06,2.0,0.98,7,,
Simulations/DHP - RND - 4000x4000/DHP - RND - 4000x4000/Case 007/Plot04/test44.png,test44.png,DHP - RND - 4000x4000,RND,Case 007,Plot04,2.06,2.0,0.98,7,,
Simulations/DHP - RND - 4000x4000/DHP - RND - 4000x4000/Case 007/Plot04/test45.png,test45.png,DHP - RND - 4000x4000,RND,Case 007,Plot04,2.06,2.0,0.98,7,,
Simulations/DHP - RND - 4000x4000/DHP - RND - 4000x4000/Case 007/Plot04/test46.png,test46.png,DHP - RND - 4000x4000,RND,Case 007,Plot04,2.06,2.0,0.98,7,,
Simulations/DHP - RND - 4000x4000/DHP - RND - 4000x4000/Case 007/Plot04/test47.png,test47.png,DHP - RND - 4000x4000,RND,Case 007,Plot04,2.06,2.0,0.98,7,,
Simulations/DHP - RND - 4000x4000/DHP - RND - 4000x4000/Case 007/Plot04/test48.png,test48.png,DHP - RND - 4000x4000,RND,Case 007,Plot04,2.06,2.0,0.98,7,,
Simulations/DHP - RND - 4000x4000/DHP - RND - 4000x4000/Case 007/Plot04/test49.png,test49.png,DHP - RND - 4000x4000,RND,Case 007,Plot04,2.06,2.0,0.98,7,,
Simulations/DHP - RND - 4000x4000/DHP - RND - 4000x4000/Case 006/Plot04/test40.png,test40.png,DHP - RND - 4000x4000,RND,Case 006,Plot04,2.135,2.0,0.96,6,,
Simulations/DHP - RND - 4000x4000/DHP - RND - 4000x4000/Case 006/Plot04/test41.png,test41.png,DHP - RND - 4000x4000,RND,Case 006,Plot04,2.135,2.0,0.96,6,,
Simulations/DHP - RND - 4000x4000/DHP - RND - 4000x4000/Case 006/Plot04/test42.png,test42.png,DHP - RND - 4000x4000,RND,Case 006,Plot04,2.135,2.0,0.96,6,,
Simulations/DHP - RND - 4000x4000/DHP - RND - 4000x4000/Case 006/Plot04/test43.png,test43.png,DHP - RND - 4000x4000,RND,Case 006,Plot04,2.135,2.0,0.96,6,,
Simulations/DHP - RND - 4000x4000/DHP - RND - 4000x4000/Case 006/Plot04/test44.png,test44.png,DHP - RND - 4000x4000,RND,Case 006,Plot04,2.135,2.0,0.96,6,,
Simulations/DHP - RND - 4000x4000/DHP - RND - 4000x4000/Case 006/Plot04/test45.png,test45.png,DHP - RND - 4000x4000,RND,Case 006,Plot04,2.135,2.0,0.96,6,,
Simulations/DHP - RND - 4000x4000/DHP - RND - 4000x4000/Case 006/Plot04/test46.png,test46.png,DHP - RND - 4000x4000,RND,Case 006,Plot04,2.135,2.0,0.96,6,,
Simulations/DHP - RND - 4000x4000/DHP - RND - 4000x4000/Case 006/Plot04/test47.png,test47.png,DHP - RND - 4000x4000,RND,Case 006,Plot04,2.135,2.0,0.96,6,,
Simulations/DHP - RND - 4000x4000/DHP - RND - 4000x4000/Case 006/Plot04/test48.png,test48.png,DHP - RND - 4000x4000,RND,Case 006,Plot04,2.135,2.0,0.96,6,,
Simulations/DHP - RND - 4000x4000/DHP - RND - 4000x4000/Case 006/Plot04/test49.png,test49.png,DHP - RND - 4000x4000,RND,Case 006,Plot04,2.135,2.0,0.96,6,,
Simulations/DHP - RND - 4000x4000/DHP - RND - 4000x4000/Case 005/Plot04/test40.png,test40.png,DHP - RND - 4000x4000,RND,Case 005,Plot04,2.135,2.0,0.96,5,,
Simulations/DHP - RND - 4000x4000/DHP - RND - 4000x4000/Case 005/Plot04/test41.png,test41.png,DHP - RND - 4000x4000,RND,Case 005,Plot04,2.135,2.0,0.96,5,,
Simulations/DHP - RND - 4000x4000/DHP - RND - 4000x4000/Case 005/Plot04/test42.png,test42.png,DHP - RND - 4000x4000,RND,Case 005,Plot04,2.135,2.0,0.96,5,,
Simulations/DHP - RND - 4000x4000/DHP - RND - 4000x4000/Case 005/Plot04/test43.png,test43.png,DHP - RND - 4000x4000,RND,Case 005,Plot04,2.135,2.0,0.96,5,,
Simulations/DHP - RND - 4000x4000/DHP - RND - 4000x4000/Case 005/Plot04/test44.png,test44.png,DHP - RND - 4000x4000,RND,Case 005,Plot04,2.135,2.0,0.96,5,,
Simulations/DHP - RND - 4000x4000/DHP - RND - 4000x4000/Case 005/Plot04/test45.png,test45.png,DHP - RND - 4000x4000,RND,Case 005,Plot04,2.135,2.0,0.96,5,,
Simulations/DHP - RND - 4000x4000/DHP - RND - 4000x4000/Case 005/Plot04/test46.png,test46.png,DHP - RND - 4000x4000,RND,Case 005,Plot04,2.135,2.0,0.96,5,,
Simulations/DHP - RND - 4000x4000/DHP - RND - 4000x4000/Case 005/Plot04/test47.png,test47.png,DHP - RND - 4000x4000,RND,Case 005,Plot04,2.135,2.0,0.96,5,,
Simulations/DHP - RND - 4000x4000/DHP - RND - 4000x4000/Case 005/Plot04/test48.png,test48.png,DHP - RND - 4000x4000,RND,Case 005,Plot04,2.135,2.0,0.96,5,,
Simulations/DHP - RND - 4000x4000/DHP - RND - 4000x4000/Case 005/Plot04/test49.png,test49.png,DHP - RND - 4000x4000,RND,Case 005,Plot04,2.135,2.0,0.96,5,,
Simulations/DHP - RND - 4000x4000/DHP - RND - 4000x4000/Case 004/Plot04/test40.png,test40.png,DHP - RND - 4000x4000,RND,Case 004,Plot04,2.135,2.0,0.96,4,,
Simulations/DHP - RND - 4000x4000/DHP - RND - 4000x4000/Case 004/Plot04/test41.png,test41.png,DHP - RND - 4000x4000,RND,Case 004,Plot04,2.135,2.0,0.96,4,,
Simulations/DHP - RND - 4000x4000/DHP - RND - 4000x4000/Case 004/Plot04/test42.png,test42.png,DHP - RND - 4000x4000,RND,Case 004,Plot04,2.135,2.0,0.96,4,,
Simulations/DHP - RND - 4000x4000/DHP - RND - 4000x4000/Case 004/Plot04/test43.png,test43.png,DHP - RND - 4000x4000,RND,Case 004,Plot04,2.135,2.0,0.96,4,,
Simulations/DHP - RND - 4000x4000/DHP - RND - 4000x4000/Case 004/Plot04/test44.png,test44.png,DHP - RND - 4000x4000,RND,Case 004,Plot04,2.135,2.0,0.96,4,,
Simulations/DHP - RND - 4000x4000/DHP - RND - 4000x4000/Case 004/Plot04/test45.png,test45.png,DHP - RND - 4000x4000,RND,Case 004,Plot04,2.135,2.0,0.96,4,,
Simulations/DHP - RND - 4000x4000/DHP - RND - 4000x4000/Case 004/Plot04/test46.png,test46.png,DHP - RND - 4000x4000,RND,Case 004,Plot04,2.135,2.0,0.96,4,,
Simulations/DHP - RND - 4000x4000/DHP - RND - 4000x4000/Case 004/Plot04/test47.png,test47.png,DHP - RND - 4000x4000,RND,Case 004,Plot04,2.135,2.0,0.96,4,,
Simulations/DHP - RND - 4000x4000/DHP - RND - 4000x4000/Case 004/Plot04/test48.png,test48.png,DHP - RND - 4000x4000,RND,Case 004,Plot04,2.135,2.0,0.96,4,,
Simulations/DHP - RND - 4000x4000/DHP - RND - 4000x4000/Case 004/Plot04/test49.png,test49.png,DHP - RND - 4000x4000,RND,Case 004,Plot04,2.135,2.0,0.96,4,,
Simulations/DHP - RND - 4000x4000/DHP - RND - 4000x4000/Case 003/Plot04/test40.png,test40.png,DHP - RND - 4000x4000,RND,Case 003,Plot04,1.135,1.0,0.92,3,,
Simulations/DHP - RND - 4000x4000/DHP - RND - 4000x4000/Case 003/Plot04/test41.png,test41.png,DHP - RND - 4000x4000,RND,Case 003,Plot04,1.135,1.0,0.92,3,,
Simulations/DHP - RND - 4000x4000/DHP - RND - 4000x4000/Case 003/Plot04/test42.png,test42.png,DHP - RND - 4000x4000,RND,Case 003,Plot04,1.135,1.0,0.92,3,,
Simulations/DHP - RND - 4000x4000/DHP - RND - 4000x4000/Case 003/Plot04/test43.png,test43.png,DHP - RND - 4000x4000,RND,Case 003,Plot04,1.135,1.0,0.92,3,,
Simulations/DHP - RND - 4000x4000/DHP - RND - 4000x4000/Case 003/Plot04/test44.png,test44.png,DHP - RND - 4000x4000,RND,Case 003,Plot04,1.135,1.0,0.92,3,,
Simulations/DHP - RND - 4000x4000/DHP - RND - 4000x4000/Case 003/Plot04/test45.png,test45.png,DHP - RND - 4000x4000,RND,Case 003,Plot04,1.135,1.0,0.92,3,,
Simulations/DHP - RND - 4000x4000/DHP - RND - 4000x4000/Case 003/Plot04/test46.png,test46.png,DHP - RND - 4000x4000,RND,Case 003,Plot04,1.135,1.0,0.92,3,,
Simulations/DHP - RND - 4000x4000/DHP - RND - 4000x4000/Case 003/Plot04/test47.png,test47.png,DHP - RND - 4000x4000,RND,Case 003,Plot04,1.135,1.0,0.92,3,,
Simulations/DHP - RND - 4000x4000/DHP - RND - 4000x4000/Case 003/Plot04/test48.png,test48.png,DHP - RND - 4000x4000,RND,Case 003,Plot04,1.135,1.0,0.92,3,,
Simulations/DHP - RND - 4000x4000/DHP - RND - 4000x4000/Case 003/Plot04/test49.png,test49.png,DHP - RND - 4000x4000,RND,Case 003,Plot04,1.135,1.0,0.92,3,,
Simulations/DHP - RND - 4000x4000/DHP - RND - 4000x4000/Case 002/Plot04/test40.png,test40.png,DHP - RND - 4000x4000,RND,Case 002,Plot04,2.135,2.0,0.96,2,,
Simulations/DHP - RND - 4000x4000/DHP - RND - 4000x4000/Case 002/Plot04/test41.png,test41.png,DHP - RND - 4000x4000,RND,Case 002,Plot04,2.135,2.0,0.96,2,,
Simulations/DHP - RND - 4000x4000/DHP - RND - 4000x4000/Case 002/Plot04/test42.png,test42.png,DHP - RND - 4000x4000,RND,Case 002,Plot04,2.135,2.0,0.96,2,,
Simulations/DHP - RND - 4000x4000/DHP - RND - 4000x4000/Case 002/Plot04/test43.png,test43.png,DHP - RND - 4000x4000,RND,Case 002,Plot04,2.135,2.0,0.96,2,,
Simulations/DHP - RND - 4000x4000/DHP - RND - 4000x4000/Case 002/Plot04/test44.png,test44.png,DHP - RND - 4000x4000,RND,Case 002,Plot04,2.135,2.0,0.96,2,,
Simulations/DHP - RND - 4000x4000/DHP - RND - 4000x4000/Case 002/Plot04/test45.png,test45.png,DHP - RND - 4000x4000,RND,Case 002,Plot04,2.135,2.0,0.96,2,,
Simulations/DHP - RND - 4000x4000/DHP - RND - 4000x4000/Case 002/Plot04/test46.png,test46.png,DHP - RND - 4000x4000,RND,Case 002,Plot04,2.135,2.0,0.96,2,,
Simulations/DHP - RND - 4000x4000/DHP - RND - 4000x4000/Case 002/Plot04/test47.png,test47.png,DHP - RND - 4000x4000,RND,Case 002,Plot04,2.135,2.0,0.96,2,,
Simulations/DHP - RND - 4000x4000/DHP - RND - 4000x4000/Case 002/Plot04/test48.png,test48.png,DHP - RND - 4000x4000,RND,Case 002,Plot04,2.135,2.0,0.96,2,,
Simulations/DHP - RND - 4000x4000/DHP - RND - 4000x4000/Case 002/Plot04/test49.png,test49.png,DHP - RND - 4000x4000,RND,Case 002,Plot04,2.135,2.0,0.96,2,,
Simulations/DHP - RND - 4000x4000/DHP - RND - 4000x4000/Case 001/Plot04/test40.png,test40.png,DHP - RND - 4000x4000,RND,Case 001,Plot04,3.135,3.0,0.97,1,,
Simulations/DHP - RND - 4000x4000/DHP - RND - 4000x4000/Case 001/Plot04/test41.png,test41.png,DHP - RND - 4000x4000,RND,Case 001,Plot04,3.135,3.0,0.97,1,,
Simulations/DHP - RND - 4000x4000/DHP - RND - 4000x4000/Case 001/Plot04/test42.png,test42.png,DHP - RND - 4000x4000,RND,Case 001,Plot04,3.135,3.0,0.97,1,,
Simulations/DHP - RND - 4000x4000/DHP - RND - 4000x4000/Case 001/Plot04/test43.png,test43.png,DHP - RND - 4000x4000,RND,Case 001,Plot04,3.135,3.0,0.97,1,,
Simulations/DHP - RND - 4000x4000/DHP - RND - 4000x4000/Case 001/Plot04/test44.png,test44.png,DHP - RND - 4000x4000,RND,Case 001,Plot04,3.135,3.0,0.97,1,,
Simulations/DHP - RND - 4000x4000/DHP - RND - 4000x4000/Case 001/Plot04/test45.png,test45.png,DHP - RND - 4000x4000,RND,Case 001,Plot04,3.135,3.0,0.97,1,,
Simulations/DHP - RND - 4000x4000/DHP - RND - 4000x4000/Case 001/Plot04/test46.png,test46.png,DHP - RND - 4000x4000,RND,Case 001,Plot04,3.135,3.0,0.97,1,,
Simulations/DHP - RND - 4000x4000/DHP - RND - 4000x4000/Case 001/Plot04/test47.png,test47.png,DHP - RND - 4000x4000,RND,Case 001,Plot04,3.135,3.0,0.97,1,,
Simulations/DHP - RND - 4000x4000/DHP - RND - 4000x4000/Case 001/Plot04/test48.png,test48.png,DHP - RND - 4000x4000,RND,Case 001,Plot04,3.135,3.0,0.97,1,,
Simulations/DHP - RND - 4000x4000/DHP - RND - 4000x4000/Case 001/Plot04/test49.png,test49.png,DHP - RND - 4000x4000,RND,Case 001,Plot04,3.135,3.0,0.97,1,,
Simulations/DHP - PLANO - 4000x4000/DHP - PLANO - 4000x4000/Case 075/Plot04/test40.png,test40.png,DHP - PLANO - 4000x4000,PLANO,Case 075,Plot04,2.6,2.6,1.0,75,1.67,0.917
Simulations/DHP - PLANO - 4000x4000/DHP - PLANO - 4000x4000/Case 075/Plot04/test41.png,test41.png,DHP - PLANO - 4000x4000,PLANO,Case 075,Plot04,2.6,2.6,1.0,75,1.67,0.917
Simulations/DHP - PLANO - 4000x4000/DHP - PLANO - 4000x4000/Case 075/Plot04/test42.png,test42.png,DHP - PLANO - 4000x4000,PLANO,Case 075,Plot04,2.6,2.6,1.0,75,1.67,0.917
Simulations/DHP - PLANO - 4000x4000/DHP - PLANO - 4000x4000/Case 075/Plot04/test43.png,test43.png,DHP - PLANO - 4000x4000,PLANO,Case 075,Plot04,2.6,2.6,1.0,75,1.67,0.917
Simulations/DHP - PLANO - 4000x4000/DHP - PLANO - 4000x4000/Case 075/Plot04/test44.png,test44.png,DHP - PLANO - 4000x4000,PLANO,Case 075,Plot04,2.6,2.6,1.0,75,1.67,0.917
Simulations/DHP - PLANO - 4000x4000/DHP - PLANO - 4000x4000/Case 075/Plot04/test45.png,test45.png,DHP - PLANO - 4000x4000,PLANO,Case 075,Plot04,2.6,2.6,1.0,75,1.67,0.917
Simulations/DHP - PLANO - 4000x4000/DHP - PLANO - 4000x4000/Case 075/Plot04/test46.png,test46.png,DHP - PLANO - 4000x4000,PLANO,Case 075,Plot04,2.6,2.6,1.0,75,1.67,0.917
Simulations/DHP - PLANO - 4000x4000/DHP - PLANO - 4000x4000/Case 075/Plot04/test47.png,test47.png,DHP - PLANO - 4000x4000,PLANO,Case 075,Plot04,2.6,2.6,1.0,75,1.67,0.917
Simulations/DHP - PLANO - 4000x4000/DHP - PLANO - 4000x4000/Case 075/Plot04/test48.png,test48.png,DHP - PLANO - 4000x4000,PLANO,Case 075,Plot04,2.6,2.6,1.0,75,1.67,0.917
Simulations/DHP - PLANO - 4000x4000/DHP - PLANO - 4000x4000/Case 075/Plot04/test49.png,test49.png,DHP - PLANO - 4000x4000,PLANO,Case 075,Plot04,2.6,2.6,1.0,75,1.67,0.917
Simulations/DHP - PLANO - 4000x4000/DHP - PLANO - 4000x4000/Case 074/Plot04/test40.png,test40.png,DHP - PLANO - 4000x4000,PLANO,Case 074,Plot04,4.03,4.0,1.0,74,2.23,0.79
Simulations/DHP - PLANO - 4000x4000/DHP - PLANO - 4000x4000/Case 074/Plot04/test41.png,test41.png,DHP - PLANO - 4000x4000,PLANO,Case 074,Plot04,4.03,4.0,1.0,74,2.23,0.79
Simulations/DHP - PLANO - 4000x4000/DHP - PLANO - 4000x4000/Case 074/Plot04/test42.png,test42.png,DHP - PLANO - 4000x4000,PLANO,Case 074,Plot04,4.03,4.0,1.0,74,2.23,0.79
Simulations/DHP - PLANO - 4000x4000/DHP - PLANO - 4000x4000/Case 074/Plot04/test43.png,test43.png,DHP - PLANO - 4000x4000,PLANO,Case 074,Plot04,4.03,4.0,1.0,74,2.23,0.79
Simulations/DHP - PLANO - 4000x4000/DHP - PLANO - 4000x4000/Case 074/Plot04/test44.png,test44.png,DHP - PLANO - 4000x4000,PLANO,Case 074,Plot04,4.03,4.0,1.0,74,2.23,0.79
Simulations/DHP - PLANO - 4000x4000/DHP - PLANO - 4000x4000/Case 074/Plot04/test45.png,test45.png,DHP - PLANO - 4000x4000,PLANO,Case 074,Plot04,4.03,4.0,1.0,74,2.23,0.79
Simulations/DHP - PLANO - 4000x4000/DHP - PLANO - 4000x4000/Case 074/Plot04/test46.png,test46.png,DHP - PLANO - 4000x4000,PLANO,Case 074,Plot04,4.03,4.0,1.0,74,2.23,0.79
Simulations/DHP - PLANO - 4000x4000/DHP - PLANO - 4000x4000/Case 074/Plot04/test47.png,test47.png,DHP - PLANO - 4000x4000,PLANO,Case 074,Plot04,4.03,4.0,1.0,74,2.23,0.79
Simulations/DHP - PLANO - 4000x4000/DHP - PLANO - 4000x4000/Case 074/Plot04/test48.png,test48.png,DHP - PLANO - 4000x4000,PLANO,Case 074,Plot04,4.03,4.0,1.0,74,2.23,0.79
Simulations/DHP - PLANO - 4000x4000/DHP - PLANO - 4000x4000/Case 074/Plot04/test49.png,test49.png,DHP - PLANO - 4000x4000,PLANO,Case 074,Plot04,4.03,4.0,1.0,74,2.23,0.79
Simulations/DHP - PLANO - 4000x4000/DHP - PLANO - 4000x4000/Case 073/Plot04/test40.png,test40.png,DHP - PLANO - 4000x4000,PLANO,Case 073,Plot04,1.3,1.25,1.0,73,0.74,0.68
Simulations/DHP - PLANO - 4000x4000/DHP - PLANO - 4000x4000/Case 073/Plot04/test41.png,test41.png,DHP - PLANO - 4000x4000,PLANO,Case 073,Plot04,1.3,1.25,1.0,73,0.74,0.68
Simulations/DHP - PLANO - 4000x4000/DHP - PLANO - 4000x4000/Case 073/Plot04/test42.png,test42.png,DHP - PLANO - 4000x4000,PLANO,Case 073,Plot04,1.3,1.25,1.0,73,0.74,0.68
Simulations/DHP - PLANO - 4000x4000/DHP - PLANO - 4000x4000/Case 073/Plot04/test43.png,test43.png,DHP - PLANO - 4000x4000,PLANO,Case 073,Plot04,1.3,1.25,1.0,73,0.74,0.68
Simulations/DHP - PLANO - 4000x4000/DHP - PLANO - 4000x4000/Case 073/Plot04/test44.png,test44.png,DHP - PLANO - 4000x4000,PLANO,Case 073,Plot04,1.3,1.25,1.0,73,0.74,0.68
Simulations/DHP - PLANO - 4000x4000/DHP - PLANO - 4000x4000/Case 073/Plot04/test45.png,test45.png,DHP - PLANO - 4000x4000,PLANO,Case 073,Plot04,1.3,1.25,1.0,73,0.74,0.68
Simulations/DHP - PLANO - 4000x4000/DHP - PLANO - 4000x4000/Case 073/Plot04/test46.png,test46.png,DHP - PLANO - 4000x4000,PLANO,Case 073,Plot04,1.3,1.25,1.0,73,0.74,0.68
Simulations/DHP - PLANO - 4000x4000/DHP - PLANO - 4000x4000/Case 073/Plot04/test47.png,test47.png,DHP - PLANO - 4000x4000,PLANO,Case 073,Plot04,1.3,1.25,1.0,73,0.74,0.68
Simulations/DHP - PLANO - 4000x4000/DHP - PLANO - 4000x4000/Case 073/Plot04/test48.png,test48.png,DHP - PLANO - 4000x4000,PLANO,Case 073,Plot04,1.3,1.25,1.0,73,0.74,0.68
Simulations/DHP - PLANO - 4000x4000/DHP - PLANO - 4000x4000/Case 073/Plot04/test49.png,test49.png,DHP - PLANO - 4000x4000,PLANO,Case 073,Plot04,1.3,1.25,1.0,73,0.74,0.68
Simulations/DHP - PLANO - 4000x4000/DHP - PLANO - 4000x4000/Case 072/Plot04/test40.png,test40.png,DHP - PLANO - 4000x4000,PLANO,Case 072,Plot04,2.03,2.0,1.0,72,1.07,0.73
Simulations/DHP - PLANO - 4000x4000/DHP - PLANO - 4000x4000/Case 072/Plot04/test41.png,test41.png,DHP - PLANO - 4000x4000,PLANO,Case 072,Plot04,2.03,2.0,1.0,72,1.07,0.73
Simulations/DHP - PLANO - 4000x4000/DHP - PLANO - 4000x4000/Case 072/Plot04/test42.png,test42.png,DHP - PLANO - 4000x4000,PLANO,Case 072,Plot04,2.03,2.0,1.0,72,1.07,0.73
Simulations/DHP - PLANO - 4000x4000/DHP - PLANO - 4000x4000/Case 072/Plot04/test43.png,test43.png,DHP - PLANO - 4000x4000,PLANO,Case 072,Plot04,2.03,2.0,1.0,72,1.07,0.73
Simulations/DHP - PLANO - 4000x4000/DHP - PLANO - 4000x4000/Case 072/Plot04/test44.png,test44.png,DHP - PLANO - 4000x4000,PLANO,Case 072,Plot04,2.03,2.0,1.0,72,1.07,0.73
Simulations/DHP - PLANO - 4000x4000/DHP - PLANO - 4000x4000/Case 072/Plot04/test45.png,test45.png,DHP - PLANO - 4000x4000,PLANO,Case 072,Plot04,2.03,2.0,1.0,72,1.07,0.73
Simulations/DHP - PLANO - 4000x4000/DHP - PLANO - 4000x4000/Case 072/Plot04/test46.png,test46.png,DHP - PLANO - 4000x4000,PLANO,Case 072,Plot04,2.03,2.0,1.0,72,1.07,0.73
Simulations/DHP - PLANO - 4000x4000/DHP - PLANO - 4000x4000/Case 072/Plot04/test47.png,test47.png,DHP - PLANO - 4000x4000,PLANO,Case 072,Plot04,2.03,2.0,1.0,72,1.07,0.73
Simulations/DHP - PLANO - 4000x4000/DHP - PLANO - 4000x4000/Case 072/Plot04/test48.png,test48.png,DHP - PLANO - 4000x4000,PLANO,Case 072,Plot04,2.03,2.0,1.0,72,1.07,0.73
Simulations/DHP - PLANO - 4000x4000/DHP - PLANO - 4000x4000/Case 072/Plot04/test49.png,test49.png,DHP - PLANO - 4000x4000,PLANO,Case 072,Plot04,2.03,2.0,1.0,72,1.07,0.73
Simulations/DHP - PLANO - 4000x4000/DHP - PLANO - 4000x4000/Case 071/Plot04/test40.png,test40.png,DHP - PLANO - 4000x4000,PLANO,Case 071,Plot04,2.38,2.25,1.0,71,1.15,0.73
Simulations/DHP - PLANO - 4000x4000/DHP - PLANO - 4000x4000/Case 071/Plot04/test41.png,test41.png,DHP - PLANO - 4000x4000,PLANO,Case 071,Plot04,2.38,2.25,1.0,71,1.15,0.73
Simulations/DHP - PLANO - 4000x4000/DHP - PLANO - 4000x4000/Case 071/Plot04/test42.png,test42.png,DHP - PLANO - 4000x4000,PLANO,Case 071,Plot04,2.38,2.25,1.0,71,1.15,0.73
Simulations/DHP - PLANO - 4000x4000/DHP - PLANO - 4000x4000/Case 071/Plot04/test43.png,test43.png,DHP - PLANO - 4000x4000,PLANO,Case 071,Plot04,2.38,2.25,1.0,71,1.15,0.73
Simulations/DHP - PLANO - 4000x4000/DHP - PLANO - 4000x4000/Case 071/Plot04/test44.png,test44.png,DHP - PLANO - 4000x4000,PLANO,Case 071,Plot04,2.38,2.25,1.0,71,1.15,0.73
Simulations/DHP - PLANO - 4000x4000/DHP - PLANO - 4000x4000/Case 071/Plot04/test45.png,test45.png,DHP - PLANO - 4000x4000,PLANO,Case 071,Plot04,2.38,2.25,1.0,71,1.15,0.73
Simulations/DHP - PLANO - 4000x4000/DHP - PLANO - 4000x4000/Case 071/Plot04/test46.png,test46.png,DHP - PLANO - 4000x4000,PLANO,Case 071,Plot04,2.38,2.25,1.0,71,1.15,0.73
Simulations/DHP - PLANO - 4000x4000/DHP - PLANO - 4000x4000/Case 071/Plot04/test47.png,test47.png,DHP - PLANO - 4000x4000,PLANO,Case 071,Plot04,2.38,2.25,1.0,71,1.15,0.73
Simulations/DHP - PLANO - 4000x4000/DHP - PLANO - 4000x4000/Case 071/Plot04/test48.png,test48.png,DHP - PLANO - 4000x4000,PLANO,Case 071,Plot04,2.38,2.25,1.0,71,1.15,0.73
Simulations/DHP - PLANO - 4000x4000/DHP - PLANO - 4000x4000/Case 071/Plot04/test49.png,test49.png,DHP - PLANO - 4000x4000,PLANO,Case 071,Plot04,2.38,2.25,1.0,71,1.15,0.73
Simulations/DHP - PLANO - 4000x4000/DHP - PLANO - 4000x4000/Case 070/Plot04/test40.png,test40.png,DHP - PLANO - 4000x4000,PLANO,Case 070,Plot04,3.61,3.5,1.0,70,1.85,0.69
Simulations/DHP - PLANO - 4000x4000/DHP - PLANO - 4000x4000/Case 070/Plot04/test41.png,test41.png,DHP - PLANO - 4000x4000,PLANO,Case 070,Plot04,3.61,3.5,1.0,70,1.85,0.69
Simulations/DHP - PLANO - 4000x4000/DHP - PLANO - 4000x4000/Case 070/Plot04/test42.png,test42.png,DHP - PLANO - 4000x4000,PLANO,Case 070,Plot04,3.61,3.5,1.0,70,1.85,0.69
Simulations/DHP - PLANO - 4000x4000/DHP - PLANO - 4000x4000/Case 070/Plot04/test43.png,test43.png,DHP - PLANO - 4000x4000,PLANO,Case 070,Plot04,3.61,3.5,1.0,70,1.85,0.69
Simulations/DHP - PLANO - 4000x4000/DHP - PLANO - 4000x4000/Case 070/Plot04/test44.png,test44.png,DHP - PLANO - 4000x4000,PLANO,Case 070,Plot04,3.61,3.5,1.0,70,1.85,0.69
Simulations/DHP - PLANO - 4000x4000/DHP - PLANO - 4000x4000/Case 070/Plot04/test45.png,test45.png,DHP - PLANO - 4000x4000,PLANO,Case 070,Plot04,3.61,3.5,1.0,70,1.85,0.69
Simulations/DHP - PLANO - 4000x4000/DHP - PLANO - 4000x4000/Case 070/Plot04/test46.png,test46.png,DHP - PLANO - 4000x4000,PLANO,Case 070,Plot04,3.61,3.5,1.0,70,1.85,0.69
Simulations/DHP - PLANO - 4000x4000/DHP - PLANO - 4000x4000/Case 070/Plot04/test47.png,test47.png,DHP - PLANO - 4000x4000,PLANO,Case 070,Plot04,3.61,3.5,1.0,70,1.85,0.69
Simulations/DHP - PLANO - 4000x4000/DHP - PLANO - 4000x4000/Case 070/Plot04/test48.png,test48.png,DHP - PLANO - 4000x4000,PLANO,Case 070,Plot04,3.61,3.5,1.0,70,1.85,0.69
Simulations/DHP - PLANO - 4000x4000/DHP - PLANO - 4000x4000/Case 070/Plot04/test49.png,test49.png,DHP - PLANO - 4000x4000,PLANO,Case 070,Plot04,3.61,3.5,1.0,70,1.85,0.69
Simulations/DHP - PLANO - 4000x4000/DHP - PLANO - 4000x4000/Case 069/Plot04/test40.png,test40.png,DHP - PLANO - 4000x4000,PLANO,Case 069,Plot04,4.33,4.2,1.0,69,2.29,0.71
Simulations/DHP - PLANO - 4000x4000/DHP - PLANO - 4000x4000/Case 069/Plot04/test41.png,test41.png,DHP - PLANO - 4000x4000,PLANO,Case 069,Plot04,4.33,4.2,1.0,69,2.29,0.71
Simulations/DHP - PLANO - 4000x4000/DHP - PLANO - 4000x4000/Case 069/Plot04/test42.png,test42.png,DHP - PLANO - 4000x4000,PLANO,Case 069,Plot04,4.33,4.2,1.0,69,2.29,0.71
Simulations/DHP - PLANO - 4000x4000/DHP - PLANO - 4000x4000/Case 069/Plot04/test43.png,test43.png,DHP - PLANO - 4000x4000,PLANO,Case 069,Plot04,4.33,4.2,1.0,69,2.29,0.71
Simulations/DHP - PLANO - 4000x4000/DHP - PLANO - 4000x4000/Case 069/Plot04/test44.png,test44.png,DHP - PLANO - 4000x4000,PLANO,Case 069,Plot04,4.33,4.2,1.0,69,2.29,0.71
Simulations/DHP - PLANO - 4000x4000/DHP - PLANO - 4000x4000/Case 069/Plot04/test45.png,test45.png,DHP - PLANO - 4000x4000,PLANO,Case 069,Plot04,4.33,4.2,1.0,69,2.29,0.71
Simulations/DHP - PLANO - 4000x4000/DHP - PLANO - 4000x4000/Case 069/Plot04/test46.png,test46.png,DHP - PLANO - 4000x4000,PLANO,Case 069,Plot04,4.33,4.2,1.0,69,2.29,0.71
Simulations/DHP - PLANO - 4000x4000/DHP - PLANO - 4000x4000/Case 069/Plot04/test47.png,test47.png,DHP - PLANO - 4000x4000,PLANO,Case 069,Plot04,4.33,4.2,1.0,69,2.29,0.71
Simulations/DHP - PLANO - 4000x4000/DHP - PLANO - 4000x4000/Case 069/Plot04/test48.png,test48.png,DHP - PLANO - 4000x4000,PLANO,Case 069,Plot04,4.33,4.2,1.0,69,2.29,0.71
Simulations/DHP - PLANO - 4000x4000/DHP - PLANO - 4000x4000/Case 069/Plot04/test49.png,test49.png,DHP - PLANO - 4000x4000,PLANO,Case 069,Plot04,4.33,4.2,1.0,69,2.29,0.71
Simulations/DHP - PLANO - 4000x4000/DHP - PLANO - 4000x4000/Case 068/Plot04/test40.png,test40.png,DHP - PLANO - 4000x4000,PLANO,Case 068,Plot04,4.99,4.9,1.0,68,2.11,0.64
Simulations/DHP - PLANO - 4000x4000/DHP - PLANO - 4000x4000/Case 068/Plot04/test41.png,test41.png,DHP - PLANO - 4000x4000,PLANO,Case 068,Plot04,4.99,4.9,1.0,68,2.11,0.64
Simulations/DHP - PLANO - 4000x4000/DHP - PLANO - 4000x4000/Case 068/Plot04/test42.png,test42.png,DHP - PLANO - 4000x4000,PLANO,Case 068,Plot04,4.99,4.9,1.0,68,2.11,0.64
Simulations/DHP - PLANO - 4000x4000/DHP - PLANO - 4000x4000/Case 068/Plot04/test43.png,test43.png,DHP - PLANO - 4000x4000,PLANO,Case 068,Plot04,4.99,4.9,1.0,68,2.11,0.64
Simulations/DHP - PLANO - 4000x4000/DHP - PLANO - 4000x4000/Case 068/Plot04/test44.png,test44.png,DHP - PLANO - 4000x4000,PLANO,Case 068,Plot04,4.99,4.9,1.0,68,2.11,0.64
Simulations/DHP - PLANO - 4000x4000/DHP - PLANO - 4000x4000/Case 068/Plot04/test45.png,test45.png,DHP - PLANO - 4000x4000,PLANO,Case 068,Plot04,4.99,4.9,1.0,68,2.11,0.64
Simulations/DHP - PLANO - 4000x4000/DHP - PLANO - 4000x4000/Case 068/Plot04/test46.png,test46.png,DHP - PLANO - 4000x4000,PLANO,Case 068,Plot04,4.99,4.9,1.0,68,2.11,0.64
Simulations/DHP - PLANO - 4000x4000/DHP - PLANO - 4000x4000/Case 068/Plot04/test47.png,test47.png,DHP - PLANO - 4000x4000,PLANO,Case 068,Plot04,4.99,4.9,1.0,68,2.11,0.64
Simulations/DHP - PLANO - 4000x4000/DHP - PLANO - 4000x4000/Case 068/Plot04/test48.png,test48.png,DHP - PLANO - 4000x4000,PLANO,Case 068,Plot04,4.99,4.9,1.0,68,2.11,0.64
Simulations/DHP - PLANO - 4000x4000/DHP - PLANO - 4000x4000/Case 068/Plot04/test49.png,test49.png,DHP - PLANO - 4000x4000,PLANO,Case 068,Plot04,4.99,4.9,1.0,68,2.11,0.64
Simulations/DHP - PLANO - 4000x4000/DHP - PLANO - 4000x4000/Case 067/Plot04/test40.png,test40.png,DHP - PLANO - 4000x4000,PLANO,Case 067,Plot04,4.38,4.3,1.0,67,2.49,0.69
Simulations/DHP - PLANO - 4000x4000/DHP - PLANO - 4000x4000/Case 067/Plot04/test41.png,test41.png,DHP - PLANO - 4000x4000,PLANO,Case 067,Plot04,4.38,4.3,1.0,67,2.49,0.69
Simulations/DHP - PLANO - 4000x4000/DHP - PLANO - 4000x4000/Case 067/Plot04/test42.png,test42.png,DHP - PLANO - 4000x4000,PLANO,Case 067,Plot04,4.38,4.3,1.0,67,2.49,0.69
Simulations/DHP - PLANO - 4000x4000/DHP - PLANO - 4000x4000/Case 067/Plot04/test43.png,test43.png,DHP - PLANO - 4000x4000,PLANO,Case 067,Plot04,4.38,4.3,1.0,67,2.49,0.69
Simulations/DHP - PLANO - 4000x4000/DHP - PLANO - 4000x4000/Case 067/Plot04/test44.png,test44.png,DHP - PLANO - 4000x4000,PLANO,Case 067,Plot04,4.38,4.3,1.0,67,2.49,0.69
Simulations/DHP - PLANO - 4000x4000/DHP - PLANO - 4000x4000/Case 067/Plot04/test45.png,test45.png,DHP - PLANO - 4000x4000,PLANO,Case 067,Plot04,4.38,4.3,1.0,67,2.49,0.69
Simulations/DHP - PLANO - 4000x4000/DHP - PLANO - 4000x4000/Case 067/Plot04/test46.png,test46.png,DHP - PLANO - 4000x4000,PLANO,Case 067,Plot04,4.38,4.3,1.0,67,2.49,0.69
Simulations/DHP - PLANO - 4000x4000/DHP - PLANO - 4000x4000/Case 067/Plot04/test47.png,test47.png,DHP - PLANO - 4000x4000,PLANO,Case 067,Plot04,4.38,4.3,1.0,67,2.49,0.69
Simulations/DHP - PLANO - 4000x4000/DHP - PLANO - 4000x4000/Case 067/Plot04/test48.png,test48.png,DHP - PLANO - 4000x4000,PLANO,Case 067,Plot04,4.38,4.3,1.0,67,2.49,0.69
Simulations/DHP - PLANO - 4000x4000/DHP - PLANO - 4000x4000/Case 067/Plot04/test49.png,test49.png,DHP - PLANO - 4000x4000,PLANO,Case 067,Plot04,4.38,4.3,1.0,67,2.49,0.69
Simulations/DHP - PLANO - 4000x4000/DHP - PLANO - 4000x4000/Case 066/Plot04/test40.png,test40.png,DHP - PLANO - 4000x4000,PLANO,Case 066,Plot04,3.88,3.8,1.0,66,2.04,0.71
Simulations/DHP - PLANO - 4000x4000/DHP - PLANO - 4000x4000/Case 066/Plot04/test41.png,test41.png,DHP - PLANO - 4000x4000,PLANO,Case 066,Plot04,3.88,3.8,1.0,66,2.04,0.71
Simulations/DHP - PLANO - 4000x4000/DHP - PLANO - 4000x4000/Case 066/Plot04/test42.png,test42.png,DHP - PLANO - 4000x4000,PLANO,Case 066,Plot04,3.88,3.8,1.0,66,2.04,0.71
Simulations/DHP - PLANO - 4000x4000/DHP - PLANO - 4000x4000/Case 066/Plot04/test43.png,test43.png,DHP - PLANO - 4000x4000,PLANO,Case 066,Plot04,3.88,3.8,1.0,66,2.04,0.71
Simulations/DHP - PLANO - 4000x4000/DHP - PLANO - 4000x4000/Case 066/Plot04/test44.png,test44.png,DHP - PLANO - 4000x4000,PLANO,Case 066,Plot04,3.88,3.8,1.0,66,2.04,0.71
Simulations/DHP - PLANO - 4000x4000/DHP - PLANO - 4000x4000/Case 066/Plot04/test45.png,test45.png,DHP - PLANO - 4000x4000,PLANO,Case 066,Plot04,3.88,3.8,1.0,66,2.04,0.71
Simulations/DHP - PLANO - 4000x4000/DHP - PLANO - 4000x4000/Case 066/Plot04/test46.png,test46.png,DHP - PLANO - 4000x4000,PLANO,Case 066,Plot04,3.88,3.8,1.0,66,2.04,0.71
Simulations/DHP - PLANO - 4000x4000/DHP - PLANO - 4000x4000/Case 066/Plot04/test47.png,test47.png,DHP - PLANO - 4000x4000,PLANO,Case 066,Plot04,3.88,3.8,1.0,66,2.04,0.71
Simulations/DHP - PLANO - 4000x4000/DHP - PLANO - 4000x4000/Case 066/Plot04/test48.png,test48.png,DHP - PLANO - 4000x4000,PLANO,Case 066,Plot04,3.88,3.8,1.0,66,2.04,0.71
Simulations/DHP - PLANO - 4000x4000/DHP - PLANO - 4000x4000/Case 066/Plot04/test49.png,test49.png,DHP - PLANO - 4000x4000,PLANO,Case 066,Plot04,3.88,3.8,1.0,66,2.04,0.71
Simulations/DHP - PLANO - 4000x4000/DHP - PLANO - 4000x4000/Case 065/Plot04/test40.png,test40.png,DHP - PLANO - 4000x4000,PLANO,Case 065,Plot04,6.78,6.7,1.0,65,2.72,0.56
Simulations/DHP - PLANO - 4000x4000/DHP - PLANO - 4000x4000/Case 065/Plot04/test41.png,test41.png,DHP - PLANO - 4000x4000,PLANO,Case 065,Plot04,6.78,6.7,1.0,65,2.72,0.56
Simulations/DHP - PLANO - 4000x4000/DHP - PLANO - 4000x4000/Case 065/Plot04/test42.png,test42.png,DHP - PLANO - 4000x4000,PLANO,Case 065,Plot04,6.78,6.7,1.0,65,2.72,0.56
Simulations/DHP - PLANO - 4000x4000/DHP - PLANO - 4000x4000/Case 065/Plot04/test43.png,test43.png,DHP - PLANO - 4000x4000,PLANO,Case 065,Plot04,6.78,6.7,1.0,65,2.72,0.56
Simulations/DHP - PLANO - 4000x4000/DHP - PLANO - 4000x4000/Case 065/Plot04/test44.png,test44.png,DHP - PLANO - 4000x4000,PLANO,Case 065,Plot04,6.78,6.7,1.0,65,2.72,0.56
Simulations/DHP - PLANO - 4000x4000/DHP - PLANO - 4000x4000/Case 065/Plot04/test45.png,test45.png,DHP - PLANO - 4000x4000,PLANO,Case 065,Plot04,6.78,6.7,1.0,65,2.72,0.56
Simulations/DHP - PLANO - 4000x4000/DHP - PLANO - 4000x4000/Case 065/Plot04/test46.png,test46.png,DHP - PLANO - 4000x4000,PLANO,Case 065,Plot04,6.78,6.7,1.0,65,2.72,0.56
Simulations/DHP - PLANO - 4000x4000/DHP - PLANO - 4000x4000/Case 065/Plot04/test47.png,test47.png,DHP - PLANO - 4000x4000,PLANO,Case 065,Plot04,6.78,6.7,1.0,65,2.72,0.56
Simulations/DHP - PLANO - 4000x4000/DHP - PLANO - 4000x4000/Case 065/Plot04/test48.png,test48.png,DHP - PLANO - 4000x4000,PLANO,Case 065,Plot04,6.78,6.7,1.0,65,2.72,0.56
Simulations/DHP - PLANO - 4000x4000/DHP - PLANO - 4000x4000/Case 065/Plot04/test49.png,test49.png,DHP - PLANO - 4000x4000,PLANO,Case 065,Plot04,6.78,6.7,1.0,65,2.72,0.56
Simulations/DHP - PLANO - 4000x4000/DHP - PLANO - 4000x4000/Case 064/Plot04/test40.png,test40.png,DHP - PLANO - 4000x4000,PLANO,Case 064,Plot04,0.92,0.9,1.0,64,0.52,0.7
Simulations/DHP - PLANO - 4000x4000/DHP - PLANO - 4000x4000/Case 064/Plot04/test41.png,test41.png,DHP - PLANO - 4000x4000,PLANO,Case 064,Plot04,0.92,0.9,1.0,64,0.52,0.7
Simulations/DHP - PLANO - 4000x4000/DHP - PLANO - 4000x4000/Case 064/Plot04/test42.png,test42.png,DHP - PLANO - 4000x4000,PLANO,Case 064,Plot04,0.92,0.9,1.0,64,0.52,0.7
Simulations/DHP - PLANO - 4000x4000/DHP - PLANO - 4000x4000/Case 064/Plot04/test43.png,test43.png,DHP - PLANO - 4000x4000,PLANO,Case 064,Plot04,0.92,0.9,1.0,64,0.52,0.7
Simulations/DHP - PLANO - 4000x4000/DHP - PLANO - 4000x4000/Case 064/Plot04/test44.png,test44.png,DHP - PLANO - 4000x4000,PLANO,Case 064,Plot04,0.92,0.9,1.0,64,0.52,0.7
Simulations/DHP - PLANO - 4000x4000/DHP - PLANO - 4000x4000/Case 064/Plot04/test45.png,test45.png,DHP - PLANO - 4000x4000,PLANO,Case 064,Plot04,0.92,0.9,1.0,64,0.52,0.7
Simulations/DHP - PLANO - 4000x4000/DHP - PLANO - 4000x4000/Case 064/Plot04/test46.png,test46.png,DHP - PLANO - 4000x4000,PLANO,Case 064,Plot04,0.92,0.9,1.0,64,0.52,0.7
Simulations/DHP - PLANO - 4000x4000/DHP - PLANO - 4000x4000/Case 064/Plot04/test47.png,test47.png,DHP - PLANO - 4000x4000,PLANO,Case 064,Plot04,0.92,0.9,1.0,64,0.52,0.7
Simulations/DHP - PLANO - 4000x4000/DHP - PLANO - 4000x4000/Case 064/Plot04/test48.png,test48.png,DHP - PLANO - 4000x4000,PLANO,Case 064,Plot04,0.92,0.9,1.0,64,0.52,0.7
Simulations/DHP - PLANO - 4000x4000/DHP - PLANO - 4000x4000/Case 064/Plot04/test49.png,test49.png,DHP - PLANO - 4000x4000,PLANO,Case 064,Plot04,0.92,0.9,1.0,64,0.52,0.7
Simulations/DHP - PLANO - 4000x4000/DHP - PLANO - 4000x4000/Case 063/Plot04/test40.png,test40.png,DHP - PLANO - 4000x4000,PLANO,Case 063,Plot04,0.94,0.9,1.0,63,0.43,0.71
Simulations/DHP - PLANO - 4000x4000/DHP - PLANO - 4000x4000/Case 063/Plot04/test41.png,test41.png,DHP - PLANO - 4000x4000,PLANO,Case 063,Plot04,0.94,0.9,1.0,63,0.43,0.71
Simulations/DHP - PLANO - 4000x4000/DHP - PLANO - 4000x4000/Case 063/Plot04/test42.png,test42.png,DHP - PLANO - 4000x4000,PLANO,Case 063,Plot04,0.94,0.9,1.0,63,0.43,0.71
Simulations/DHP - PLANO - 4000x4000/DHP - PLANO - 4000x4000/Case 063/Plot04/test43.png,test43.png,DHP - PLANO - 4000x4000,PLANO,Case 063,Plot04,0.94,0.9,1.0,63,0.43,0.71
Simulations/DHP - PLANO - 4000x4000/DHP - PLANO - 4000x4000/Case 063/Plot04/test44.png,test44.png,DHP - PLANO - 4000x4000,PLANO,Case 063,Plot04,0.94,0.9,1.0,63,0.43,0.71
Simulations/DHP - PLANO - 4000x4000/DHP - PLANO - 4000x4000/Case 063/Plot04/test45.png,test45.png,DHP - PLANO - 4000x4000,PLANO,Case 063,Plot04,0.94,0.9,1.0,63,0.43,0.71
Simulations/DHP - PLANO - 4000x4000/DHP - PLANO - 4000x4000/Case 063/Plot04/test46.png,test46.png,DHP - PLANO - 4000x4000,PLANO,Case 063,Plot04,0.94,0.9,1.0,63,0.43,0.71
Simulations/DHP - PLANO - 4000x4000/DHP - PLANO - 4000x4000/Case 063/Plot04/test47.png,test47.png,DHP - PLANO - 4000x4000,PLANO,Case 063,Plot04,0.94,0.9,1.0,63,0.43,0.71
Simulations/DHP - PLANO - 4000x4000/DHP - PLANO - 4000x4000/Case 063/Plot04/test48.png,test48.png,DHP - PLANO - 4000x4000,PLANO,Case 063,Plot04,0.94,0.9,1.0,63,0.43,0.71
Simulations/DHP - PLANO - 4000x4000/DHP - PLANO - 4000x4000/Case 063/Plot04/test49.png,test49.png,DHP - PLANO - 4000x4000,PLANO,Case 063,Plot04,0.94,0.9,1.0,63,0.43,0.71
Simulations/DHP - PLANO - 4000x4000/DHP - PLANO - 4000x4000/Case 062/Plot04/test40.png,test40.png,DHP - PLANO - 4000x4000,PLANO,Case 062,Plot04,5.78,5.1,1.0,62,3.18,0.71
Simulations/DHP - PLANO - 4000x4000/DHP - PLANO - 4000x4000/Case 062/Plot04/test41.png,test41.png,DHP - PLANO - 4000x4000,PLANO,Case 062,Plot04,5.78,5.1,1.0,62,3.18,0.71
Simulations/DHP - PLANO - 4000x4000/DHP - PLANO - 4000x4000/Case 062/Plot04/test42.png,test42.png,DHP - PLANO - 4000x4000,PLANO,Case 062,Plot04,5.78,5.1,1.0,62,3.18,0.71
Simulations/DHP - PLANO - 4000x4000/DHP - PLANO - 4000x4000/Case 062/Plot04/test43.png,test43.png,DHP - PLANO - 4000x4000,PLANO,Case 062,Plot04,5.78,5.1,1.0,62,3.18,0.71
Simulations/DHP - PLANO - 4000x4000/DHP - PLANO - 4000x4000/Case 062/Plot04/test44.png,test44.png,DHP - PLANO - 4000x4000,PLANO,Case 062,Plot04,5.78,5.1,1.0,62,3.18,0.71
Simulations/DHP - PLANO - 4000x4000/DHP - PLANO - 4000x4000/Case 062/Plot04/test45.png,test45.png,DHP - PLANO - 4000x4000,PLANO,Case 062,Plot04,5.78,5.1,1.0,62,3.18,0.71
Simulations/DHP - PLANO - 4000x4000/DHP - PLANO - 4000x4000/Case 062/Plot04/test46.png,test46.png,DHP - PLANO - 4000x4000,PLANO,Case 062,Plot04,5.78,5.1,1.0,62,3.18,0.71
Simulations/DHP - PLANO - 4000x4000/DHP - PLANO - 4000x4000/Case 062/Plot04/test47.png,test47.png,DHP - PLANO - 4000x4000,PLANO,Case 062,Plot04,5.78,5.1,1.0,62,3.18,0.71
Simulations/DHP - PLANO - 4000x4000/DHP - PLANO - 4000x4000/Case 062/Plot04/test48.png,test48.png,DHP - PLANO - 4000x4000,PLANO,Case 062,Plot04,5.78,5.1,1.0,62,3.18,0.71
Simulations/DHP - PLANO - 4000x4000/DHP - PLANO - 4000x4000/Case 062/Plot04/test49.png,test49.png,DHP - PLANO - 4000x4000,PLANO,Case 062,Plot04,5.78,5.1,1.0,62,3.18,0.71
Simulations/DHP - PLANO - 4000x4000/DHP - PLANO - 4000x4000/Case 061/Plot04/test40.png,test40.png,DHP - PLANO - 4000x4000,PLANO,Case 061,Plot04,3.87,3.3,1.0,61,2.28,0.69
Simulations/DHP - PLANO - 4000x4000/DHP - PLANO - 4000x4000/Case 061/Plot04/test41.png,test41.png,DHP - PLANO - 4000x4000,PLANO,Case 061,Plot04,3.87,3.3,1.0,61,2.28,0.69
Simulations/DHP - PLANO - 4000x4000/DHP - PLANO - 4000x4000/Case 061/Plot04/test42.png,test42.png,DHP - PLANO - 4000x4000,PLANO,Case 061,Plot04,3.87,3.3,1.0,61,2.28,0.69
Simulations/DHP - PLANO - 4000x4000/DHP - PLANO - 4000x4000/Case 061/Plot04/test43.png,test43.png,DHP - PLANO - 4000x4000,PLANO,Case 061,Plot04,3.87,3.3,1.0,61,2.28,0.69
Simulations/DHP - PLANO - 4000x4000/DHP - PLANO - 4000x4000/Case 061/Plot04/test44.png,test44.png,DHP - PLANO - 4000x4000,PLANO,Case 061,Plot04,3.87,3.3,1.0,61,2.28,0.69
Simulations/DHP - PLANO - 4000x4000/DHP - PLANO - 4000x4000/Case 061/Plot04/test45.png,test45.png,DHP - PLANO - 4000x4000,PLANO,Case 061,Plot04,3.87,3.3,1.0,61,2.28,0.69
Simulations/DHP - PLANO - 4000x4000/DHP - PLANO - 4000x4000/Case 061/Plot04/test46.png,test46.png,DHP - PLANO - 4000x4000,PLANO,Case 061,Plot04,3.87,3.3,1.0,61,2.28,0.69
Simulations/DHP - PLANO - 4000x4000/DHP - PLANO - 4000x4000/Case 061/Plot04/test47.png,test47.png,DHP - PLANO - 4000x4000,PLANO,Case 061,Plot04,3.87,3.3,1.0,61,2.28,0.69
Simulations/DHP - PLANO - 4000x4000/DHP - PLANO - 4000x4000/Case 061/Plot04/test48.png,test48.png,DHP - PLANO - 4000x4000,PLANO,Case 061,Plot04,3.87,3.3,1.0,61,2.28,0.69
Simulations/DHP - PLANO - 4000x4000/DHP - PLANO - 4000x4000/Case 061/Plot04/test49.png,test49.png,DHP - PLANO - 4000x4000,PLANO,Case 061,Plot04,3.87,3.3,1.0,61,2.28,0.69
Simulations/DHP - PLANO - 4000x4000/DHP - PLANO - 4000x4000/Case 060/Plot04/test40.png,test40.png,DHP - PLANO - 4000x4000,PLANO,Case 060,Plot04,3.91,3.2,1.0,60,2.32,0.73
Simulations/DHP - PLANO - 4000x4000/DHP - PLANO - 4000x4000/Case 060/Plot04/test41.png,test41.png,DHP - PLANO - 4000x4000,PLANO,Case 060,Plot04,3.91,3.2,1.0,60,2.32,0.73
Simulations/DHP - PLANO - 4000x4000/DHP - PLANO - 4000x4000/Case 060/Plot04/test42.png,test42.png,DHP - PLANO - 4000x4000,PLANO,Case 060,Plot04,3.91,3.2,1.0,60,2.32,0.73
Simulations/DHP - PLANO - 4000x4000/DHP - PLANO - 4000x4000/Case 060/Plot04/test43.png,test43.png,DHP - PLANO - 4000x4000,PLANO,Case 060,Plot04,3.91,3.2,1.0,60,2.32,0.73
Simulations/DHP - PLANO - 4000x4000/DHP - PLANO - 4000x4000/Case 060/Plot04/test44.png,test44.png,DHP - PLANO - 4000x4000,PLANO,Case 060,Plot04,3.91,3.2,1.0,60,2.32,0.73
Simulations/DHP - PLANO - 4000x4000/DHP - PLANO - 4000x4000/Case 060/Plot04/test45.png,test45.png,DHP - PLANO - 4000x4000,PLANO,Case 060,Plot04,3.91,3.2,1.0,60,2.32,0.73
Simulations/DHP - PLANO - 4000x4000/DHP - PLANO - 4000x4000/Case 060/Plot04/test46.png,test46.png,DHP - PLANO - 4000x4000,PLANO,Case 060,Plot04,3.91,3.2,1.0,60,2.32,0.73
Simulations/DHP - PLANO - 4000x4000/DHP - PLANO - 4000x4000/Case 060/Plot04/test47.png,test47.png,DHP - PLANO - 4000x4000,PLANO,Case 060,Plot04,3.91,3.2,1.0,60,2.32,0.73
Simulations/DHP - PLANO - 4000x4000/DHP - PLANO - 4000x4000/Case 060/Plot04/test48.png,test48.png,DHP - PLANO - 4000x4000,PLANO,Case 060,Plot04,3.91,3.2,1.0,60,2.32,0.73
Simulations/DHP - PLANO - 4000x4000/DHP - PLANO - 4000x4000/Case 060/Plot04/test49.png,test49.png,DHP - PLANO - 4000x4000,PLANO,Case 060,Plot04,3.91,3.2,1.0,60,2.32,0.73
Simulations/DHP - PLANO - 4000x4000/DHP - PLANO - 4000x4000/Case 059/Plot04/test40.png,test40.png,DHP - PLANO - 4000x4000,PLANO,Case 059,Plot04,1.99,1.4,1.0,59,1.45,0.73
Simulations/DHP - PLANO - 4000x4000/DHP - PLANO - 4000x4000/Case 059/Plot04/test41.png,test41.png,DHP - PLANO - 4000x4000,PLANO,Case 059,Plot04,1.99,1.4,1.0,59,1.45,0.73
Simulations/DHP - PLANO - 4000x4000/DHP - PLANO - 4000x4000/Case 059/Plot04/test42.png,test42.png,DHP - PLANO - 4000x4000,PLANO,Case 059,Plot04,1.99,1.4,1.0,59,1.45,0.73
Simulations/DHP - PLANO - 4000x4000/DHP - PLANO - 4000x4000/Case 059/Plot04/test43.png,test43.png,DHP - PLANO - 4000x4000,PLANO,Case 059,Plot04,1.99,1.4,1.0,59,1.45,0.73
Simulations/DHP - PLANO - 4000x4000/DHP - PLANO - 4000x4000/Case 059/Plot04/test44.png,test44.png,DHP - PLANO - 4000x4000,PLANO,Case 059,Plot04,1.99,1.4,1.0,59,1.45,0.73
Simulations/DHP - PLANO - 4000x4000/DHP - PLANO - 4000x4000/Case 059/Plot04/test45.png,test45.png,DHP - PLANO - 4000x4000,PLANO,Case 059,Plot04,1.99,1.4,1.0,59,1.45,0.73
Simulations/DHP - PLANO - 4000x4000/DHP - PLANO - 4000x4000/Case 059/Plot04/test46.png,test46.png,DHP - PLANO - 4000x4000,PLANO,Case 059,Plot04,1.99,1.4,1.0,59,1.45,0.73
Simulations/DHP - PLANO - 4000x4000/DHP - PLANO - 4000x4000/Case 059/Plot04/test47.png,test47.png,DHP - PLANO - 4000x4000,PLANO,Case 059,Plot04,1.99,1.4,1.0,59,1.45,0.73
Simulations/DHP - PLANO - 4000x4000/DHP - PLANO - 4000x4000/Case 059/Plot04/test48.png,test48.png,DHP - PLANO - 4000x4000,PLANO,Case 059,Plot04,1.99,1.4,1.0,59,1.45,0.73
Simulations/DHP - PLANO - 4000x4000/DHP - PLANO - 4000x4000/Case 059/Plot04/test49.png,test49.png,DHP - PLANO - 4000x4000,PLANO,Case 059,Plot04,1.99,1.4,1.0,59,1.45,0.73
Simulations/DHP - PLANO - 4000x4000/DHP - PLANO - 4000x4000/Case 058/Plot04/test40.png,test40.png,DHP - PLANO - 4000x4000,PLANO,Case 058,Plot04,1.93,1.4,1.0,58,1.34,0.71
Simulations/DHP - PLANO - 4000x4000/DHP - PLANO - 4000x4000/Case 058/Plot04/test41.png,test41.png,DHP - PLANO - 4000x4000,PLANO,Case 058,Plot04,1.93,1.4,1.0,58,1.34,0.71
Simulations/DHP - PLANO - 4000x4000/DHP - PLANO - 4000x4000/Case 058/Plot04/test42.png,test42.png,DHP - PLANO - 4000x4000,PLANO,Case 058,Plot04,1.93,1.4,1.0,58,1.34,0.71
Simulations/DHP - PLANO - 4000x4000/DHP - PLANO - 4000x4000/Case 058/Plot04/test43.png,test43.png,DHP - PLANO - 4000x4000,PLANO,Case 058,Plot04,1.93,1.4,1.0,58,1.34,0.71
Simulations/DHP - PLANO - 4000x4000/DHP - PLANO - 4000x4000/Case 058/Plot04/test44.png,test44.png,DHP - PLANO - 4000x4000,PLANO,Case 058,Plot04,1.93,1.4,1.0,58,1.34,0.71
Simulations/DHP - PLANO - 4000x4000/DHP - PLANO - 4000x4000/Case 058/Plot04/test45.png,test45.png,DHP - PLANO - 4000x4000,PLANO,Case 058,Plot04,1.93,1.4,1.0,58,1.34,0.71
Simulations/DHP - PLANO - 4000x4000/DHP - PLANO - 4000x4000/Case 058/Plot04/test46.png,test46.png,DHP - PLANO - 4000x4000,PLANO,Case 058,Plot04,1.93,1.4,1.0,58,1.34,0.71
Simulations/DHP - PLANO - 4000x4000/DHP - PLANO - 4000x4000/Case 058/Plot04/test47.png,test47.png,DHP - PLANO - 4000x4000,PLANO,Case 058,Plot04,1.93,1.4,1.0,58,1.34,0.71
Simulations/DHP - PLANO - 4000x4000/DHP - PLANO - 4000x4000/Case 058/Plot04/test48.png,test48.png,DHP - PLANO - 4000x4000,PLANO,Case 058,Plot04,1.93,1.4,1.0,58,1.34,0.71
Simulations/DHP - PLANO - 4000x4000/DHP - PLANO - 4000x4000/Case 058/Plot04/test49.png,test49.png,DHP - PLANO - 4000x4000,PLANO,Case 058,Plot04,1.93,1.4,1.0,58,1.34,0.71
Simulations/DHP - PLANO - 4000x4000/DHP - PLANO - 4000x4000/Case 057/Plot04/test40.png,test40.png,DHP - PLANO - 4000x4000,PLANO,Case 057,Plot04,1.98,1.5,1.0,57,1.34,0.72
Simulations/DHP - PLANO - 4000x4000/DHP - PLANO - 4000x4000/Case 057/Plot04/test41.png,test41.png,DHP - PLANO - 4000x4000,PLANO,Case 057,Plot04,1.98,1.5,1.0,57,1.34,0.72
Simulations/DHP - PLANO - 4000x4000/DHP - PLANO - 4000x4000/Case 057/Plot04/test42.png,test42.png,DHP - PLANO - 4000x4000,PLANO,Case 057,Plot04,1.98,1.5,1.0,57,1.34,0.72
Simulations/DHP - PLANO - 4000x4000/DHP - PLANO - 4000x4000/Case 057/Plot04/test43.png,test43.png,DHP - PLANO - 4000x4000,PLANO,Case 057,Plot04,1.98,1.5,1.0,57,1.34,0.72
Simulations/DHP - PLANO - 4000x4000/DHP - PLANO - 4000x4000/Case 057/Plot04/test44.png,test44.png,DHP - PLANO - 4000x4000,PLANO,Case 057,Plot04,1.98,1.5,1.0,57,1.34,0.72
Simulations/DHP - PLANO - 4000x4000/DHP - PLANO - 4000x4000/Case 057/Plot04/test45.png,test45.png,DHP - PLANO - 4000x4000,PLANO,Case 057,Plot04,1.98,1.5,1.0,57,1.34,0.72
Simulations/DHP - PLANO - 4000x4000/DHP - PLANO - 4000x4000/Case 057/Plot04/test46.png,test46.png,DHP - PLANO - 4000x4000,PLANO,Case 057,Plot04,1.98,1.5,1.0,57,1.34,0.72
Simulations/DHP - PLANO - 4000x4000/DHP - PLANO - 4000x4000/Case 057/Plot04/test47.png,test47.png,DHP - PLANO - 4000x4000,PLANO,Case 057,Plot04,1.98,1.5,1.0,57,1.34,0.72
Simulations/DHP - PLANO - 4000x4000/DHP - PLANO - 4000x4000/Case 057/Plot04/test48.png,test48.png,DHP - PLANO - 4000x4000,PLANO,Case 057,Plot04,1.98,1.5,1.0,57,1.34,0.72
Simulations/DHP - PLANO - 4000x4000/DHP - PLANO - 4000x4000/Case 057/Plot04/test49.png,test49.png,DHP - PLANO - 4000x4000,PLANO,Case 057,Plot04,1.98,1.5,1.0,57,1.34,0.72
Simulations/DHP - PLANO - 4000x4000/DHP - PLANO - 4000x4000/Case 056/Plot04/test40.png,test40.png,DHP - PLANO - 4000x4000,PLANO,Case 056,Plot04,2.07,1.5,1.0,56,0.96,0.62
Simulations/DHP - PLANO - 4000x4000/DHP - PLANO - 4000x4000/Case 056/Plot04/test41.png,test41.png,DHP - PLANO - 4000x4000,PLANO,Case 056,Plot04,2.07,1.5,1.0,56,0.96,0.62
Simulations/DHP - PLANO - 4000x4000/DHP - PLANO - 4000x4000/Case 056/Plot04/test42.png,test42.png,DHP - PLANO - 4000x4000,PLANO,Case 056,Plot04,2.07,1.5,1.0,56,0.96,0.62
Simulations/DHP - PLANO - 4000x4000/DHP - PLANO - 4000x4000/Case 056/Plot04/test43.png,test43.png,DHP - PLANO - 4000x4000,PLANO,Case 056,Plot04,2.07,1.5,1.0,56,0.96,0.62
Simulations/DHP - PLANO - 4000x4000/DHP - PLANO - 4000x4000/Case 056/Plot04/test44.png,test44.png,DHP - PLANO - 4000x4000,PLANO,Case 056,Plot04,2.07,1.5,1.0,56,0.96,0.62
Simulations/DHP - PLANO - 4000x4000/DHP - PLANO - 4000x4000/Case 056/Plot04/test45.png,test45.png,DHP - PLANO - 4000x4000,PLANO,Case 056,Plot04,2.07,1.5,1.0,56,0.96,0.62
Simulations/DHP - PLANO - 4000x4000/DHP - PLANO - 4000x4000/Case 056/Plot04/test46.png,test46.png,DHP - PLANO - 4000x4000,PLANO,Case 056,Plot04,2.07,1.5,1.0,56,0.96,0.62
Simulations/DHP - PLANO - 4000x4000/DHP - PLANO - 4000x4000/Case 056/Plot04/test47.png,test47.png,DHP - PLANO - 4000x4000,PLANO,Case 056,Plot04,2.07,1.5,1.0,56,0.96,0.62
Simulations/DHP - PLANO - 4000x4000/DHP - PLANO - 4000x4000/Case 056/Plot04/test48.png,test48.png,DHP - PLANO - 4000x4000,PLANO,Case 056,Plot04,2.07,1.5,1.0,56,0.96,0.62
Simulations/DHP - PLANO - 4000x4000/DHP - PLANO - 4000x4000/Case 056/Plot04/test49.png,test49.png,DHP - PLANO - 4000x4000,PLANO,Case 056,Plot04,2.07,1.5,1.0,56,0.96,0.62
Simulations/DHP - PLANO - 4000x4000/DHP - PLANO - 4000x4000/Case 055/Plot04/test40.png,test40.png,DHP - PLANO - 4000x4000,PLANO,Case 055,Plot04,3.99,3.4,1.0,55,1.37,0.54
Simulations/DHP - PLANO - 4000x4000/DHP - PLANO - 4000x4000/Case 055/Plot04/test41.png,test41.png,DHP - PLANO - 4000x4000,PLANO,Case 055,Plot04,3.99,3.4,1.0,55,1.37,0.54
Simulations/DHP - PLANO - 4000x4000/DHP - PLANO - 4000x4000/Case 055/Plot04/test42.png,test42.png,DHP - PLANO - 4000x4000,PLANO,Case 055,Plot04,3.99,3.4,1.0,55,1.37,0.54
Simulations/DHP - PLANO - 4000x4000/DHP - PLANO - 4000x4000/Case 055/Plot04/test43.png,test43.png,DHP - PLANO - 4000x4000,PLANO,Case 055,Plot04,3.99,3.4,1.0,55,1.37,0.54
Simulations/DHP - PLANO - 4000x4000/DHP - PLANO - 4000x4000/Case 055/Plot04/test44.png,test44.png,DHP - PLANO - 4000x4000,PLANO,Case 055,Plot04,3.99,3.4,1.0,55,1.37,0.54
Simulations/DHP - PLANO - 4000x4000/DHP - PLANO - 4000x4000/Case 055/Plot04/test45.png,test45.png,DHP - PLANO - 4000x4000,PLANO,Case 055,Plot04,3.99,3.4,1.0,55,1.37,0.54
Simulations/DHP - PLANO - 4000x4000/DHP - PLANO - 4000x4000/Case 055/Plot04/test46.png,test46.png,DHP - PLANO - 4000x4000,PLANO,Case 055,Plot04,3.99,3.4,1.0,55,1.37,0.54
Simulations/DHP - PLANO - 4000x4000/DHP - PLANO - 4000x4000/Case 055/Plot04/test47.png,test47.png,DHP - PLANO - 4000x4000,PLANO,Case 055,Plot04,3.99,3.4,1.0,55,1.37,0.54
Simulations/DHP - PLANO - 4000x4000/DHP - PLANO - 4000x4000/Case 055/Plot04/test48.png,test48.png,DHP - PLANO - 4000x4000,PLANO,Case 055,Plot04,3.99,3.4,1.0,55,1.37,0.54
Simulations/DHP - PLANO - 4000x4000/DHP - PLANO - 4000x4000/Case 055/Plot04/test49.png,test49.png,DHP - PLANO - 4000x4000,PLANO,Case 055,Plot04,3.99,3.4,1.0,55,1.37,0.54
Simulations/DHP - PLANO - 4000x4000/DHP - PLANO - 4000x4000/Case 054/Plot04/test40.png,test40.png,DHP - PLANO - 4000x4000,PLANO,Case 054,Plot04,5.44,4.75,1.0,54,1.22,0.51
Simulations/DHP - PLANO - 4000x4000/DHP - PLANO - 4000x4000/Case 054/Plot04/test41.png,test41.png,DHP - PLANO - 4000x4000,PLANO,Case 054,Plot04,5.44,4.75,1.0,54,1.22,0.51
Simulations/DHP - PLANO - 4000x4000/DHP - PLANO - 4000x4000/Case 054/Plot04/test42.png,test42.png,DHP - PLANO - 4000x4000,PLANO,Case 054,Plot04,5.44,4.75,1.0,54,1.22,0.51
Simulations/DHP - PLANO - 4000x4000/DHP - PLANO - 4000x4000/Case 054/Plot04/test43.png,test43.png,DHP - PLANO - 4000x4000,PLANO,Case 054,Plot04,5.44,4.75,1.0,54,1.22,0.51
Simulations/DHP - PLANO - 4000x4000/DHP - PLANO - 4000x4000/Case 054/Plot04/test44.png,test44.png,DHP - PLANO - 4000x4000,PLANO,Case 054,Plot04,5.44,4.75,1.0,54,1.22,0.51
Simulations/DHP - PLANO - 4000x4000/DHP - PLANO - 4000x4000/Case 054/Plot04/test45.png,test45.png,DHP - PLANO - 4000x4000,PLANO,Case 054,Plot04,5.44,4.75,1.0,54,1.22,0.51
Simulations/DHP - PLANO - 4000x4000/DHP - PLANO - 4000x4000/Case 054/Plot04/test46.png,test46.png,DHP - PLANO - 4000x4000,PLANO,Case 054,Plot04,5.44,4.75,1.0,54,1.22,0.51
Simulations/DHP - PLANO - 4000x4000/DHP - PLANO - 4000x4000/Case 054/Plot04/test47.png,test47.png,DHP - PLANO - 4000x4000,PLANO,Case 054,Plot04,5.44,4.75,1.0,54,1.22,0.51
Simulations/DHP - PLANO - 4000x4000/DHP - PLANO - 4000x4000/Case 054/Plot04/test48.png,test48.png,DHP - PLANO - 4000x4000,PLANO,Case 054,Plot04,5.44,4.75,1.0,54,1.22,0.51
Simulations/DHP - PLANO - 4000x4000/DHP - PLANO - 4000x4000/Case 054/Plot04/test49.png,test49.png,DHP - PLANO - 4000x4000,PLANO,Case 054,Plot04,5.44,4.75,1.0,54,1.22,0.51
Simulations/DHP - PLANO - 4000x4000/DHP - PLANO - 4000x4000/Case 053/Plot04/test40.png,test40.png,DHP - PLANO - 4000x4000,PLANO,Case 053,Plot04,2.0,2.0,1.0,53,0.42,0.28
Simulations/DHP - PLANO - 4000x4000/DHP - PLANO - 4000x4000/Case 053/Plot04/test41.png,test41.png,DHP - PLANO - 4000x4000,PLANO,Case 053,Plot04,2.0,2.0,1.0,53,0.42,0.28
Simulations/DHP - PLANO - 4000x4000/DHP - PLANO - 4000x4000/Case 053/Plot04/test42.png,test42.png,DHP - PLANO - 4000x4000,PLANO,Case 053,Plot04,2.0,2.0,1.0,53,0.42,0.28
Simulations/DHP - PLANO - 4000x4000/DHP - PLANO - 4000x4000/Case 053/Plot04/test43.png,test43.png,DHP - PLANO - 4000x4000,PLANO,Case 053,Plot04,2.0,2.0,1.0,53,0.42,0.28
Simulations/DHP - PLANO - 4000x4000/DHP - PLANO - 4000x4000/Case 053/Plot04/test44.png,test44.png,DHP - PLANO - 4000x4000,PLANO,Case 053,Plot04,2.0,2.0,1.0,53,0.42,0.28
Simulations/DHP - PLANO - 4000x4000/DHP - PLANO - 4000x4000/Case 053/Plot04/test45.png,test45.png,DHP - PLANO - 4000x4000,PLANO,Case 053,Plot04,2.0,2.0,1.0,53,0.42,0.28
Simulations/DHP - PLANO - 4000x4000/DHP - PLANO - 4000x4000/Case 053/Plot04/test46.png,test46.png,DHP - PLANO - 4000x4000,PLANO,Case 053,Plot04,2.0,2.0,1.0,53,0.42,0.28
Simulations/DHP - PLANO - 4000x4000/DHP - PLANO - 4000x4000/Case 053/Plot04/test47.png,test47.png,DHP - PLANO - 4000x4000,PLANO,Case 053,Plot04,2.0,2.0,1.0,53,0.42,0.28
Simulations/DHP - PLANO - 4000x4000/DHP - PLANO - 4000x4000/Case 053/Plot04/test48.png,test48.png,DHP - PLANO - 4000x4000,PLANO,Case 053,Plot04,2.0,2.0,1.0,53,0.42,0.28
Simulations/DHP - PLANO - 4000x4000/DHP - PLANO - 4000x4000/Case 053/Plot04/test49.png,test49.png,DHP - PLANO - 4000x4000,PLANO,Case 053,Plot04,2.0,2.0,1.0,53,0.42,0.28
Simulations/DHP - PLANO - 4000x4000/DHP - PLANO - 4000x4000/Case 052/Plot04/test40.png,test40.png,DHP - PLANO - 4000x4000,PLANO,Case 052,Plot04,3.02,2.9,0.97,52,1.36,0.63
Simulations/DHP - PLANO - 4000x4000/DHP - PLANO - 4000x4000/Case 052/Plot04/test41.png,test41.png,DHP - PLANO - 4000x4000,PLANO,Case 052,Plot04,3.02,2.9,0.97,52,1.36,0.63
Simulations/DHP - PLANO - 4000x4000/DHP - PLANO - 4000x4000/Case 052/Plot04/test42.png,test42.png,DHP - PLANO - 4000x4000,PLANO,Case 052,Plot04,3.02,2.9,0.97,52,1.36,0.63
Simulations/DHP - PLANO - 4000x4000/DHP - PLANO - 4000x4000/Case 052/Plot04/test43.png,test43.png,DHP - PLANO - 4000x4000,PLANO,Case 052,Plot04,3.02,2.9,0.97,52,1.36,0.63
Simulations/DHP - PLANO - 4000x4000/DHP - PLANO - 4000x4000/Case 052/Plot04/test44.png,test44.png,DHP - PLANO - 4000x4000,PLANO,Case 052,Plot04,3.02,2.9,0.97,52,1.36,0.63
Simulations/DHP - PLANO - 4000x4000/DHP - PLANO - 4000x4000/Case 052/Plot04/test45.png,test45.png,DHP - PLANO - 4000x4000,PLANO,Case 052,Plot04,3.02,2.9,0.97,52,1.36,0.63
Simulations/DHP - PLANO - 4000x4000/DHP - PLANO - 4000x4000/Case 052/Plot04/test46.png,test46.png,DHP - PLANO - 4000x4000,PLANO,Case 052,Plot04,3.02,2.9,0.97,52,1.36,0.63
Simulations/DHP - PLANO - 4000x4000/DHP - PLANO - 4000x4000/Case 052/Plot04/test47.png,test47.png,DHP - PLANO - 4000x4000,PLANO,Case 052,Plot04,3.02,2.9,0.97,52,1.36,0.63
Simulations/DHP - PLANO - 4000x4000/DHP - PLANO - 4000x4000/Case 052/Plot04/test48.png,test48.png,DHP - PLANO - 4000x4000,PLANO,Case 052,Plot04,3.02,2.9,0.97,52,1.36,0.63
Simulations/DHP - PLANO - 4000x4000/DHP - PLANO - 4000x4000/Case 052/Plot04/test49.png,test49.png,DHP - PLANO - 4000x4000,PLANO,Case 052,Plot04,3.02,2.9,0.97,52,1.36,0.63
Simulations/DHP - PLANO - 4000x4000/DHP - PLANO - 4000x4000/Case 051/Plot04/test40.png,test40.png,DHP - PLANO - 4000x4000,PLANO,Case 051,Plot04,3.08,2.9,0.96,51,1.73,0.68
Simulations/DHP - PLANO - 4000x4000/DHP - PLANO - 4000x4000/Case 051/Plot04/test41.png,test41.png,DHP - PLANO - 4000x4000,PLANO,Case 051,Plot04,3.08,2.9,0.96,51,1.73,0.68
Simulations/DHP - PLANO - 4000x4000/DHP - PLANO - 4000x4000/Case 051/Plot04/test42.png,test42.png,DHP - PLANO - 4000x4000,PLANO,Case 051,Plot04,3.08,2.9,0.96,51,1.73,0.68
Simulations/DHP - PLANO - 4000x4000/DHP - PLANO - 4000x4000/Case 051/Plot04/test43.png,test43.png,DHP - PLANO - 4000x4000,PLANO,Case 051,Plot04,3.08,2.9,0.96,51,1.73,0.68
Simulations/DHP - PLANO - 4000x4000/DHP - PLANO - 4000x4000/Case 051/Plot04/test44.png,test44.png,DHP - PLANO - 4000x4000,PLANO,Case 051,Plot04,3.08,2.9,0.96,51,1.73,0.68
Simulations/DHP - PLANO - 4000x4000/DHP - PLANO - 4000x4000/Case 051/Plot04/test45.png,test45.png,DHP - PLANO - 4000x4000,PLANO,Case 051,Plot04,3.08,2.9,0.96,51,1.73,0.68
Simulations/DHP - PLANO - 4000x4000/DHP - PLANO - 4000x4000/Case 051/Plot04/test46.png,test46.png,DHP - PLANO - 4000x4000,PLANO,Case 051,Plot04,3.08,2.9,0.96,51,1.73,0.68
Simulations/DHP - PLANO - 4000x4000/DHP - PLANO - 4000x4000/Case 051/Plot04/test47.png,test47.png,DHP - PLANO - 4000x4000,PLANO,Case 051,Plot04,3.08,2.9,0.96,51,1.73,0.68
Simulations/DHP - PLANO - 4000x4000/DHP - PLANO - 4000x4000/Case 051/Plot04/test48.png,test48.png,DHP - PLANO - 4000x4000,PLANO,Case 051,Plot04,3.08,2.9,0.96,51,1.73,0.68
Simulations/DHP - PLANO - 4000x4000/DHP - PLANO - 4000x4000/Case 051/Plot04/test49.png,test49.png,DHP - PLANO - 4000x4000,PLANO,Case 051,Plot04,3.08,2.9,0.96,51,1.73,0.68
Simulations/DHP - PLANO - 4000x4000/DHP - PLANO - 4000x4000/Case 050/Plot04/test40.png,test40.png,DHP - PLANO - 4000x4000,PLANO,Case 050,Plot04,3.2,2.9,0.94,50,2.32,0.851
Simulations/DHP - PLANO - 4000x4000/DHP - PLANO - 4000x4000/Case 050/Plot04/test41.png,test41.png,DHP - PLANO - 4000x4000,PLANO,Case 050,Plot04,3.2,2.9,0.94,50,2.32,0.851
Simulations/DHP - PLANO - 4000x4000/DHP - PLANO - 4000x4000/Case 050/Plot04/test42.png,test42.png,DHP - PLANO - 4000x4000,PLANO,Case 050,Plot04,3.2,2.9,0.94,50,2.32,0.851
Simulations/DHP - PLANO - 4000x4000/DHP - PLANO - 4000x4000/Case 050/Plot04/test43.png,test43.png,DHP - PLANO - 4000x4000,PLANO,Case 050,Plot04,3.2,2.9,0.94,50,2.32,0.851
Simulations/DHP - PLANO - 4000x4000/DHP - PLANO - 4000x4000/Case 050/Plot04/test44.png,test44.png,DHP - PLANO - 4000x4000,PLANO,Case 050,Plot04,3.2,2.9,0.94,50,2.32,0.851
Simulations/DHP - PLANO - 4000x4000/DHP - PLANO - 4000x4000/Case 050/Plot04/test45.png,test45.png,DHP - PLANO - 4000x4000,PLANO,Case 050,Plot04,3.2,2.9,0.94,50,2.32,0.851
Simulations/DHP - PLANO - 4000x4000/DHP - PLANO - 4000x4000/Case 050/Plot04/test46.png,test46.png,DHP - PLANO - 4000x4000,PLANO,Case 050,Plot04,3.2,2.9,0.94,50,2.32,0.851
Simulations/DHP - PLANO - 4000x4000/DHP - PLANO - 4000x4000/Case 050/Plot04/test47.png,test47.png,DHP - PLANO - 4000x4000,PLANO,Case 050,Plot04,3.2,2.9,0.94,50,2.32,0.851
Simulations/DHP - PLANO - 4000x4000/DHP - PLANO - 4000x4000/Case 050/Plot04/test48.png,test48.png,DHP - PLANO - 4000x4000,PLANO,Case 050,Plot04,3.2,2.9,0.94,50,2.32,0.851
Simulations/DHP - PLANO - 4000x4000/DHP - PLANO - 4000x4000/Case 050/Plot04/test49.png,test49.png,DHP - PLANO - 4000x4000,PLANO,Case 050,Plot04,3.2,2.9,0.94,50,2.32,0.851
Simulations/DHP - PLANO - 4000x4000/DHP - PLANO - 4000x4000/Case 049/Plot04/test40.png,test40.png,DHP - PLANO - 4000x4000,PLANO,Case 049,Plot04,3.2,2.9,0.94,49,1.99,0.922
Simulations/DHP - PLANO - 4000x4000/DHP - PLANO - 4000x4000/Case 049/Plot04/test41.png,test41.png,DHP - PLANO - 4000x4000,PLANO,Case 049,Plot04,3.2,2.9,0.94,49,1.99,0.922
Simulations/DHP - PLANO - 4000x4000/DHP - PLANO - 4000x4000/Case 049/Plot04/test42.png,test42.png,DHP - PLANO - 4000x4000,PLANO,Case 049,Plot04,3.2,2.9,0.94,49,1.99,0.922
Simulations/DHP - PLANO - 4000x4000/DHP - PLANO - 4000x4000/Case 049/Plot04/test43.png,test43.png,DHP - PLANO - 4000x4000,PLANO,Case 049,Plot04,3.2,2.9,0.94,49,1.99,0.922
Simulations/DHP - PLANO - 4000x4000/DHP - PLANO - 4000x4000/Case 049/Plot04/test44.png,test44.png,DHP - PLANO - 4000x4000,PLANO,Case 049,Plot04,3.2,2.9,0.94,49,1.99,0.922
Simulations/DHP - PLANO - 4000x4000/DHP - PLANO - 4000x4000/Case 049/Plot04/test45.png,test45.png,DHP - PLANO - 4000x4000,PLANO,Case 049,Plot04,3.2,2.9,0.94,49,1.99,0.922
Simulations/DHP - PLANO - 4000x4000/DHP - PLANO - 4000x4000/Case 049/Plot04/test46.png,test46.png,DHP - PLANO - 4000x4000,PLANO,Case 049,Plot04,3.2,2.9,0.94,49,1.99,0.922
Simulations/DHP - PLANO - 4000x4000/DHP - PLANO - 4000x4000/Case 049/Plot04/test47.png,test47.png,DHP - PLANO - 4000x4000,PLANO,Case 049,Plot04,3.2,2.9,0.94,49,1.99,0.922
Simulations/DHP - PLANO - 4000x4000/DHP - PLANO - 4000x4000/Case 049/Plot04/test48.png,test48.png,DHP - PLANO - 4000x4000,PLANO,Case 049,Plot04,3.2,2.9,0.94,49,1.99,0.922
Simulations/DHP - PLANO - 4000x4000/DHP - PLANO - 4000x4000/Case 049/Plot04/test49.png,test49.png,DHP - PLANO - 4000x4000,PLANO,Case 049,Plot04,3.2,2.9,0.94,49,1.99,0.922
Simulations/DHP - PLANO - 4000x4000/DHP - PLANO - 4000x4000/Case 048/Plot04/test40.png,test40.png,DHP - PLANO - 4000x4000,PLANO,Case 048,Plot04,3.0,3.0,1.0,48,2.625,0.96
Simulations/DHP - PLANO - 4000x4000/DHP - PLANO - 4000x4000/Case 048/Plot04/test41.png,test41.png,DHP - PLANO - 4000x4000,PLANO,Case 048,Plot04,3.0,3.0,1.0,48,2.625,0.96
Simulations/DHP - PLANO - 4000x4000/DHP - PLANO - 4000x4000/Case 048/Plot04/test42.png,test42.png,DHP - PLANO - 4000x4000,PLANO,Case 048,Plot04,3.0,3.0,1.0,48,2.625,0.96
Simulations/DHP - PLANO - 4000x4000/DHP - PLANO - 4000x4000/Case 048/Plot04/test43.png,test43.png,DHP - PLANO - 4000x4000,PLANO,Case 048,Plot04,3.0,3.0,1.0,48,2.625,0.96
Simulations/DHP - PLANO - 4000x4000/DHP - PLANO - 4000x4000/Case 048/Plot04/test44.png,test44.png,DHP - PLANO - 4000x4000,PLANO,Case 048,Plot04,3.0,3.0,1.0,48,2.625,0.96
Simulations/DHP - PLANO - 4000x4000/DHP - PLANO - 4000x4000/Case 048/Plot04/test45.png,test45.png,DHP - PLANO - 4000x4000,PLANO,Case 048,Plot04,3.0,3.0,1.0,48,2.625,0.96
Simulations/DHP - PLANO - 4000x4000/DHP - PLANO - 4000x4000/Case 048/Plot04/test46.png,test46.png,DHP - PLANO - 4000x4000,PLANO,Case 048,Plot04,3.0,3.0,1.0,48,2.625,0.96
Simulations/DHP - PLANO - 4000x4000/DHP - PLANO - 4000x4000/Case 048/Plot04/test47.png,test47.png,DHP - PLANO - 4000x4000,PLANO,Case 048,Plot04,3.0,3.0,1.0,48,2.625,0.96
Simulations/DHP - PLANO - 4000x4000/DHP - PLANO - 4000x4000/Case 048/Plot04/test48.png,test48.png,DHP - PLANO - 4000x4000,PLANO,Case 048,Plot04,3.0,3.0,1.0,48,2.625,0.96
Simulations/DHP - PLANO - 4000x4000/DHP - PLANO - 4000x4000/Case 048/Plot04/test49.png,test49.png,DHP - PLANO - 4000x4000,PLANO,Case 048,Plot04,3.0,3.0,1.0,48,2.625,0.96
Simulations/DHP - PLANO - 4000x4000/DHP - PLANO - 4000x4000/Case 047/Plot04/test40.png,test40.png,DHP - PLANO - 4000x4000,PLANO,Case 047,Plot04,3.0,3.0,1.0,47,2.19,0.862
Simulations/DHP - PLANO - 4000x4000/DHP - PLANO - 4000x4000/Case 047/Plot04/test41.png,test41.png,DHP - PLANO - 4000x4000,PLANO,Case 047,Plot04,3.0,3.0,1.0,47,2.19,0.862
Simulations/DHP - PLANO - 4000x4000/DHP - PLANO - 4000x4000/Case 047/Plot04/test42.png,test42.png,DHP - PLANO - 4000x4000,PLANO,Case 047,Plot04,3.0,3.0,1.0,47,2.19,0.862
Simulations/DHP - PLANO - 4000x4000/DHP - PLANO - 4000x4000/Case 047/Plot04/test43.png,test43.png,DHP - PLANO - 4000x4000,PLANO,Case 047,Plot04,3.0,3.0,1.0,47,2.19,0.862
Simulations/DHP - PLANO - 4000x4000/DHP - PLANO - 4000x4000/Case 047/Plot04/test44.png,test44.png,DHP - PLANO - 4000x4000,PLANO,Case 047,Plot04,3.0,3.0,1.0,47,2.19,0.862
Simulations/DHP - PLANO - 4000x4000/DHP - PLANO - 4000x4000/Case 047/Plot04/test45.png,test45.png,DHP - PLANO - 4000x4000,PLANO,Case 047,Plot04,3.0,3.0,1.0,47,2.19,0.862
Simulations/DHP - PLANO - 4000x4000/DHP - PLANO - 4000x4000/Case 047/Plot04/test46.png,test46.png,DHP - PLANO - 4000x4000,PLANO,Case 047,Plot04,3.0,3.0,1.0,47,2.19,0.862
Simulations/DHP - PLANO - 4000x4000/DHP - PLANO - 4000x4000/Case 047/Plot04/test47.png,test47.png,DHP - PLANO - 4000x4000,PLANO,Case 047,Plot04,3.0,3.0,1.0,47,2.19,0.862
Simulations/DHP - PLANO - 4000x4000/DHP - PLANO - 4000x4000/Case 047/Plot04/test48.png,test48.png,DHP - PLANO - 4000x4000,PLANO,Case 047,Plot04,3.0,3.0,1.0,47,2.19,0.862
Simulations/DHP - PLANO - 4000x4000/DHP - PLANO - 4000x4000/Case 047/Plot04/test49.png,test49.png,DHP - PLANO - 4000x4000,PLANO,Case 047,Plot04,3.0,3.0,1.0,47,2.19,0.862
Simulations/DHP - PLANO - 4000x4000/DHP - PLANO - 4000x4000/Case 046/Plot04/test40.png,test40.png,DHP - PLANO - 4000x4000,PLANO,Case 046,Plot04,4.9350000000000005,4.5,0.94,46,1.92,0.54
Simulations/DHP - PLANO - 4000x4000/DHP - PLANO - 4000x4000/Case 046/Plot04/test41.png,test41.png,DHP - PLANO - 4000x4000,PLANO,Case 046,Plot04,4.9350000000000005,4.5,0.94,46,1.92,0.54
Simulations/DHP - PLANO - 4000x4000/DHP - PLANO - 4000x4000/Case 046/Plot04/test42.png,test42.png,DHP - PLANO - 4000x4000,PLANO,Case 046,Plot04,4.9350000000000005,4.5,0.94,46,1.92,0.54
Simulations/DHP - PLANO - 4000x4000/DHP - PLANO - 4000x4000/Case 046/Plot04/test43.png,test43.png,DHP - PLANO - 4000x4000,PLANO,Case 046,Plot04,4.9350000000000005,4.5,0.94,46,1.92,0.54
Simulations/DHP - PLANO - 4000x4000/DHP - PLANO - 4000x4000/Case 046/Plot04/test44.png,test44.png,DHP - PLANO - 4000x4000,PLANO,Case 046,Plot04,4.9350000000000005,4.5,0.94,46,1.92,0.54
Simulations/DHP - PLANO - 4000x4000/DHP - PLANO - 4000x4000/Case 046/Plot04/test45.png,test45.png,DHP - PLANO - 4000x4000,PLANO,Case 046,Plot04,4.9350000000000005,4.5,0.94,46,1.92,0.54
Simulations/DHP - PLANO - 4000x4000/DHP - PLANO - 4000x4000/Case 046/Plot04/test46.png,test46.png,DHP - PLANO - 4000x4000,PLANO,Case 046,Plot04,4.9350000000000005,4.5,0.94,46,1.92,0.54
Simulations/DHP - PLANO - 4000x4000/DHP - PLANO - 4000x4000/Case 046/Plot04/Test47.png,Test47.png,DHP - PLANO - 4000x4000,PLANO,Case 046,Plot04,4.9350000000000005,4.5,0.94,46,1.92,0.54
Simulations/DHP - PLANO - 4000x4000/DHP - PLANO - 4000x4000/Case 046/Plot04/test48.png,test48.png,DHP - PLANO - 4000x4000,PLANO,Case 046,Plot04,4.9350000000000005,4.5,0.94,46,1.92,0.54
Simulations/DHP - PLANO - 4000x4000/DHP - PLANO - 4000x4000/Case 046/Plot04/test49.png,test49.png,DHP - PLANO - 4000x4000,PLANO,Case 046,Plot04,4.9350000000000005,4.5,0.94,46,1.92,0.54
Simulations/DHP - PLANO - 4000x4000/DHP - PLANO - 4000x4000/Case 045/Plot04/test40.png,test40.png,DHP - PLANO - 4000x4000,PLANO,Case 045,Plot04,4.79,4.5,1.0,45,1.42,0.43
Simulations/DHP - PLANO - 4000x4000/DHP - PLANO - 4000x4000/Case 045/Plot04/test41.png,test41.png,DHP - PLANO - 4000x4000,PLANO,Case 045,Plot04,4.79,4.5,1.0,45,1.42,0.43
Simulations/DHP - PLANO - 4000x4000/DHP - PLANO - 4000x4000/Case 045/Plot04/test42.png,test42.png,DHP - PLANO - 4000x4000,PLANO,Case 045,Plot04,4.79,4.5,1.0,45,1.42,0.43
Simulations/DHP - PLANO - 4000x4000/DHP - PLANO - 4000x4000/Case 045/Plot04/test43.png,test43.png,DHP - PLANO - 4000x4000,PLANO,Case 045,Plot04,4.79,4.5,1.0,45,1.42,0.43
Simulations/DHP - PLANO - 4000x4000/DHP - PLANO - 4000x4000/Case 045/Plot04/test44.png,test44.png,DHP - PLANO - 4000x4000,PLANO,Case 045,Plot04,4.79,4.5,1.0,45,1.42,0.43
Simulations/DHP - PLANO - 4000x4000/DHP - PLANO - 4000x4000/Case 045/Plot04/test45.png,test45.png,DHP - PLANO - 4000x4000,PLANO,Case 045,Plot04,4.79,4.5,1.0,45,1.42,0.43
Simulations/DHP - PLANO - 4000x4000/DHP - PLANO - 4000x4000/Case 045/Plot04/test46.png,test46.png,DHP - PLANO - 4000x4000,PLANO,Case 045,Plot04,4.79,4.5,1.0,45,1.42,0.43
Simulations/DHP - PLANO - 4000x4000/DHP - PLANO - 4000x4000/Case 045/Plot04/test47.png,test47.png,DHP - PLANO - 4000x4000,PLANO,Case 045,Plot04,4.79,4.5,1.0,45,1.42,0.43
Simulations/DHP - PLANO - 4000x4000/DHP - PLANO - 4000x4000/Case 045/Plot04/test48.png,test48.png,DHP - PLANO - 4000x4000,PLANO,Case 045,Plot04,4.79,4.5,1.0,45,1.42,0.43
Simulations/DHP - PLANO - 4000x4000/DHP - PLANO - 4000x4000/Case 045/Plot04/test49.png,test49.png,DHP - PLANO - 4000x4000,PLANO,Case 045,Plot04,4.79,4.5,1.0,45,1.42,0.43
Simulations/DHP - PLANO - 4000x4000/DHP - PLANO - 4000x4000/Case 044/Plot04/test40.png,test40.png,DHP - PLANO - 4000x4000,PLANO,Case 044,Plot04,4.79,4.5,1.0,44,0.63,0.32
Simulations/DHP - PLANO - 4000x4000/DHP - PLANO - 4000x4000/Case 044/Plot04/test41.png,test41.png,DHP - PLANO - 4000x4000,PLANO,Case 044,Plot04,4.79,4.5,1.0,44,0.63,0.32
Simulations/DHP - PLANO - 4000x4000/DHP - PLANO - 4000x4000/Case 044/Plot04/test42.png,test42.png,DHP - PLANO - 4000x4000,PLANO,Case 044,Plot04,4.79,4.5,1.0,44,0.63,0.32
Simulations/DHP - PLANO - 4000x4000/DHP - PLANO - 4000x4000/Case 044/Plot04/test43.png,test43.png,DHP - PLANO - 4000x4000,PLANO,Case 044,Plot04,4.79,4.5,1.0,44,0.63,0.32
Simulations/DHP - PLANO - 4000x4000/DHP - PLANO - 4000x4000/Case 044/Plot04/test44.png,test44.png,DHP - PLANO - 4000x4000,PLANO,Case 044,Plot04,4.79,4.5,1.0,44,0.63,0.32
Simulations/DHP - PLANO - 4000x4000/DHP - PLANO - 4000x4000/Case 044/Plot04/test45.png,test45.png,DHP - PLANO - 4000x4000,PLANO,Case 044,Plot04,4.79,4.5,1.0,44,0.63,0.32
Simulations/DHP - PLANO - 4000x4000/DHP - PLANO - 4000x4000/Case 044/Plot04/test46.png,test46.png,DHP - PLANO - 4000x4000,PLANO,Case 044,Plot04,4.79,4.5,1.0,44,0.63,0.32
Simulations/DHP - PLANO - 4000x4000/DHP - PLANO - 4000x4000/Case 044/Plot04/test47.png,test47.png,DHP - PLANO - 4000x4000,PLANO,Case 044,Plot04,4.79,4.5,1.0,44,0.63,0.32
Simulations/DHP - PLANO - 4000x4000/DHP - PLANO - 4000x4000/Case 044/Plot04/test48.png,test48.png,DHP - PLANO - 4000x4000,PLANO,Case 044,Plot04,4.79,4.5,1.0,44,0.63,0.32
Simulations/DHP - PLANO - 4000x4000/DHP - PLANO - 4000x4000/Case 044/Plot04/test49.png,test49.png,DHP - PLANO - 4000x4000,PLANO,Case 044,Plot04,4.79,4.5,1.0,44,0.63,0.32
Simulations/DHP - PLANO - 4000x4000/DHP - PLANO - 4000x4000/Case 043/Plot04/test40.png,test40.png,DHP - PLANO - 4000x4000,PLANO,Case 043,Plot04,5.32,4.75,1.0,43,1.2,0.52
Simulations/DHP - PLANO - 4000x4000/DHP - PLANO - 4000x4000/Case 043/Plot04/test41.png,test41.png,DHP - PLANO - 4000x4000,PLANO,Case 043,Plot04,5.32,4.75,1.0,43,1.2,0.52
Simulations/DHP - PLANO - 4000x4000/DHP - PLANO - 4000x4000/Case 043/Plot04/test42.png,test42.png,DHP - PLANO - 4000x4000,PLANO,Case 043,Plot04,5.32,4.75,1.0,43,1.2,0.52
Simulations/DHP - PLANO - 4000x4000/DHP - PLANO - 4000x4000/Case 043/Plot04/test43.png,test43.png,DHP - PLANO - 4000x4000,PLANO,Case 043,Plot04,5.32,4.75,1.0,43,1.2,0.52
Simulations/DHP - PLANO - 4000x4000/DHP - PLANO - 4000x4000/Case 043/Plot04/test44.png,test44.png,DHP - PLANO - 4000x4000,PLANO,Case 043,Plot04,5.32,4.75,1.0,43,1.2,0.52
Simulations/DHP - PLANO - 4000x4000/DHP - PLANO - 4000x4000/Case 043/Plot04/test45.png,test45.png,DHP - PLANO - 4000x4000,PLANO,Case 043,Plot04,5.32,4.75,1.0,43,1.2,0.52
Simulations/DHP - PLANO - 4000x4000/DHP - PLANO - 4000x4000/Case 043/Plot04/test46.png,test46.png,DHP - PLANO - 4000x4000,PLANO,Case 043,Plot04,5.32,4.75,1.0,43,1.2,0.52
Simulations/DHP - PLANO - 4000x4000/DHP - PLANO - 4000x4000/Case 043/Plot04/test47.png,test47.png,DHP - PLANO - 4000x4000,PLANO,Case 043,Plot04,5.32,4.75,1.0,43,1.2,0.52
Simulations/DHP - PLANO - 4000x4000/DHP - PLANO - 4000x4000/Case 043/Plot04/test48.png,test48.png,DHP - PLANO - 4000x4000,PLANO,Case 043,Plot04,5.32,4.75,1.0,43,1.2,0.52
Simulations/DHP - PLANO - 4000x4000/DHP - PLANO - 4000x4000/Case 043/Plot04/test49.png,test49.png,DHP - PLANO - 4000x4000,PLANO,Case 043,Plot04,5.32,4.75,1.0,43,1.2,0.52
Simulations/DHP - PLANO - 4000x4000/DHP - PLANO - 4000x4000/Case 042/Plot04/test40.png,test40.png,DHP - PLANO - 4000x4000,PLANO,Case 042,Plot04,4.51,4.0,0.93,42,0.62,0.35
Simulations/DHP - PLANO - 4000x4000/DHP - PLANO - 4000x4000/Case 042/Plot04/test41.png,test41.png,DHP - PLANO - 4000x4000,PLANO,Case 042,Plot04,4.51,4.0,0.93,42,0.62,0.35
Simulations/DHP - PLANO - 4000x4000/DHP - PLANO - 4000x4000/Case 042/Plot04/test42.png,test42.png,DHP - PLANO - 4000x4000,PLANO,Case 042,Plot04,4.51,4.0,0.93,42,0.62,0.35
Simulations/DHP - PLANO - 4000x4000/DHP - PLANO - 4000x4000/Case 042/Plot04/test43.png,test43.png,DHP - PLANO - 4000x4000,PLANO,Case 042,Plot04,4.51,4.0,0.93,42,0.62,0.35
Simulations/DHP - PLANO - 4000x4000/DHP - PLANO - 4000x4000/Case 042/Plot04/test44.png,test44.png,DHP - PLANO - 4000x4000,PLANO,Case 042,Plot04,4.51,4.0,0.93,42,0.62,0.35
Simulations/DHP - PLANO - 4000x4000/DHP - PLANO - 4000x4000/Case 042/Plot04/test45.png,test45.png,DHP - PLANO - 4000x4000,PLANO,Case 042,Plot04,4.51,4.0,0.93,42,0.62,0.35
Simulations/DHP - PLANO - 4000x4000/DHP - PLANO - 4000x4000/Case 042/Plot04/test46.png,test46.png,DHP - PLANO - 4000x4000,PLANO,Case 042,Plot04,4.51,4.0,0.93,42,0.62,0.35
Simulations/DHP - PLANO - 4000x4000/DHP - PLANO - 4000x4000/Case 042/Plot04/test47.png,test47.png,DHP - PLANO - 4000x4000,PLANO,Case 042,Plot04,4.51,4.0,0.93,42,0.62,0.35
Simulations/DHP - PLANO - 4000x4000/DHP - PLANO - 4000x4000/Case 042/Plot04/test48.png,test48.png,DHP - PLANO - 4000x4000,PLANO,Case 042,Plot04,4.51,4.0,0.93,42,0.62,0.35
Simulations/DHP - PLANO - 4000x4000/DHP - PLANO - 4000x4000/Case 042/Plot04/test49.png,test49.png,DHP - PLANO - 4000x4000,PLANO,Case 042,Plot04,4.51,4.0,0.93,42,0.62,0.35
Simulations/DHP - PLANO - 4000x4000/DHP - PLANO - 4000x4000/Case 041/Plot04/test40.png,test40.png,DHP - PLANO - 4000x4000,PLANO,Case 041,Plot04,6.0,6.0,1.0,41,5.29,0.97
Simulations/DHP - PLANO - 4000x4000/DHP - PLANO - 4000x4000/Case 041/Plot04/test41.png,test41.png,DHP - PLANO - 4000x4000,PLANO,Case 041,Plot04,6.0,6.0,1.0,41,5.29,0.97
Simulations/DHP - PLANO - 4000x4000/DHP - PLANO - 4000x4000/Case 041/Plot04/test42.png,test42.png,DHP - PLANO - 4000x4000,PLANO,Case 041,Plot04,6.0,6.0,1.0,41,5.29,0.97
Simulations/DHP - PLANO - 4000x4000/DHP - PLANO - 4000x4000/Case 041/Plot04/test43.png,test43.png,DHP - PLANO - 4000x4000,PLANO,Case 041,Plot04,6.0,6.0,1.0,41,5.29,0.97
Simulations/DHP - PLANO - 4000x4000/DHP - PLANO - 4000x4000/Case 041/Plot04/test44.png,test44.png,DHP - PLANO - 4000x4000,PLANO,Case 041,Plot04,6.0,6.0,1.0,41,5.29,0.97
Simulations/DHP - PLANO - 4000x4000/DHP - PLANO - 4000x4000/Case 041/Plot04/test45.png,test45.png,DHP - PLANO - 4000x4000,PLANO,Case 041,Plot04,6.0,6.0,1.0,41,5.29,0.97
Simulations/DHP - PLANO - 4000x4000/DHP - PLANO - 4000x4000/Case 041/Plot04/test46.png,test46.png,DHP - PLANO - 4000x4000,PLANO,Case 041,Plot04,6.0,6.0,1.0,41,5.29,0.97
Simulations/DHP - PLANO - 4000x4000/DHP - PLANO - 4000x4000/Case 041/Plot04/test47.png,test47.png,DHP - PLANO - 4000x4000,PLANO,Case 041,Plot04,6.0,6.0,1.0,41,5.29,0.97
Simulations/DHP - PLANO - 4000x4000/DHP - PLANO - 4000x4000/Case 041/Plot04/test48.png,test48.png,DHP - PLANO - 4000x4000,PLANO,Case 041,Plot04,6.0,6.0,1.0,41,5.29,0.97
Simulations/DHP - PLANO - 4000x4000/DHP - PLANO - 4000x4000/Case 041/Plot04/test49.png,test49.png,DHP - PLANO - 4000x4000,PLANO,Case 041,Plot04,6.0,6.0,1.0,41,5.29,0.97
Simulations/DHP - PLANO - 4000x4000/DHP - PLANO - 4000x4000/Case 040/Plot04/test40.png,test40.png,DHP - PLANO - 4000x4000,PLANO,Case 040,Plot04,5.0,5.0,1.0,40,4.337,0.98
Simulations/DHP - PLANO - 4000x4000/DHP - PLANO - 4000x4000/Case 040/Plot04/test41.png,test41.png,DHP - PLANO - 4000x4000,PLANO,Case 040,Plot04,5.0,5.0,1.0,40,4.337,0.98
Simulations/DHP - PLANO - 4000x4000/DHP - PLANO - 4000x4000/Case 040/Plot04/test42.png,test42.png,DHP - PLANO - 4000x4000,PLANO,Case 040,Plot04,5.0,5.0,1.0,40,4.337,0.98
Simulations/DHP - PLANO - 4000x4000/DHP - PLANO - 4000x4000/Case 040/Plot04/test43.png,test43.png,DHP - PLANO - 4000x4000,PLANO,Case 040,Plot04,5.0,5.0,1.0,40,4.337,0.98
Simulations/DHP - PLANO - 4000x4000/DHP - PLANO - 4000x4000/Case 040/Plot04/test44.png,test44.png,DHP - PLANO - 4000x4000,PLANO,Case 040,Plot04,5.0,5.0,1.0,40,4.337,0.98
Simulations/DHP - PLANO - 4000x4000/DHP - PLANO - 4000x4000/Case 040/Plot04/test45.png,test45.png,DHP - PLANO - 4000x4000,PLANO,Case 040,Plot04,5.0,5.0,1.0,40,4.337,0.98
Simulations/DHP - PLANO - 4000x4000/DHP - PLANO - 4000x4000/Case 040/Plot04/test46.png,test46.png,DHP - PLANO - 4000x4000,PLANO,Case 040,Plot04,5.0,5.0,1.0,40,4.337,0.98
Simulations/DHP - PLANO - 4000x4000/DHP - PLANO - 4000x4000/Case 040/Plot04/test47.png,test47.png,DHP - PLANO - 4000x4000,PLANO,Case 040,Plot04,5.0,5.0,1.0,40,4.337,0.98
Simulations/DHP - PLANO - 4000x4000/DHP - PLANO - 4000x4000/Case 040/Plot04/test48.png,test48.png,DHP - PLANO - 4000x4000,PLANO,Case 040,Plot04,5.0,5.0,1.0,40,4.337,0.98
Simulations/DHP - PLANO - 4000x4000/DHP - PLANO - 4000x4000/Case 040/Plot04/test49.png,test49.png,DHP - PLANO - 4000x4000,PLANO,Case 040,Plot04,5.0,5.0,1.0,40,4.337,0.98
Simulations/DHP - PLANO - 4000x4000/DHP - PLANO - 4000x4000/Case 039/Plot04/test40.png,test40.png,DHP - PLANO - 4000x4000,PLANO,Case 039,Plot04,4.0,4.0,1.0,39,3.507,0.981
Simulations/DHP - PLANO - 4000x4000/DHP - PLANO - 4000x4000/Case 039/Plot04/test41.png,test41.png,DHP - PLANO - 4000x4000,PLANO,Case 039,Plot04,4.0,4.0,1.0,39,3.507,0.981
Simulations/DHP - PLANO - 4000x4000/DHP - PLANO - 4000x4000/Case 039/Plot04/test42.png,test42.png,DHP - PLANO - 4000x4000,PLANO,Case 039,Plot04,4.0,4.0,1.0,39,3.507,0.981
Simulations/DHP - PLANO - 4000x4000/DHP - PLANO - 4000x4000/Case 039/Plot04/test43.png,test43.png,DHP - PLANO - 4000x4000,PLANO,Case 039,Plot04,4.0,4.0,1.0,39,3.507,0.981
Simulations/DHP - PLANO - 4000x4000/DHP - PLANO - 4000x4000/Case 039/Plot04/test44.png,test44.png,DHP - PLANO - 4000x4000,PLANO,Case 039,Plot04,4.0,4.0,1.0,39,3.507,0.981
Simulations/DHP - PLANO - 4000x4000/DHP - PLANO - 4000x4000/Case 039/Plot04/test45.png,test45.png,DHP - PLANO - 4000x4000,PLANO,Case 039,Plot04,4.0,4.0,1.0,39,3.507,0.981
Simulations/DHP - PLANO - 4000x4000/DHP - PLANO - 4000x4000/Case 039/Plot04/test46.png,test46.png,DHP - PLANO - 4000x4000,PLANO,Case 039,Plot04,4.0,4.0,1.0,39,3.507,0.981
Simulations/DHP - PLANO - 4000x4000/DHP - PLANO - 4000x4000/Case 039/Plot04/test47.png,test47.png,DHP - PLANO - 4000x4000,PLANO,Case 039,Plot04,4.0,4.0,1.0,39,3.507,0.981
Simulations/DHP - PLANO - 4000x4000/DHP - PLANO - 4000x4000/Case 039/Plot04/test48.png,test48.png,DHP - PLANO - 4000x4000,PLANO,Case 039,Plot04,4.0,4.0,1.0,39,3.507,0.981
Simulations/DHP - PLANO - 4000x4000/DHP - PLANO - 4000x4000/Case 039/Plot04/test49.png,test49.png,DHP - PLANO - 4000x4000,PLANO,Case 039,Plot04,4.0,4.0,1.0,39,3.507,0.981
Simulations/DHP - PLANO - 4000x4000/DHP - PLANO - 4000x4000/Case 038/Plot04/test40.png,test40.png,DHP - PLANO - 4000x4000,PLANO,Case 038,Plot04,2.4050000000000002,2.15,0.93,38,0.36,0.41
Simulations/DHP - PLANO - 4000x4000/DHP - PLANO - 4000x4000/Case 038/Plot04/test41.png,test41.png,DHP - PLANO - 4000x4000,PLANO,Case 038,Plot04,2.4050000000000002,2.15,0.93,38,0.36,0.41
Simulations/DHP - PLANO - 4000x4000/DHP - PLANO - 4000x4000/Case 038/Plot04/test42.png,test42.png,DHP - PLANO - 4000x4000,PLANO,Case 038,Plot04,2.4050000000000002,2.15,0.93,38,0.36,0.41
Simulations/DHP - PLANO - 4000x4000/DHP - PLANO - 4000x4000/Case 038/Plot04/test43.png,test43.png,DHP - PLANO - 4000x4000,PLANO,Case 038,Plot04,2.4050000000000002,2.15,0.93,38,0.36,0.41
Simulations/DHP - PLANO - 4000x4000/DHP - PLANO - 4000x4000/Case 038/Plot04/test44.png,test44.png,DHP - PLANO - 4000x4000,PLANO,Case 038,Plot04,2.4050000000000002,2.15,0.93,38,0.36,0.41
Simulations/DHP - PLANO - 4000x4000/DHP - PLANO - 4000x4000/Case 038/Plot04/test45.png,test45.png,DHP - PLANO - 4000x4000,PLANO,Case 038,Plot04,2.4050000000000002,2.15,0.93,38,0.36,0.41
Simulations/DHP - PLANO - 4000x4000/DHP - PLANO - 4000x4000/Case 038/Plot04/test46.png,test46.png,DHP - PLANO - 4000x4000,PLANO,Case 038,Plot04,2.4050000000000002,2.15,0.93,38,0.36,0.41
Simulations/DHP - PLANO - 4000x4000/DHP - PLANO - 4000x4000/Case 038/Plot04/test47.png,test47.png,DHP - PLANO - 4000x4000,PLANO,Case 038,Plot04,2.4050000000000002,2.15,0.93,38,0.36,0.41
Simulations/DHP - PLANO - 4000x4000/DHP - PLANO - 4000x4000/Case 038/Plot04/test48.png,test48.png,DHP - PLANO - 4000x4000,PLANO,Case 038,Plot04,2.4050000000000002,2.15,0.93,38,0.36,0.41
Simulations/DHP - PLANO - 4000x4000/DHP - PLANO - 4000x4000/Case 038/Plot04/test49.png,test49.png,DHP - PLANO - 4000x4000,PLANO,Case 038,Plot04,2.4050000000000002,2.15,0.93,38,0.36,0.41
Simulations/DHP - PLANO - 4000x4000/DHP - PLANO - 4000x4000/Case 037/Plot04/test40.png,test40.png,DHP - PLANO - 4000x4000,PLANO,Case 037,Plot04,3.93,3.0,0.85,37,2.52,0.831
Simulations/DHP - PLANO - 4000x4000/DHP - PLANO - 4000x4000/Case 037/Plot04/test41.png,test41.png,DHP - PLANO - 4000x4000,PLANO,Case 037,Plot04,3.93,3.0,0.85,37,2.52,0.831
Simulations/DHP - PLANO - 4000x4000/DHP - PLANO - 4000x4000/Case 037/Plot04/test42.png,test42.png,DHP - PLANO - 4000x4000,PLANO,Case 037,Plot04,3.93,3.0,0.85,37,2.52,0.831
Simulations/DHP - PLANO - 4000x4000/DHP - PLANO - 4000x4000/Case 037/Plot04/test43.png,test43.png,DHP - PLANO - 4000x4000,PLANO,Case 037,Plot04,3.93,3.0,0.85,37,2.52,0.831
Simulations/DHP - PLANO - 4000x4000/DHP - PLANO - 4000x4000/Case 037/Plot04/test44.png,test44.png,DHP - PLANO - 4000x4000,PLANO,Case 037,Plot04,3.93,3.0,0.85,37,2.52,0.831
Simulations/DHP - PLANO - 4000x4000/DHP - PLANO - 4000x4000/Case 037/Plot04/test45.png,test45.png,DHP - PLANO - 4000x4000,PLANO,Case 037,Plot04,3.93,3.0,0.85,37,2.52,0.831
Simulations/DHP - PLANO - 4000x4000/DHP - PLANO - 4000x4000/Case 037/Plot04/test46.png,test46.png,DHP - PLANO - 4000x4000,PLANO,Case 037,Plot04,3.93,3.0,0.85,37,2.52,0.831
Simulations/DHP - PLANO - 4000x4000/DHP - PLANO - 4000x4000/Case 037/Plot04/test47.png,test47.png,DHP - PLANO - 4000x4000,PLANO,Case 037,Plot04,3.93,3.0,0.85,37,2.52,0.831
Simulations/DHP - PLANO - 4000x4000/DHP - PLANO - 4000x4000/Case 037/Plot04/test48.png,test48.png,DHP - PLANO - 4000x4000,PLANO,Case 037,Plot04,3.93,3.0,0.85,37,2.52,0.831
Simulations/DHP - PLANO - 4000x4000/DHP - PLANO - 4000x4000/Case 037/Plot04/test49.png,test49.png,DHP - PLANO - 4000x4000,PLANO,Case 037,Plot04,3.93,3.0,0.85,37,2.52,0.831
Simulations/DHP - PLANO - 4000x4000/DHP - PLANO - 4000x4000/Case 036/Plot04/test40.png,test40.png,DHP - PLANO - 4000x4000,PLANO,Case 036,Plot04,3.135,3.0,0.97,36,2.26,0.913
Simulations/DHP - PLANO - 4000x4000/DHP - PLANO - 4000x4000/Case 036/Plot04/test41.png,test41.png,DHP - PLANO - 4000x4000,PLANO,Case 036,Plot04,3.135,3.0,0.97,36,2.26,0.913
Simulations/DHP - PLANO - 4000x4000/DHP - PLANO - 4000x4000/Case 036/Plot04/test42.png,test42.png,DHP - PLANO - 4000x4000,PLANO,Case 036,Plot04,3.135,3.0,0.97,36,2.26,0.913
Simulations/DHP - PLANO - 4000x4000/DHP - PLANO - 4000x4000/Case 036/Plot04/test43.png,test43.png,DHP - PLANO - 4000x4000,PLANO,Case 036,Plot04,3.135,3.0,0.97,36,2.26,0.913
Simulations/DHP - PLANO - 4000x4000/DHP - PLANO - 4000x4000/Case 036/Plot04/test44.png,test44.png,DHP - PLANO - 4000x4000,PLANO,Case 036,Plot04,3.135,3.0,0.97,36,2.26,0.913
Simulations/DHP - PLANO - 4000x4000/DHP - PLANO - 4000x4000/Case 036/Plot04/test45.png,test45.png,DHP - PLANO - 4000x4000,PLANO,Case 036,Plot04,3.135,3.0,0.97,36,2.26,0.913
Simulations/DHP - PLANO - 4000x4000/DHP - PLANO - 4000x4000/Case 036/Plot04/test46.png,test46.png,DHP - PLANO - 4000x4000,PLANO,Case 036,Plot04,3.135,3.0,0.97,36,2.26,0.913
Simulations/DHP - PLANO - 4000x4000/DHP - PLANO - 4000x4000/Case 036/Plot04/test47.png,test47.png,DHP - PLANO - 4000x4000,PLANO,Case 036,Plot04,3.135,3.0,0.97,36,2.26,0.913
Simulations/DHP - PLANO - 4000x4000/DHP - PLANO - 4000x4000/Case 036/Plot04/test48.png,test48.png,DHP - PLANO - 4000x4000,PLANO,Case 036,Plot04,3.135,3.0,0.97,36,2.26,0.913
Simulations/DHP - PLANO - 4000x4000/DHP - PLANO - 4000x4000/Case 036/Plot04/test49.png,test49.png,DHP - PLANO - 4000x4000,PLANO,Case 036,Plot04,3.135,3.0,0.97,36,2.26,0.913
Simulations/DHP - PLANO - 4000x4000/DHP - PLANO - 4000x4000/Case 035/Plot04/test40.png,test40.png,DHP - PLANO - 4000x4000,PLANO,Case 035,Plot04,6.51,6.0,0.95,35,0.63,0.32
Simulations/DHP - PLANO - 4000x4000/DHP - PLANO - 4000x4000/Case 035/Plot04/test41.png,test41.png,DHP - PLANO - 4000x4000,PLANO,Case 035,Plot04,6.51,6.0,0.95,35,0.63,0.32
Simulations/DHP - PLANO - 4000x4000/DHP - PLANO - 4000x4000/Case 035/Plot04/test42.png,test42.png,DHP - PLANO - 4000x4000,PLANO,Case 035,Plot04,6.51,6.0,0.95,35,0.63,0.32
Simulations/DHP - PLANO - 4000x4000/DHP - PLANO - 4000x4000/Case 035/Plot04/test43.png,test43.png,DHP - PLANO - 4000x4000,PLANO,Case 035,Plot04,6.51,6.0,0.95,35,0.63,0.32
Simulations/DHP - PLANO - 4000x4000/DHP - PLANO - 4000x4000/Case 035/Plot04/test44.png,test44.png,DHP - PLANO - 4000x4000,PLANO,Case 035,Plot04,6.51,6.0,0.95,35,0.63,0.32
Simulations/DHP - PLANO - 4000x4000/DHP - PLANO - 4000x4000/Case 035/Plot04/test45.png,test45.png,DHP - PLANO - 4000x4000,PLANO,Case 035,Plot04,6.51,6.0,0.95,35,0.63,0.32
Simulations/DHP - PLANO - 4000x4000/DHP - PLANO - 4000x4000/Case 035/Plot04/test46.png,test46.png,DHP - PLANO - 4000x4000,PLANO,Case 035,Plot04,6.51,6.0,0.95,35,0.63,0.32
Simulations/DHP - PLANO - 4000x4000/DHP - PLANO - 4000x4000/Case 035/Plot04/test47.png,test47.png,DHP - PLANO - 4000x4000,PLANO,Case 035,Plot04,6.51,6.0,0.95,35,0.63,0.32
Simulations/DHP - PLANO - 4000x4000/DHP - PLANO - 4000x4000/Case 035/Plot04/test48.png,test48.png,DHP - PLANO - 4000x4000,PLANO,Case 035,Plot04,6.51,6.0,0.95,35,0.63,0.32
Simulations/DHP - PLANO - 4000x4000/DHP - PLANO - 4000x4000/Case 035/Plot04/test49.png,test49.png,DHP - PLANO - 4000x4000,PLANO,Case 035,Plot04,6.51,6.0,0.95,35,0.63,0.32
Simulations/DHP - PLANO - 4000x4000/DHP - PLANO - 4000x4000/Case 034/Plot04/test40.png,test40.png,DHP - PLANO - 4000x4000,PLANO,Case 034,Plot04,2.0,2.0,1.0,34,1.72,0.91
Simulations/DHP - PLANO - 4000x4000/DHP - PLANO - 4000x4000/Case 034/Plot04/test41.png,test41.png,DHP - PLANO - 4000x4000,PLANO,Case 034,Plot04,2.0,2.0,1.0,34,1.72,0.91
Simulations/DHP - PLANO - 4000x4000/DHP - PLANO - 4000x4000/Case 034/Plot04/test42.png,test42.png,DHP - PLANO - 4000x4000,PLANO,Case 034,Plot04,2.0,2.0,1.0,34,1.72,0.91
Simulations/DHP - PLANO - 4000x4000/DHP - PLANO - 4000x4000/Case 034/Plot04/test43.png,test43.png,DHP - PLANO - 4000x4000,PLANO,Case 034,Plot04,2.0,2.0,1.0,34,1.72,0.91
Simulations/DHP - PLANO - 4000x4000/DHP - PLANO - 4000x4000/Case 034/Plot04/test44.png,test44.png,DHP - PLANO - 4000x4000,PLANO,Case 034,Plot04,2.0,2.0,1.0,34,1.72,0.91
Simulations/DHP - PLANO - 4000x4000/DHP - PLANO - 4000x4000/Case 034/Plot04/test45.png,test45.png,DHP - PLANO - 4000x4000,PLANO,Case 034,Plot04,2.0,2.0,1.0,34,1.72,0.91
Simulations/DHP - PLANO - 4000x4000/DHP - PLANO - 4000x4000/Case 034/Plot04/test46.png,test46.png,DHP - PLANO - 4000x4000,PLANO,Case 034,Plot04,2.0,2.0,1.0,34,1.72,0.91
Simulations/DHP - PLANO - 4000x4000/DHP - PLANO - 4000x4000/Case 034/Plot04/test47.png,test47.png,DHP - PLANO - 4000x4000,PLANO,Case 034,Plot04,2.0,2.0,1.0,34,1.72,0.91
Simulations/DHP - PLANO - 4000x4000/DHP - PLANO - 4000x4000/Case 034/Plot04/test48.png,test48.png,DHP - PLANO - 4000x4000,PLANO,Case 034,Plot04,2.0,2.0,1.0,34,1.72,0.91
Simulations/DHP - PLANO - 4000x4000/DHP - PLANO - 4000x4000/Case 034/Plot04/test49.png,test49.png,DHP - PLANO - 4000x4000,PLANO,Case 034,Plot04,2.0,2.0,1.0,34,1.72,0.91
Simulations/DHP - PLANO - 4000x4000/DHP - PLANO - 4000x4000/Case 033/Plot04/test40.png,test40.png,DHP - PLANO - 4000x4000,PLANO,Case 033,Plot04,3.0,3.0,1.0,33,2.598,0.985
Simulations/DHP - PLANO - 4000x4000/DHP - PLANO - 4000x4000/Case 033/Plot04/test41.png,test41.png,DHP - PLANO - 4000x4000,PLANO,Case 033,Plot04,3.0,3.0,1.0,33,2.598,0.985
Simulations/DHP - PLANO - 4000x4000/DHP - PLANO - 4000x4000/Case 033/Plot04/test42.png,test42.png,DHP - PLANO - 4000x4000,PLANO,Case 033,Plot04,3.0,3.0,1.0,33,2.598,0.985
Simulations/DHP - PLANO - 4000x4000/DHP - PLANO - 4000x4000/Case 033/Plot04/test43.png,test43.png,DHP - PLANO - 4000x4000,PLANO,Case 033,Plot04,3.0,3.0,1.0,33,2.598,0.985
Simulations/DHP - PLANO - 4000x4000/DHP - PLANO - 4000x4000/Case 033/Plot04/test44.png,test44.png,DHP - PLANO - 4000x4000,PLANO,Case 033,Plot04,3.0,3.0,1.0,33,2.598,0.985
Simulations/DHP - PLANO - 4000x4000/DHP - PLANO - 4000x4000/Case 033/Plot04/test45.png,test45.png,DHP - PLANO - 4000x4000,PLANO,Case 033,Plot04,3.0,3.0,1.0,33,2.598,0.985
Simulations/DHP - PLANO - 4000x4000/DHP - PLANO - 4000x4000/Case 033/Plot04/test46.png,test46.png,DHP - PLANO - 4000x4000,PLANO,Case 033,Plot04,3.0,3.0,1.0,33,2.598,0.985
Simulations/DHP - PLANO - 4000x4000/DHP - PLANO - 4000x4000/Case 033/Plot04/test47.png,test47.png,DHP - PLANO - 4000x4000,PLANO,Case 033,Plot04,3.0,3.0,1.0,33,2.598,0.985
Simulations/DHP - PLANO - 4000x4000/DHP - PLANO - 4000x4000/Case 033/Plot04/test48.png,test48.png,DHP - PLANO - 4000x4000,PLANO,Case 033,Plot04,3.0,3.0,1.0,33,2.598,0.985
Simulations/DHP - PLANO - 4000x4000/DHP - PLANO - 4000x4000/Case 033/Plot04/test49.png,test49.png,DHP - PLANO - 4000x4000,PLANO,Case 033,Plot04,3.0,3.0,1.0,33,2.598,0.985
Simulations/DHP - PLANO - 4000x4000/DHP - PLANO - 4000x4000/Case 032/Plot04/test40.png,test40.png,DHP - PLANO - 4000x4000,PLANO,Case 032,Plot04,3.55,2.2,0.78,32,1.73,0.48
Simulations/DHP - PLANO - 4000x4000/DHP - PLANO - 4000x4000/Case 032/Plot04/test41.png,test41.png,DHP - PLANO - 4000x4000,PLANO,Case 032,Plot04,3.55,2.2,0.78,32,1.73,0.48
Simulations/DHP - PLANO - 4000x4000/DHP - PLANO - 4000x4000/Case 032/Plot04/test42.png,test42.png,DHP - PLANO - 4000x4000,PLANO,Case 032,Plot04,3.55,2.2,0.78,32,1.73,0.48
Simulations/DHP - PLANO - 4000x4000/DHP - PLANO - 4000x4000/Case 032/Plot04/test43.png,test43.png,DHP - PLANO - 4000x4000,PLANO,Case 032,Plot04,3.55,2.2,0.78,32,1.73,0.48
Simulations/DHP - PLANO - 4000x4000/DHP - PLANO - 4000x4000/Case 032/Plot04/Test44.png,Test44.png,DHP - PLANO - 4000x4000,PLANO,Case 032,Plot04,3.55,2.2,0.78,32,1.73,0.48
Simulations/DHP - PLANO - 4000x4000/DHP - PLANO - 4000x4000/Case 032/Plot04/test45.png,test45.png,DHP - PLANO - 4000x4000,PLANO,Case 032,Plot04,3.55,2.2,0.78,32,1.73,0.48
Simulations/DHP - PLANO - 4000x4000/DHP - PLANO - 4000x4000/Case 032/Plot04/test46.png,test46.png,DHP - PLANO - 4000x4000,PLANO,Case 032,Plot04,3.55,2.2,0.78,32,1.73,0.48
Simulations/DHP - PLANO - 4000x4000/DHP - PLANO - 4000x4000/Case 032/Plot04/test47.png,test47.png,DHP - PLANO - 4000x4000,PLANO,Case 032,Plot04,3.55,2.2,0.78,32,1.73,0.48
Simulations/DHP - PLANO - 4000x4000/DHP - PLANO - 4000x4000/Case 032/Plot04/test48.png,test48.png,DHP - PLANO - 4000x4000,PLANO,Case 032,Plot04,3.55,2.2,0.78,32,1.73,0.48
Simulations/DHP - PLANO - 4000x4000/DHP - PLANO - 4000x4000/Case 032/Plot04/test49.png,test49.png,DHP - PLANO - 4000x4000,PLANO,Case 032,Plot04,3.55,2.2,0.78,32,1.73,0.48
Simulations/DHP - PLANO - 4000x4000/DHP - PLANO - 4000x4000/Case 031/Plot04/test40.png,test40.png,DHP - PLANO - 4000x4000,PLANO,Case 031,Plot04,3.79,3.1,0.89,31,1.4,0.55
Simulations/DHP - PLANO - 4000x4000/DHP - PLANO - 4000x4000/Case 031/Plot04/test41.png,test41.png,DHP - PLANO - 4000x4000,PLANO,Case 031,Plot04,3.79,3.1,0.89,31,1.4,0.55
Simulations/DHP - PLANO - 4000x4000/DHP - PLANO - 4000x4000/Case 031/Plot04/test42.png,test42.png,DHP - PLANO - 4000x4000,PLANO,Case 031,Plot04,3.79,3.1,0.89,31,1.4,0.55
Simulations/DHP - PLANO - 4000x4000/DHP - PLANO - 4000x4000/Case 031/Plot04/test43.png,test43.png,DHP - PLANO - 4000x4000,PLANO,Case 031,Plot04,3.79,3.1,0.89,31,1.4,0.55
Simulations/DHP - PLANO - 4000x4000/DHP - PLANO - 4000x4000/Case 031/Plot04/test44.png,test44.png,DHP - PLANO - 4000x4000,PLANO,Case 031,Plot04,3.79,3.1,0.89,31,1.4,0.55
Simulations/DHP - PLANO - 4000x4000/DHP - PLANO - 4000x4000/Case 031/Plot04/test45.png,test45.png,DHP - PLANO - 4000x4000,PLANO,Case 031,Plot04,3.79,3.1,0.89,31,1.4,0.55
Simulations/DHP - PLANO - 4000x4000/DHP - PLANO - 4000x4000/Case 031/Plot04/test46.png,test46.png,DHP - PLANO - 4000x4000,PLANO,Case 031,Plot04,3.79,3.1,0.89,31,1.4,0.55
Simulations/DHP - PLANO - 4000x4000/DHP - PLANO - 4000x4000/Case 031/Plot04/test47.png,test47.png,DHP - PLANO - 4000x4000,PLANO,Case 031,Plot04,3.79,3.1,0.89,31,1.4,0.55
Simulations/DHP - PLANO - 4000x4000/DHP - PLANO - 4000x4000/Case 031/Plot04/test48.png,test48.png,DHP - PLANO - 4000x4000,PLANO,Case 031,Plot04,3.79,3.1,0.89,31,1.4,0.55
Simulations/DHP - PLANO - 4000x4000/DHP - PLANO - 4000x4000/Case 031/Plot04/test49.png,test49.png,DHP - PLANO - 4000x4000,PLANO,Case 031,Plot04,3.79,3.1,0.89,31,1.4,0.55
Simulations/DHP - PLANO - 4000x4000/DHP - PLANO - 4000x4000/Case 030/Plot04/test40.png,test40.png,DHP - PLANO - 4000x4000,PLANO,Case 030,Plot04,3.55,2.2,0.78,30,1.6,0.48
Simulations/DHP - PLANO - 4000x4000/DHP - PLANO - 4000x4000/Case 030/Plot04/test41.png,test41.png,DHP - PLANO - 4000x4000,PLANO,Case 030,Plot04,3.55,2.2,0.78,30,1.6,0.48
Simulations/DHP - PLANO - 4000x4000/DHP - PLANO - 4000x4000/Case 030/Plot04/test42.png,test42.png,DHP - PLANO - 4000x4000,PLANO,Case 030,Plot04,3.55,2.2,0.78,30,1.6,0.48
Simulations/DHP - PLANO - 4000x4000/DHP - PLANO - 4000x4000/Case 030/Plot04/test43.png,test43.png,DHP - PLANO - 4000x4000,PLANO,Case 030,Plot04,3.55,2.2,0.78,30,1.6,0.48
Simulations/DHP - PLANO - 4000x4000/DHP - PLANO - 4000x4000/Case 030/Plot04/Test44.png,Test44.png,DHP - PLANO - 4000x4000,PLANO,Case 030,Plot04,3.55,2.2,0.78,30,1.6,0.48
Simulations/DHP - PLANO - 4000x4000/DHP - PLANO - 4000x4000/Case 030/Plot04/test45.png,test45.png,DHP - PLANO - 4000x4000,PLANO,Case 030,Plot04,3.55,2.2,0.78,30,1.6,0.48
Simulations/DHP - PLANO - 4000x4000/DHP - PLANO - 4000x4000/Case 030/Plot04/test46.png,test46.png,DHP - PLANO - 4000x4000,PLANO,Case 030,Plot04,3.55,2.2,0.78,30,1.6,0.48
Simulations/DHP - PLANO - 4000x4000/DHP - PLANO - 4000x4000/Case 030/Plot04/test47.png,test47.png,DHP - PLANO - 4000x4000,PLANO,Case 030,Plot04,3.55,2.2,0.78,30,1.6,0.48
Simulations/DHP - PLANO - 4000x4000/DHP - PLANO - 4000x4000/Case 030/Plot04/test48.png,test48.png,DHP - PLANO - 4000x4000,PLANO,Case 030,Plot04,3.55,2.2,0.78,30,1.6,0.48
Simulations/DHP - PLANO - 4000x4000/DHP - PLANO - 4000x4000/Case 030/Plot04/test49.png,test49.png,DHP - PLANO - 4000x4000,PLANO,Case 030,Plot04,3.55,2.2,0.78,30,1.6,0.48
Simulations/DHP - PLANO - 4000x4000/DHP - PLANO - 4000x4000/Case 029/Plot04/test40.png,test40.png,DHP - PLANO - 4000x4000,PLANO,Case 029,Plot04,3.21,2.85,1.0,29,1.47,0.5
Simulations/DHP - PLANO - 4000x4000/DHP - PLANO - 4000x4000/Case 029/Plot04/test41.png,test41.png,DHP - PLANO - 4000x4000,PLANO,Case 029,Plot04,3.21,2.85,1.0,29,1.47,0.5
Simulations/DHP - PLANO - 4000x4000/DHP - PLANO - 4000x4000/Case 029/Plot04/test42.png,test42.png,DHP - PLANO - 4000x4000,PLANO,Case 029,Plot04,3.21,2.85,1.0,29,1.47,0.5
Simulations/DHP - PLANO - 4000x4000/DHP - PLANO - 4000x4000/Case 029/Plot04/test43.png,test43.png,DHP - PLANO - 4000x4000,PLANO,Case 029,Plot04,3.21,2.85,1.0,29,1.47,0.5
Simulations/DHP - PLANO - 4000x4000/DHP - PLANO - 4000x4000/Case 029/Plot04/test44.png,test44.png,DHP - PLANO - 4000x4000,PLANO,Case 029,Plot04,3.21,2.85,1.0,29,1.47,0.5
Simulations/DHP - PLANO - 4000x4000/DHP - PLANO - 4000x4000/Case 029/Plot04/test45.png,test45.png,DHP - PLANO - 4000x4000,PLANO,Case 029,Plot04,3.21,2.85,1.0,29,1.47,0.5
Simulations/DHP - PLANO - 4000x4000/DHP - PLANO - 4000x4000/Case 029/Plot04/test46.png,test46.png,DHP - PLANO - 4000x4000,PLANO,Case 029,Plot04,3.21,2.85,1.0,29,1.47,0.5
Simulations/DHP - PLANO - 4000x4000/DHP - PLANO - 4000x4000/Case 029/Plot04/test47.png,test47.png,DHP - PLANO - 4000x4000,PLANO,Case 029,Plot04,3.21,2.85,1.0,29,1.47,0.5
Simulations/DHP - PLANO - 4000x4000/DHP - PLANO - 4000x4000/Case 029/Plot04/test48.png,test48.png,DHP - PLANO - 4000x4000,PLANO,Case 029,Plot04,3.21,2.85,1.0,29,1.47,0.5
Simulations/DHP - PLANO - 4000x4000/DHP - PLANO - 4000x4000/Case 029/Plot04/test49.png,test49.png,DHP - PLANO - 4000x4000,PLANO,Case 029,Plot04,3.21,2.85,1.0,29,1.47,0.5
Simulations/DHP - PLANO - 4000x4000/DHP - PLANO - 4000x4000/Case 028/Plot04/test40.png,test40.png,DHP - PLANO - 4000x4000,PLANO,Case 028,Plot04,7.735,7.0,0.94,28,2.98,0.547
Simulations/DHP - PLANO - 4000x4000/DHP - PLANO - 4000x4000/Case 028/Plot04/test41.png,test41.png,DHP - PLANO - 4000x4000,PLANO,Case 028,Plot04,7.735,7.0,0.94,28,2.98,0.547
Simulations/DHP - PLANO - 4000x4000/DHP - PLANO - 4000x4000/Case 028/Plot04/test42.png,test42.png,DHP - PLANO - 4000x4000,PLANO,Case 028,Plot04,7.735,7.0,0.94,28,2.98,0.547
Simulations/DHP - PLANO - 4000x4000/DHP - PLANO - 4000x4000/Case 028/Plot04/test43.png,test43.png,DHP - PLANO - 4000x4000,PLANO,Case 028,Plot04,7.735,7.0,0.94,28,2.98,0.547
Simulations/DHP - PLANO - 4000x4000/DHP - PLANO - 4000x4000/Case 028/Plot04/test44.png,test44.png,DHP - PLANO - 4000x4000,PLANO,Case 028,Plot04,7.735,7.0,0.94,28,2.98,0.547
Simulations/DHP - PLANO - 4000x4000/DHP - PLANO - 4000x4000/Case 028/Plot04/test45.png,test45.png,DHP - PLANO - 4000x4000,PLANO,Case 028,Plot04,7.735,7.0,0.94,28,2.98,0.547
Simulations/DHP - PLANO - 4000x4000/DHP - PLANO - 4000x4000/Case 028/Plot04/test46.png,test46.png,DHP - PLANO - 4000x4000,PLANO,Case 028,Plot04,7.735,7.0,0.94,28,2.98,0.547
Simulations/DHP - PLANO - 4000x4000/DHP - PLANO - 4000x4000/Case 028/Plot04/test47.png,test47.png,DHP - PLANO - 4000x4000,PLANO,Case 028,Plot04,7.735,7.0,0.94,28,2.98,0.547
Simulations/DHP - PLANO - 4000x4000/DHP - PLANO - 4000x4000/Case 028/Plot04/test48.png,test48.png,DHP - PLANO - 4000x4000,PLANO,Case 028,Plot04,7.735,7.0,0.94,28,2.98,0.547
Simulations/DHP - PLANO - 4000x4000/DHP - PLANO - 4000x4000/Case 028/Plot04/test49.png,test49.png,DHP - PLANO - 4000x4000,PLANO,Case 028,Plot04,7.735,7.0,0.94,28,2.98,0.547
Simulations/DHP - PLANO - 4000x4000/DHP - PLANO - 4000x4000/Case 027/Plot04/test40.png,test40.png,DHP - PLANO - 4000x4000,PLANO,Case 027,Plot04,6.074999999999999,6.0,0.99,27,1.38,0.43
Simulations/DHP - PLANO - 4000x4000/DHP - PLANO - 4000x4000/Case 027/Plot04/test41.png,test41.png,DHP - PLANO - 4000x4000,PLANO,Case 027,Plot04,6.074999999999999,6.0,0.99,27,1.38,0.43
Simulations/DHP - PLANO - 4000x4000/DHP - PLANO - 4000x4000/Case 027/Plot04/test42.png,test42.png,DHP - PLANO - 4000x4000,PLANO,Case 027,Plot04,6.074999999999999,6.0,0.99,27,1.38,0.43
Simulations/DHP - PLANO - 4000x4000/DHP - PLANO - 4000x4000/Case 027/Plot04/test43.png,test43.png,DHP - PLANO - 4000x4000,PLANO,Case 027,Plot04,6.074999999999999,6.0,0.99,27,1.38,0.43
Simulations/DHP - PLANO - 4000x4000/DHP - PLANO - 4000x4000/Case 027/Plot04/test44.png,test44.png,DHP - PLANO - 4000x4000,PLANO,Case 027,Plot04,6.074999999999999,6.0,0.99,27,1.38,0.43
Simulations/DHP - PLANO - 4000x4000/DHP - PLANO - 4000x4000/Case 027/Plot04/test45.png,test45.png,DHP - PLANO - 4000x4000,PLANO,Case 027,Plot04,6.074999999999999,6.0,0.99,27,1.38,0.43
Simulations/DHP - PLANO - 4000x4000/DHP - PLANO - 4000x4000/Case 027/Plot04/test46.png,test46.png,DHP - PLANO - 4000x4000,PLANO,Case 027,Plot04,6.074999999999999,6.0,0.99,27,1.38,0.43
Simulations/DHP - PLANO - 4000x4000/DHP - PLANO - 4000x4000/Case 027/Plot04/test47.png,test47.png,DHP - PLANO - 4000x4000,PLANO,Case 027,Plot04,6.074999999999999,6.0,0.99,27,1.38,0.43
Simulations/DHP - PLANO - 4000x4000/DHP - PLANO - 4000x4000/Case 027/Plot04/test48.png,test48.png,DHP - PLANO - 4000x4000,PLANO,Case 027,Plot04,6.074999999999999,6.0,0.99,27,1.38,0.43
Simulations/DHP - PLANO - 4000x4000/DHP - PLANO - 4000x4000/Case 027/Plot04/test49.png,test49.png,DHP - PLANO - 4000x4000,PLANO,Case 027,Plot04,6.074999999999999,6.0,0.99,27,1.38,0.43
Simulations/DHP - PLANO - 4000x4000/DHP - PLANO - 4000x4000/Case 026/Plot04/test40.png,test40.png,DHP - PLANO - 4000x4000,PLANO,Case 026,Plot04,5.074999999999999,5.0,0.99,26,1.34,0.46
Simulations/DHP - PLANO - 4000x4000/DHP - PLANO - 4000x4000/Case 026/Plot04/test41.png,test41.png,DHP - PLANO - 4000x4000,PLANO,Case 026,Plot04,5.074999999999999,5.0,0.99,26,1.34,0.46
Simulations/DHP - PLANO - 4000x4000/DHP - PLANO - 4000x4000/Case 026/Plot04/test42.png,test42.png,DHP - PLANO - 4000x4000,PLANO,Case 026,Plot04,5.074999999999999,5.0,0.99,26,1.34,0.46
Simulations/DHP - PLANO - 4000x4000/DHP - PLANO - 4000x4000/Case 026/Plot04/test43.png,test43.png,DHP - PLANO - 4000x4000,PLANO,Case 026,Plot04,5.074999999999999,5.0,0.99,26,1.34,0.46
Simulations/DHP - PLANO - 4000x4000/DHP - PLANO - 4000x4000/Case 026/Plot04/test44.png,test44.png,DHP - PLANO - 4000x4000,PLANO,Case 026,Plot04,5.074999999999999,5.0,0.99,26,1.34,0.46
Simulations/DHP - PLANO - 4000x4000/DHP - PLANO - 4000x4000/Case 026/Plot04/test45.png,test45.png,DHP - PLANO - 4000x4000,PLANO,Case 026,Plot04,5.074999999999999,5.0,0.99,26,1.34,0.46
Simulations/DHP - PLANO - 4000x4000/DHP - PLANO - 4000x4000/Case 026/Plot04/test46.png,test46.png,DHP - PLANO - 4000x4000,PLANO,Case 026,Plot04,5.074999999999999,5.0,0.99,26,1.34,0.46
Simulations/DHP - PLANO - 4000x4000/DHP - PLANO - 4000x4000/Case 026/Plot04/test47.png,test47.png,DHP - PLANO - 4000x4000,PLANO,Case 026,Plot04,5.074999999999999,5.0,0.99,26,1.34,0.46
Simulations/DHP - PLANO - 4000x4000/DHP - PLANO - 4000x4000/Case 026/Plot04/test48.png,test48.png,DHP - PLANO - 4000x4000,PLANO,Case 026,Plot04,5.074999999999999,5.0,0.99,26,1.34,0.46
Simulations/DHP - PLANO - 4000x4000/DHP - PLANO - 4000x4000/Case 026/Plot04/test49.png,test49.png,DHP - PLANO - 4000x4000,PLANO,Case 026,Plot04,5.074999999999999,5.0,0.99,26,1.34,0.46
Simulations/DHP - PLANO - 4000x4000/DHP - PLANO - 4000x4000/Case 025/Plot04/test40.png,test40.png,DHP - PLANO - 4000x4000,PLANO,Case 025,Plot04,4.074999999999999,4.0,0.99,25,1.21,0.55
Simulations/DHP - PLANO - 4000x4000/DHP - PLANO - 4000x4000/Case 025/Plot04/test41.png,test41.png,DHP - PLANO - 4000x4000,PLANO,Case 025,Plot04,4.074999999999999,4.0,0.99,25,1.21,0.55
Simulations/DHP - PLANO - 4000x4000/DHP - PLANO - 4000x4000/Case 025/Plot04/test42.png,test42.png,DHP - PLANO - 4000x4000,PLANO,Case 025,Plot04,4.074999999999999,4.0,0.99,25,1.21,0.55
Simulations/DHP - PLANO - 4000x4000/DHP - PLANO - 4000x4000/Case 025/Plot04/test43.png,test43.png,DHP - PLANO - 4000x4000,PLANO,Case 025,Plot04,4.074999999999999,4.0,0.99,25,1.21,0.55
Simulations/DHP - PLANO - 4000x4000/DHP - PLANO - 4000x4000/Case 025/Plot04/test44.png,test44.png,DHP - PLANO - 4000x4000,PLANO,Case 025,Plot04,4.074999999999999,4.0,0.99,25,1.21,0.55
Simulations/DHP - PLANO - 4000x4000/DHP - PLANO - 4000x4000/Case 025/Plot04/test45.png,test45.png,DHP - PLANO - 4000x4000,PLANO,Case 025,Plot04,4.074999999999999,4.0,0.99,25,1.21,0.55
Simulations/DHP - PLANO - 4000x4000/DHP - PLANO - 4000x4000/Case 025/Plot04/test46.png,test46.png,DHP - PLANO - 4000x4000,PLANO,Case 025,Plot04,4.074999999999999,4.0,0.99,25,1.21,0.55
Simulations/DHP - PLANO - 4000x4000/DHP - PLANO - 4000x4000/Case 025/Plot04/test47.png,test47.png,DHP - PLANO - 4000x4000,PLANO,Case 025,Plot04,4.074999999999999,4.0,0.99,25,1.21,0.55
Simulations/DHP - PLANO - 4000x4000/DHP - PLANO - 4000x4000/Case 025/Plot04/test48.png,test48.png,DHP - PLANO - 4000x4000,PLANO,Case 025,Plot04,4.074999999999999,4.0,0.99,25,1.21,0.55
Simulations/DHP - PLANO - 4000x4000/DHP - PLANO - 4000x4000/Case 025/Plot04/test49.png,test49.png,DHP - PLANO - 4000x4000,PLANO,Case 025,Plot04,4.074999999999999,4.0,0.99,25,1.21,0.55
Simulations/DHP - PLANO - 4000x4000/DHP - PLANO - 4000x4000/Case 024/Plot04/test40.png,test40.png,DHP - PLANO - 4000x4000,PLANO,Case 024,Plot04,4.735,4.0,0.9,24,2.47,0.66
Simulations/DHP - PLANO - 4000x4000/DHP - PLANO - 4000x4000/Case 024/Plot04/test41.png,test41.png,DHP - PLANO - 4000x4000,PLANO,Case 024,Plot04,4.735,4.0,0.9,24,2.47,0.66
Simulations/DHP - PLANO - 4000x4000/DHP - PLANO - 4000x4000/Case 024/Plot04/test42.png,test42.png,DHP - PLANO - 4000x4000,PLANO,Case 024,Plot04,4.735,4.0,0.9,24,2.47,0.66
Simulations/DHP - PLANO - 4000x4000/DHP - PLANO - 4000x4000/Case 024/Plot04/test43.png,test43.png,DHP - PLANO - 4000x4000,PLANO,Case 024,Plot04,4.735,4.0,0.9,24,2.47,0.66
Simulations/DHP - PLANO - 4000x4000/DHP - PLANO - 4000x4000/Case 024/Plot04/test44.png,test44.png,DHP - PLANO - 4000x4000,PLANO,Case 024,Plot04,4.735,4.0,0.9,24,2.47,0.66
Simulations/DHP - PLANO - 4000x4000/DHP - PLANO - 4000x4000/Case 024/Plot04/test45.png,test45.png,DHP - PLANO - 4000x4000,PLANO,Case 024,Plot04,4.735,4.0,0.9,24,2.47,0.66
Simulations/DHP - PLANO - 4000x4000/DHP - PLANO - 4000x4000/Case 024/Plot04/test46.png,test46.png,DHP - PLANO - 4000x4000,PLANO,Case 024,Plot04,4.735,4.0,0.9,24,2.47,0.66
Simulations/DHP - PLANO - 4000x4000/DHP - PLANO - 4000x4000/Case 024/Plot04/test47.png,test47.png,DHP - PLANO - 4000x4000,PLANO,Case 024,Plot04,4.735,4.0,0.9,24,2.47,0.66
Simulations/DHP - PLANO - 4000x4000/DHP - PLANO - 4000x4000/Case 024/Plot04/test48.png,test48.png,DHP - PLANO - 4000x4000,PLANO,Case 024,Plot04,4.735,4.0,0.9,24,2.47,0.66
Simulations/DHP - PLANO - 4000x4000/DHP - PLANO - 4000x4000/Case 024/Plot04/test49.png,test49.png,DHP - PLANO - 4000x4000,PLANO,Case 024,Plot04,4.735,4.0,0.9,24,2.47,0.66
Simulations/DHP - PLANO - 4000x4000/DHP - PLANO - 4000x4000/Case 023/Plot04/test40.png,test40.png,DHP - PLANO - 4000x4000,PLANO,Case 023,Plot04,0.31,0.25,0.88,23,0.224,0.89
Simulations/DHP - PLANO - 4000x4000/DHP - PLANO - 4000x4000/Case 023/Plot04/test41.png,test41.png,DHP - PLANO - 4000x4000,PLANO,Case 023,Plot04,0.31,0.25,0.88,23,0.224,0.89
Simulations/DHP - PLANO - 4000x4000/DHP - PLANO - 4000x4000/Case 023/Plot04/test42.png,test42.png,DHP - PLANO - 4000x4000,PLANO,Case 023,Plot04,0.31,0.25,0.88,23,0.224,0.89
Simulations/DHP - PLANO - 4000x4000/DHP - PLANO - 4000x4000/Case 023/Plot04/test43.png,test43.png,DHP - PLANO - 4000x4000,PLANO,Case 023,Plot04,0.31,0.25,0.88,23,0.224,0.89
Simulations/DHP - PLANO - 4000x4000/DHP - PLANO - 4000x4000/Case 023/Plot04/test44.png,test44.png,DHP - PLANO - 4000x4000,PLANO,Case 023,Plot04,0.31,0.25,0.88,23,0.224,0.89
Simulations/DHP - PLANO - 4000x4000/DHP - PLANO - 4000x4000/Case 023/Plot04/test45.png,test45.png,DHP - PLANO - 4000x4000,PLANO,Case 023,Plot04,0.31,0.25,0.88,23,0.224,0.89
Simulations/DHP - PLANO - 4000x4000/DHP - PLANO - 4000x4000/Case 023/Plot04/test46.png,test46.png,DHP - PLANO - 4000x4000,PLANO,Case 023,Plot04,0.31,0.25,0.88,23,0.224,0.89
Simulations/DHP - PLANO - 4000x4000/DHP - PLANO - 4000x4000/Case 023/Plot04/test47.png,test47.png,DHP - PLANO - 4000x4000,PLANO,Case 023,Plot04,0.31,0.25,0.88,23,0.224,0.89
Simulations/DHP - PLANO - 4000x4000/DHP - PLANO - 4000x4000/Case 023/Plot04/test48.png,test48.png,DHP - PLANO - 4000x4000,PLANO,Case 023,Plot04,0.31,0.25,0.88,23,0.224,0.89
Simulations/DHP - PLANO - 4000x4000/DHP - PLANO - 4000x4000/Case 023/Plot04/test49.png,test49.png,DHP - PLANO - 4000x4000,PLANO,Case 023,Plot04,0.31,0.25,0.88,23,0.224,0.89
Simulations/DHP - PLANO - 4000x4000/DHP - PLANO - 4000x4000/Case 022/Plot04/test40.png,test40.png,DHP - PLANO - 4000x4000,PLANO,Case 022,Plot04,0.31,0.25,0.88,22,0.206,0.8
Simulations/DHP - PLANO - 4000x4000/DHP - PLANO - 4000x4000/Case 022/Plot04/test41.png,test41.png,DHP - PLANO - 4000x4000,PLANO,Case 022,Plot04,0.31,0.25,0.88,22,0.206,0.8
Simulations/DHP - PLANO - 4000x4000/DHP - PLANO - 4000x4000/Case 022/Plot04/test42.png,test42.png,DHP - PLANO - 4000x4000,PLANO,Case 022,Plot04,0.31,0.25,0.88,22,0.206,0.8
Simulations/DHP - PLANO - 4000x4000/DHP - PLANO - 4000x4000/Case 022/Plot04/test43.png,test43.png,DHP - PLANO - 4000x4000,PLANO,Case 022,Plot04,0.31,0.25,0.88,22,0.206,0.8
Simulations/DHP - PLANO - 4000x4000/DHP - PLANO - 4000x4000/Case 022/Plot04/test44.png,test44.png,DHP - PLANO - 4000x4000,PLANO,Case 022,Plot04,0.31,0.25,0.88,22,0.206,0.8
Simulations/DHP - PLANO - 4000x4000/DHP - PLANO - 4000x4000/Case 022/Plot04/test45.png,test45.png,DHP - PLANO - 4000x4000,PLANO,Case 022,Plot04,0.31,0.25,0.88,22,0.206,0.8
Simulations/DHP - PLANO - 4000x4000/DHP - PLANO - 4000x4000/Case 022/Plot04/test46.png,test46.png,DHP - PLANO - 4000x4000,PLANO,Case 022,Plot04,0.31,0.25,0.88,22,0.206,0.8
Simulations/DHP - PLANO - 4000x4000/DHP - PLANO - 4000x4000/Case 022/Plot04/test47.png,test47.png,DHP - PLANO - 4000x4000,PLANO,Case 022,Plot04,0.31,0.25,0.88,22,0.206,0.8
Simulations/DHP - PLANO - 4000x4000/DHP - PLANO - 4000x4000/Case 022/Plot04/test48.png,test48.png,DHP - PLANO - 4000x4000,PLANO,Case 022,Plot04,0.31,0.25,0.88,22,0.206,0.8
Simulations/DHP - PLANO - 4000x4000/DHP - PLANO - 4000x4000/Case 022/Plot04/test49.png,test49.png,DHP - PLANO - 4000x4000,PLANO,Case 022,Plot04,0.31,0.25,0.88,22,0.206,0.8
Simulations/DHP - PLANO - 4000x4000/DHP - PLANO - 4000x4000/Case 021/Plot04/test40.png,test40.png,DHP - PLANO - 4000x4000,PLANO,Case 021,Plot04,1.415,1.25,0.93,21,0.83,0.74
Simulations/DHP - PLANO - 4000x4000/DHP - PLANO - 4000x4000/Case 021/Plot04/test41.png,test41.png,DHP - PLANO - 4000x4000,PLANO,Case 021,Plot04,1.415,1.25,0.93,21,0.83,0.74
Simulations/DHP - PLANO - 4000x4000/DHP - PLANO - 4000x4000/Case 021/Plot04/test42.png,test42.png,DHP - PLANO - 4000x4000,PLANO,Case 021,Plot04,1.415,1.25,0.93,21,0.83,0.74
Simulations/DHP - PLANO - 4000x4000/DHP - PLANO - 4000x4000/Case 021/Plot04/test43.png,test43.png,DHP - PLANO - 4000x4000,PLANO,Case 021,Plot04,1.415,1.25,0.93,21,0.83,0.74
Simulations/DHP - PLANO - 4000x4000/DHP - PLANO - 4000x4000/Case 021/Plot04/test44.png,test44.png,DHP - PLANO - 4000x4000,PLANO,Case 021,Plot04,1.415,1.25,0.93,21,0.83,0.74
Simulations/DHP - PLANO - 4000x4000/DHP - PLANO - 4000x4000/Case 021/Plot04/test45.png,test45.png,DHP - PLANO - 4000x4000,PLANO,Case 021,Plot04,1.415,1.25,0.93,21,0.83,0.74
Simulations/DHP - PLANO - 4000x4000/DHP - PLANO - 4000x4000/Case 021/Plot04/test46.png,test46.png,DHP - PLANO - 4000x4000,PLANO,Case 021,Plot04,1.415,1.25,0.93,21,0.83,0.74
Simulations/DHP - PLANO - 4000x4000/DHP - PLANO - 4000x4000/Case 021/Plot04/test47.png,test47.png,DHP - PLANO - 4000x4000,PLANO,Case 021,Plot04,1.415,1.25,0.93,21,0.83,0.74
Simulations/DHP - PLANO - 4000x4000/DHP - PLANO - 4000x4000/Case 021/Plot04/test48.png,test48.png,DHP - PLANO - 4000x4000,PLANO,Case 021,Plot04,1.415,1.25,0.93,21,0.83,0.74
Simulations/DHP - PLANO - 4000x4000/DHP - PLANO - 4000x4000/Case 021/Plot04/test49.png,test49.png,DHP - PLANO - 4000x4000,PLANO,Case 021,Plot04,1.415,1.25,0.93,21,0.83,0.74
Simulations/DHP - PLANO - 4000x4000/DHP - PLANO - 4000x4000/Case 020/Plot04/test40.png,test40.png,DHP - PLANO - 4000x4000,PLANO,Case 020,Plot04,1.415,1.25,0.93,20,0.66,0.68
Simulations/DHP - PLANO - 4000x4000/DHP - PLANO - 4000x4000/Case 020/Plot04/test41.png,test41.png,DHP - PLANO - 4000x4000,PLANO,Case 020,Plot04,1.415,1.25,0.93,20,0.66,0.68
Simulations/DHP - PLANO - 4000x4000/DHP - PLANO - 4000x4000/Case 020/Plot04/test42.png,test42.png,DHP - PLANO - 4000x4000,PLANO,Case 020,Plot04,1.415,1.25,0.93,20,0.66,0.68
Simulations/DHP - PLANO - 4000x4000/DHP - PLANO - 4000x4000/Case 020/Plot04/test43.png,test43.png,DHP - PLANO - 4000x4000,PLANO,Case 020,Plot04,1.415,1.25,0.93,20,0.66,0.68
Simulations/DHP - PLANO - 4000x4000/DHP - PLANO - 4000x4000/Case 020/Plot04/test44.png,test44.png,DHP - PLANO - 4000x4000,PLANO,Case 020,Plot04,1.415,1.25,0.93,20,0.66,0.68
Simulations/DHP - PLANO - 4000x4000/DHP - PLANO - 4000x4000/Case 020/Plot04/test45.png,test45.png,DHP - PLANO - 4000x4000,PLANO,Case 020,Plot04,1.415,1.25,0.93,20,0.66,0.68
Simulations/DHP - PLANO - 4000x4000/DHP - PLANO - 4000x4000/Case 020/Plot04/test46.png,test46.png,DHP - PLANO - 4000x4000,PLANO,Case 020,Plot04,1.415,1.25,0.93,20,0.66,0.68
Simulations/DHP - PLANO - 4000x4000/DHP - PLANO - 4000x4000/Case 020/Plot04/test47.png,test47.png,DHP - PLANO - 4000x4000,PLANO,Case 020,Plot04,1.415,1.25,0.93,20,0.66,0.68
Simulations/DHP - PLANO - 4000x4000/DHP - PLANO - 4000x4000/Case 020/Plot04/test48.png,test48.png,DHP - PLANO - 4000x4000,PLANO,Case 020,Plot04,1.415,1.25,0.93,20,0.66,0.68
Simulations/DHP - PLANO - 4000x4000/DHP - PLANO - 4000x4000/Case 020/Plot04/test49.png,test49.png,DHP - PLANO - 4000x4000,PLANO,Case 020,Plot04,1.415,1.25,0.93,20,0.66,0.68
Simulations/DHP - PLANO - 4000x4000/DHP - PLANO - 4000x4000/Case 019/Plot04/test40.png,test40.png,DHP - PLANO - 4000x4000,PLANO,Case 019,Plot04,3.195,3.0,0.96,19,0.34,0.43
Simulations/DHP - PLANO - 4000x4000/DHP - PLANO - 4000x4000/Case 019/Plot04/test41.png,test41.png,DHP - PLANO - 4000x4000,PLANO,Case 019,Plot04,3.195,3.0,0.96,19,0.34,0.43
Simulations/DHP - PLANO - 4000x4000/DHP - PLANO - 4000x4000/Case 019/Plot04/test42.png,test42.png,DHP - PLANO - 4000x4000,PLANO,Case 019,Plot04,3.195,3.0,0.96,19,0.34,0.43
Simulations/DHP - PLANO - 4000x4000/DHP - PLANO - 4000x4000/Case 019/Plot04/test43.png,test43.png,DHP - PLANO - 4000x4000,PLANO,Case 019,Plot04,3.195,3.0,0.96,19,0.34,0.43
Simulations/DHP - PLANO - 4000x4000/DHP - PLANO - 4000x4000/Case 019/Plot04/test44.png,test44.png,DHP - PLANO - 4000x4000,PLANO,Case 019,Plot04,3.195,3.0,0.96,19,0.34,0.43
Simulations/DHP - PLANO - 4000x4000/DHP - PLANO - 4000x4000/Case 019/Plot04/test45.png,test45.png,DHP - PLANO - 4000x4000,PLANO,Case 019,Plot04,3.195,3.0,0.96,19,0.34,0.43
Simulations/DHP - PLANO - 4000x4000/DHP - PLANO - 4000x4000/Case 019/Plot04/test46.png,test46.png,DHP - PLANO - 4000x4000,PLANO,Case 019,Plot04,3.195,3.0,0.96,19,0.34,0.43
Simulations/DHP - PLANO - 4000x4000/DHP - PLANO - 4000x4000/Case 019/Plot04/test47.png,test47.png,DHP - PLANO - 4000x4000,PLANO,Case 019,Plot04,3.195,3.0,0.96,19,0.34,0.43
Simulations/DHP - PLANO - 4000x4000/DHP - PLANO - 4000x4000/Case 019/Plot04/test48.png,test48.png,DHP - PLANO - 4000x4000,PLANO,Case 019,Plot04,3.195,3.0,0.96,19,0.34,0.43
Simulations/DHP - PLANO - 4000x4000/DHP - PLANO - 4000x4000/Case 019/Plot04/test49.png,test49.png,DHP - PLANO - 4000x4000,PLANO,Case 019,Plot04,3.195,3.0,0.96,19,0.34,0.43
Simulations/DHP - PLANO - 4000x4000/DHP - PLANO - 4000x4000/Case 018/Plot04/test40.png,test40.png,DHP - PLANO - 4000x4000,PLANO,Case 018,Plot04,1.165,1.0,0.91,18,0.343,0.84
Simulations/DHP - PLANO - 4000x4000/DHP - PLANO - 4000x4000/Case 018/Plot04/test41.png,test41.png,DHP - PLANO - 4000x4000,PLANO,Case 018,Plot04,1.165,1.0,0.91,18,0.343,0.84
Simulations/DHP - PLANO - 4000x4000/DHP - PLANO - 4000x4000/Case 018/Plot04/test42.png,test42.png,DHP - PLANO - 4000x4000,PLANO,Case 018,Plot04,1.165,1.0,0.91,18,0.343,0.84
Simulations/DHP - PLANO - 4000x4000/DHP - PLANO - 4000x4000/Case 018/Plot04/test43.png,test43.png,DHP - PLANO - 4000x4000,PLANO,Case 018,Plot04,1.165,1.0,0.91,18,0.343,0.84
Simulations/DHP - PLANO - 4000x4000/DHP - PLANO - 4000x4000/Case 018/Plot04/test44.png,test44.png,DHP - PLANO - 4000x4000,PLANO,Case 018,Plot04,1.165,1.0,0.91,18,0.343,0.84
Simulations/DHP - PLANO - 4000x4000/DHP - PLANO - 4000x4000/Case 018/Plot04/test45.png,test45.png,DHP - PLANO - 4000x4000,PLANO,Case 018,Plot04,1.165,1.0,0.91,18,0.343,0.84
Simulations/DHP - PLANO - 4000x4000/DHP - PLANO - 4000x4000/Case 018/Plot04/test46.png,test46.png,DHP - PLANO - 4000x4000,PLANO,Case 018,Plot04,1.165,1.0,0.91,18,0.343,0.84
Simulations/DHP - PLANO - 4000x4000/DHP - PLANO - 4000x4000/Case 018/Plot04/test47.png,test47.png,DHP - PLANO - 4000x4000,PLANO,Case 018,Plot04,1.165,1.0,0.91,18,0.343,0.84
Simulations/DHP - PLANO - 4000x4000/DHP - PLANO - 4000x4000/Case 018/Plot04/test48.png,test48.png,DHP - PLANO - 4000x4000,PLANO,Case 018,Plot04,1.165,1.0,0.91,18,0.343,0.84
Simulations/DHP - PLANO - 4000x4000/DHP - PLANO - 4000x4000/Case 018/Plot04/test49.png,test49.png,DHP - PLANO - 4000x4000,PLANO,Case 018,Plot04,1.165,1.0,0.91,18,0.343,0.84
Simulations/DHP - PLANO - 4000x4000/DHP - PLANO - 4000x4000/Case 017/Plot04/test40.png,test40.png,DHP - PLANO - 4000x4000,PLANO,Case 017,Plot04,5.300000000000001,5.0,0.96,17,2.67,0.77
Simulations/DHP - PLANO - 4000x4000/DHP - PLANO - 4000x4000/Case 017/Plot04/test41.png,test41.png,DHP - PLANO - 4000x4000,PLANO,Case 017,Plot04,5.300000000000001,5.0,0.96,17,2.67,0.77
Simulations/DHP - PLANO - 4000x4000/DHP - PLANO - 4000x4000/Case 017/Plot04/test42.png,test42.png,DHP - PLANO - 4000x4000,PLANO,Case 017,Plot04,5.300000000000001,5.0,0.96,17,2.67,0.77
Simulations/DHP - PLANO - 4000x4000/DHP - PLANO - 4000x4000/Case 017/Plot04/test43.png,test43.png,DHP - PLANO - 4000x4000,PLANO,Case 017,Plot04,5.300000000000001,5.0,0.96,17,2.67,0.77
Simulations/DHP - PLANO - 4000x4000/DHP - PLANO - 4000x4000/Case 017/Plot04/test44.png,test44.png,DHP - PLANO - 4000x4000,PLANO,Case 017,Plot04,5.300000000000001,5.0,0.96,17,2.67,0.77
Simulations/DHP - PLANO - 4000x4000/DHP - PLANO - 4000x4000/Case 017/Plot04/test45.png,test45.png,DHP - PLANO - 4000x4000,PLANO,Case 017,Plot04,5.300000000000001,5.0,0.96,17,2.67,0.77
Simulations/DHP - PLANO - 4000x4000/DHP - PLANO - 4000x4000/Case 017/Plot04/test46.png,test46.png,DHP - PLANO - 4000x4000,PLANO,Case 017,Plot04,5.300000000000001,5.0,0.96,17,2.67,0.77
Simulations/DHP - PLANO - 4000x4000/DHP - PLANO - 4000x4000/Case 017/Plot04/test47.png,test47.png,DHP - PLANO - 4000x4000,PLANO,Case 017,Plot04,5.300000000000001,5.0,0.96,17,2.67,0.77
Simulations/DHP - PLANO - 4000x4000/DHP - PLANO - 4000x4000/Case 017/Plot04/test48.png,test48.png,DHP - PLANO - 4000x4000,PLANO,Case 017,Plot04,5.300000000000001,5.0,0.96,17,2.67,0.77
Simulations/DHP - PLANO - 4000x4000/DHP - PLANO - 4000x4000/Case 017/Plot04/test49.png,test49.png,DHP - PLANO - 4000x4000,PLANO,Case 017,Plot04,5.300000000000001,5.0,0.96,17,2.67,0.77
Simulations/DHP - PLANO - 4000x4000/DHP - PLANO - 4000x4000/Case 016/Plot04/test40.png,test40.png,DHP - PLANO - 4000x4000,PLANO,Case 016,Plot04,5.725,5.5,0.97,16,2.83,0.69
Simulations/DHP - PLANO - 4000x4000/DHP - PLANO - 4000x4000/Case 016/Plot04/test41.png,test41.png,DHP - PLANO - 4000x4000,PLANO,Case 016,Plot04,5.725,5.5,0.97,16,2.83,0.69
Simulations/DHP - PLANO - 4000x4000/DHP - PLANO - 4000x4000/Case 016/Plot04/test42.png,test42.png,DHP - PLANO - 4000x4000,PLANO,Case 016,Plot04,5.725,5.5,0.97,16,2.83,0.69
Simulations/DHP - PLANO - 4000x4000/DHP - PLANO - 4000x4000/Case 016/Plot04/test43.png,test43.png,DHP - PLANO - 4000x4000,PLANO,Case 016,Plot04,5.725,5.5,0.97,16,2.83,0.69
Simulations/DHP - PLANO - 4000x4000/DHP - PLANO - 4000x4000/Case 016/Plot04/test44.png,test44.png,DHP - PLANO - 4000x4000,PLANO,Case 016,Plot04,5.725,5.5,0.97,16,2.83,0.69
Simulations/DHP - PLANO - 4000x4000/DHP - PLANO - 4000x4000/Case 016/Plot04/test45.png,test45.png,DHP - PLANO - 4000x4000,PLANO,Case 016,Plot04,5.725,5.5,0.97,16,2.83,0.69
Simulations/DHP - PLANO - 4000x4000/DHP - PLANO - 4000x4000/Case 016/Plot04/test46.png,test46.png,DHP - PLANO - 4000x4000,PLANO,Case 016,Plot04,5.725,5.5,0.97,16,2.83,0.69
Simulations/DHP - PLANO - 4000x4000/DHP - PLANO - 4000x4000/Case 016/Plot04/test47.png,test47.png,DHP - PLANO - 4000x4000,PLANO,Case 016,Plot04,5.725,5.5,0.97,16,2.83,0.69
Simulations/DHP - PLANO - 4000x4000/DHP - PLANO - 4000x4000/Case 016/Plot04/test48.png,test48.png,DHP - PLANO - 4000x4000,PLANO,Case 016,Plot04,5.725,5.5,0.97,16,2.83,0.69
Simulations/DHP - PLANO - 4000x4000/DHP - PLANO - 4000x4000/Case 016/Plot04/test49.png,test49.png,DHP - PLANO - 4000x4000,PLANO,Case 016,Plot04,5.725,5.5,0.97,16,2.83,0.69
Simulations/DHP - PLANO - 4000x4000/DHP - PLANO - 4000x4000/Case 015/Plot04/test40.png,test40.png,DHP - PLANO - 4000x4000,PLANO,Case 015,Plot04,3.42,2.7,1.0,15,1.82,0.57
Simulations/DHP - PLANO - 4000x4000/DHP - PLANO - 4000x4000/Case 015/Plot04/test41.png,test41.png,DHP - PLANO - 4000x4000,PLANO,Case 015,Plot04,3.42,2.7,1.0,15,1.82,0.57
Simulations/DHP - PLANO - 4000x4000/DHP - PLANO - 4000x4000/Case 015/Plot04/test42.png,test42.png,DHP - PLANO - 4000x4000,PLANO,Case 015,Plot04,3.42,2.7,1.0,15,1.82,0.57
Simulations/DHP - PLANO - 4000x4000/DHP - PLANO - 4000x4000/Case 015/Plot04/test43.png,test43.png,DHP - PLANO - 4000x4000,PLANO,Case 015,Plot04,3.42,2.7,1.0,15,1.82,0.57
Simulations/DHP - PLANO - 4000x4000/DHP - PLANO - 4000x4000/Case 015/Plot04/test44.png,test44.png,DHP - PLANO - 4000x4000,PLANO,Case 015,Plot04,3.42,2.7,1.0,15,1.82,0.57
Simulations/DHP - PLANO - 4000x4000/DHP - PLANO - 4000x4000/Case 015/Plot04/test45.png,test45.png,DHP - PLANO - 4000x4000,PLANO,Case 015,Plot04,3.42,2.7,1.0,15,1.82,0.57
Simulations/DHP - PLANO - 4000x4000/DHP - PLANO - 4000x4000/Case 015/Plot04/test46.png,test46.png,DHP - PLANO - 4000x4000,PLANO,Case 015,Plot04,3.42,2.7,1.0,15,1.82,0.57
Simulations/DHP - PLANO - 4000x4000/DHP - PLANO - 4000x4000/Case 015/Plot04/test47.png,test47.png,DHP - PLANO - 4000x4000,PLANO,Case 015,Plot04,3.42,2.7,1.0,15,1.82,0.57
Simulations/DHP - PLANO - 4000x4000/DHP - PLANO - 4000x4000/Case 015/Plot04/test48.png,test48.png,DHP - PLANO - 4000x4000,PLANO,Case 015,Plot04,3.42,2.7,1.0,15,1.82,0.57
Simulations/DHP - PLANO - 4000x4000/DHP - PLANO - 4000x4000/Case 015/Plot04/test49.png,test49.png,DHP - PLANO - 4000x4000,PLANO,Case 015,Plot04,3.42,2.7,1.0,15,1.82,0.57
Simulations/DHP - PLANO - 4000x4000/DHP - PLANO - 4000x4000/Case 014/Plot04/test40.png,test40.png,DHP - PLANO - 4000x4000,PLANO,Case 014,Plot04,2.82,2.1,1.0,14,1.66,0.64
Simulations/DHP - PLANO - 4000x4000/DHP - PLANO - 4000x4000/Case 014/Plot04/test41.png,test41.png,DHP - PLANO - 4000x4000,PLANO,Case 014,Plot04,2.82,2.1,1.0,14,1.66,0.64
Simulations/DHP - PLANO - 4000x4000/DHP - PLANO - 4000x4000/Case 014/Plot04/test42.png,test42.png,DHP - PLANO - 4000x4000,PLANO,Case 014,Plot04,2.82,2.1,1.0,14,1.66,0.64
Simulations/DHP - PLANO - 4000x4000/DHP - PLANO - 4000x4000/Case 014/Plot04/test43.png,test43.png,DHP - PLANO - 4000x4000,PLANO,Case 014,Plot04,2.82,2.1,1.0,14,1.66,0.64
Simulations/DHP - PLANO - 4000x4000/DHP - PLANO - 4000x4000/Case 014/Plot04/test44.png,test44.png,DHP - PLANO - 4000x4000,PLANO,Case 014,Plot04,2.82,2.1,1.0,14,1.66,0.64
Simulations/DHP - PLANO - 4000x4000/DHP - PLANO - 4000x4000/Case 014/Plot04/test45.png,test45.png,DHP - PLANO - 4000x4000,PLANO,Case 014,Plot04,2.82,2.1,1.0,14,1.66,0.64
Simulations/DHP - PLANO - 4000x4000/DHP - PLANO - 4000x4000/Case 014/Plot04/test46.png,test46.png,DHP - PLANO - 4000x4000,PLANO,Case 014,Plot04,2.82,2.1,1.0,14,1.66,0.64
Simulations/DHP - PLANO - 4000x4000/DHP - PLANO - 4000x4000/Case 014/Plot04/test47.png,test47.png,DHP - PLANO - 4000x4000,PLANO,Case 014,Plot04,2.82,2.1,1.0,14,1.66,0.64
Simulations/DHP - PLANO - 4000x4000/DHP - PLANO - 4000x4000/Case 014/Plot04/test48.png,test48.png,DHP - PLANO - 4000x4000,PLANO,Case 014,Plot04,2.82,2.1,1.0,14,1.66,0.64
Simulations/DHP - PLANO - 4000x4000/DHP - PLANO - 4000x4000/Case 014/Plot04/test49.png,test49.png,DHP - PLANO - 4000x4000,PLANO,Case 014,Plot04,2.82,2.1,1.0,14,1.66,0.64
Simulations/DHP - PLANO - 4000x4000/DHP - PLANO - 4000x4000/Case 013/Plot04/test40.png,test40.png,DHP - PLANO - 4000x4000,PLANO,Case 013,Plot04,4.24,4.0,0.96,13,2.89,0.861
Simulations/DHP - PLANO - 4000x4000/DHP - PLANO - 4000x4000/Case 013/Plot04/test41.png,test41.png,DHP - PLANO - 4000x4000,PLANO,Case 013,Plot04,4.24,4.0,0.96,13,2.89,0.861
Simulations/DHP - PLANO - 4000x4000/DHP - PLANO - 4000x4000/Case 013/Plot04/test42.png,test42.png,DHP - PLANO - 4000x4000,PLANO,Case 013,Plot04,4.24,4.0,0.96,13,2.89,0.861
Simulations/DHP - PLANO - 4000x4000/DHP - PLANO - 4000x4000/Case 013/Plot04/test43.png,test43.png,DHP - PLANO - 4000x4000,PLANO,Case 013,Plot04,4.24,4.0,0.96,13,2.89,0.861
Simulations/DHP - PLANO - 4000x4000/DHP - PLANO - 4000x4000/Case 013/Plot04/test44.png,test44.png,DHP - PLANO - 4000x4000,PLANO,Case 013,Plot04,4.24,4.0,0.96,13,2.89,0.861
Simulations/DHP - PLANO - 4000x4000/DHP - PLANO - 4000x4000/Case 013/Plot04/test45.png,test45.png,DHP - PLANO - 4000x4000,PLANO,Case 013,Plot04,4.24,4.0,0.96,13,2.89,0.861
Simulations/DHP - PLANO - 4000x4000/DHP - PLANO - 4000x4000/Case 013/Plot04/test46.png,test46.png,DHP - PLANO - 4000x4000,PLANO,Case 013,Plot04,4.24,4.0,0.96,13,2.89,0.861
Simulations/DHP - PLANO - 4000x4000/DHP - PLANO - 4000x4000/Case 013/Plot04/test47.png,test47.png,DHP - PLANO - 4000x4000,PLANO,Case 013,Plot04,4.24,4.0,0.96,13,2.89,0.861
Simulations/DHP - PLANO - 4000x4000/DHP - PLANO - 4000x4000/Case 013/Plot04/test48.png,test48.png,DHP - PLANO - 4000x4000,PLANO,Case 013,Plot04,4.24,4.0,0.96,13,2.89,0.861
Simulations/DHP - PLANO - 4000x4000/DHP - PLANO - 4000x4000/Case 013/Plot04/test49.png,test49.png,DHP - PLANO - 4000x4000,PLANO,Case 013,Plot04,4.24,4.0,0.96,13,2.89,0.861
Simulations/DHP - PLANO - 4000x4000/DHP - PLANO - 4000x4000/Case 012/Plot04/test40.png,test40.png,DHP - PLANO - 4000x4000,PLANO,Case 012,Plot04,3.205,2.5,0.86,12,1.64,0.73
Simulations/DHP - PLANO - 4000x4000/DHP - PLANO - 4000x4000/Case 012/Plot04/test41.png,test41.png,DHP - PLANO - 4000x4000,PLANO,Case 012,Plot04,3.205,2.5,0.86,12,1.64,0.73
Simulations/DHP - PLANO - 4000x4000/DHP - PLANO - 4000x4000/Case 012/Plot04/test42.png,test42.png,DHP - PLANO - 4000x4000,PLANO,Case 012,Plot04,3.205,2.5,0.86,12,1.64,0.73
Simulations/DHP - PLANO - 4000x4000/DHP - PLANO - 4000x4000/Case 012/Plot04/test43.png,test43.png,DHP - PLANO - 4000x4000,PLANO,Case 012,Plot04,3.205,2.5,0.86,12,1.64,0.73
Simulations/DHP - PLANO - 4000x4000/DHP - PLANO - 4000x4000/Case 012/Plot04/test44.png,test44.png,DHP - PLANO - 4000x4000,PLANO,Case 012,Plot04,3.205,2.5,0.86,12,1.64,0.73
Simulations/DHP - PLANO - 4000x4000/DHP - PLANO - 4000x4000/Case 012/Plot04/test45.png,test45.png,DHP - PLANO - 4000x4000,PLANO,Case 012,Plot04,3.205,2.5,0.86,12,1.64,0.73
Simulations/DHP - PLANO - 4000x4000/DHP - PLANO - 4000x4000/Case 012/Plot04/test46.png,test46.png,DHP - PLANO - 4000x4000,PLANO,Case 012,Plot04,3.205,2.5,0.86,12,1.64,0.73
Simulations/DHP - PLANO - 4000x4000/DHP - PLANO - 4000x4000/Case 012/Plot04/test47.png,test47.png,DHP - PLANO - 4000x4000,PLANO,Case 012,Plot04,3.205,2.5,0.86,12,1.64,0.73
Simulations/DHP - PLANO - 4000x4000/DHP - PLANO - 4000x4000/Case 012/Plot04/test48.png,test48.png,DHP - PLANO - 4000x4000,PLANO,Case 012,Plot04,3.205,2.5,0.86,12,1.64,0.73
Simulations/DHP - PLANO - 4000x4000/DHP - PLANO - 4000x4000/Case 012/Plot04/test49.png,test49.png,DHP - PLANO - 4000x4000,PLANO,Case 012,Plot04,3.205,2.5,0.86,12,1.64,0.73
Simulations/DHP - PLANO - 4000x4000/DHP - PLANO - 4000x4000/Case 011/Plot04/test40.png,test40.png,DHP - PLANO - 4000x4000,PLANO,Case 011,Plot04,3.0999999999999996,2.2,0.82,11,1.41,0.72
Simulations/DHP - PLANO - 4000x4000/DHP - PLANO - 4000x4000/Case 011/Plot04/test41.png,test41.png,DHP - PLANO - 4000x4000,PLANO,Case 011,Plot04,3.0999999999999996,2.2,0.82,11,1.41,0.72
Simulations/DHP - PLANO - 4000x4000/DHP - PLANO - 4000x4000/Case 011/Plot04/test42.png,test42.png,DHP - PLANO - 4000x4000,PLANO,Case 011,Plot04,3.0999999999999996,2.2,0.82,11,1.41,0.72
Simulations/DHP - PLANO - 4000x4000/DHP - PLANO - 4000x4000/Case 011/Plot04/test43.png,test43.png,DHP - PLANO - 4000x4000,PLANO,Case 011,Plot04,3.0999999999999996,2.2,0.82,11,1.41,0.72
Simulations/DHP - PLANO - 4000x4000/DHP - PLANO - 4000x4000/Case 011/Plot04/test44.png,test44.png,DHP - PLANO - 4000x4000,PLANO,Case 011,Plot04,3.0999999999999996,2.2,0.82,11,1.41,0.72
Simulations/DHP - PLANO - 4000x4000/DHP - PLANO - 4000x4000/Case 011/Plot04/test45.png,test45.png,DHP - PLANO - 4000x4000,PLANO,Case 011,Plot04,3.0999999999999996,2.2,0.82,11,1.41,0.72
Simulations/DHP - PLANO - 4000x4000/DHP - PLANO - 4000x4000/Case 011/Plot04/test46.png,test46.png,DHP - PLANO - 4000x4000,PLANO,Case 011,Plot04,3.0999999999999996,2.2,0.82,11,1.41,0.72
Simulations/DHP - PLANO - 4000x4000/DHP - PLANO - 4000x4000/Case 011/Plot04/test47.png,test47.png,DHP - PLANO - 4000x4000,PLANO,Case 011,Plot04,3.0999999999999996,2.2,0.82,11,1.41,0.72
Simulations/DHP - PLANO - 4000x4000/DHP - PLANO - 4000x4000/Case 011/Plot04/test48.png,test48.png,DHP - PLANO - 4000x4000,PLANO,Case 011,Plot04,3.0999999999999996,2.2,0.82,11,1.41,0.72
Simulations/DHP - PLANO - 4000x4000/DHP - PLANO - 4000x4000/Case 011/Plot04/test49.png,test49.png,DHP - PLANO - 4000x4000,PLANO,Case 011,Plot04,3.0999999999999996,2.2,0.82,11,1.41,0.72
Simulations/DHP - PLANO - 4000x4000/DHP - PLANO - 4000x4000/Case 010/Plot04/test40.png,test40.png,DHP - PLANO - 4000x4000,PLANO,Case 010,Plot04,4.289999999999999,3.6,0.9,10,1.78,0.61
Simulations/DHP - PLANO - 4000x4000/DHP - PLANO - 4000x4000/Case 010/Plot04/test41.png,test41.png,DHP - PLANO - 4000x4000,PLANO,Case 010,Plot04,4.289999999999999,3.6,0.9,10,1.78,0.61
Simulations/DHP - PLANO - 4000x4000/DHP - PLANO - 4000x4000/Case 010/Plot04/test42.png,test42.png,DHP - PLANO - 4000x4000,PLANO,Case 010,Plot04,4.289999999999999,3.6,0.9,10,1.78,0.61
Simulations/DHP - PLANO - 4000x4000/DHP - PLANO - 4000x4000/Case 010/Plot04/test43.png,test43.png,DHP - PLANO - 4000x4000,PLANO,Case 010,Plot04,4.289999999999999,3.6,0.9,10,1.78,0.61
Simulations/DHP - PLANO - 4000x4000/DHP - PLANO - 4000x4000/Case 010/Plot04/test44.png,test44.png,DHP - PLANO - 4000x4000,PLANO,Case 010,Plot04,4.289999999999999,3.6,0.9,10,1.78,0.61
Simulations/DHP - PLANO - 4000x4000/DHP - PLANO - 4000x4000/Case 010/Plot04/test45.png,test45.png,DHP - PLANO - 4000x4000,PLANO,Case 010,Plot04,4.289999999999999,3.6,0.9,10,1.78,0.61
Simulations/DHP - PLANO - 4000x4000/DHP - PLANO - 4000x4000/Case 010/Plot04/test46.png,test46.png,DHP - PLANO - 4000x4000,PLANO,Case 010,Plot04,4.289999999999999,3.6,0.9,10,1.78,0.61
Simulations/DHP - PLANO - 4000x4000/DHP - PLANO - 4000x4000/Case 010/Plot04/test47.png,test47.png,DHP - PLANO - 4000x4000,PLANO,Case 010,Plot04,4.289999999999999,3.6,0.9,10,1.78,0.61
Simulations/DHP - PLANO - 4000x4000/DHP - PLANO - 4000x4000/Case 010/Plot04/test48.png,test48.png,DHP - PLANO - 4000x4000,PLANO,Case 010,Plot04,4.289999999999999,3.6,0.9,10,1.78,0.61
Simulations/DHP - PLANO - 4000x4000/DHP - PLANO - 4000x4000/Case 010/Plot04/test49.png,test49.png,DHP - PLANO - 4000x4000,PLANO,Case 010,Plot04,4.289999999999999,3.6,0.9,10,1.78,0.61
Simulations/DHP - PLANO - 4000x4000/DHP - PLANO - 4000x4000/Case 009/Plot04/test40.png,test40.png,DHP - PLANO - 4000x4000,PLANO,Case 009,Plot04,2.635,2.5,0.97,9,1.13,0.55
Simulations/DHP - PLANO - 4000x4000/DHP - PLANO - 4000x4000/Case 009/Plot04/test41.png,test41.png,DHP - PLANO - 4000x4000,PLANO,Case 009,Plot04,2.635,2.5,0.97,9,1.13,0.55
Simulations/DHP - PLANO - 4000x4000/DHP - PLANO - 4000x4000/Case 009/Plot04/test42.png,test42.png,DHP - PLANO - 4000x4000,PLANO,Case 009,Plot04,2.635,2.5,0.97,9,1.13,0.55
Simulations/DHP - PLANO - 4000x4000/DHP - PLANO - 4000x4000/Case 009/Plot04/test43.png,test43.png,DHP - PLANO - 4000x4000,PLANO,Case 009,Plot04,2.635,2.5,0.97,9,1.13,0.55
Simulations/DHP - PLANO - 4000x4000/DHP - PLANO - 4000x4000/Case 009/Plot04/test44.png,test44.png,DHP - PLANO - 4000x4000,PLANO,Case 009,Plot04,2.635,2.5,0.97,9,1.13,0.55
Simulations/DHP - PLANO - 4000x4000/DHP - PLANO - 4000x4000/Case 009/Plot04/test45.png,test45.png,DHP - PLANO - 4000x4000,PLANO,Case 009,Plot04,2.635,2.5,0.97,9,1.13,0.55
Simulations/DHP - PLANO - 4000x4000/DHP - PLANO - 4000x4000/Case 009/Plot04/test46.png,test46.png,DHP - PLANO - 4000x4000,PLANO,Case 009,Plot04,2.635,2.5,0.97,9,1.13,0.55
Simulations/DHP - PLANO - 4000x4000/DHP - PLANO - 4000x4000/Case 009/Plot04/test47.png,test47.png,DHP - PLANO - 4000x4000,PLANO,Case 009,Plot04,2.635,2.5,0.97,9,1.13,0.55
Simulations/DHP - PLANO - 4000x4000/DHP - PLANO - 4000x4000/Case 009/Plot04/test48.png,test48.png,DHP - PLANO - 4000x4000,PLANO,Case 009,Plot04,2.635,2.5,0.97,9,1.13,0.55
Simulations/DHP - PLANO - 4000x4000/DHP - PLANO - 4000x4000/Case 009/Plot04/test49.png,test49.png,DHP - PLANO - 4000x4000,PLANO,Case 009,Plot04,2.635,2.5,0.97,9,1.13,0.55
Simulations/DHP - PLANO - 4000x4000/DHP - PLANO - 4000x4000/Case 008/Plot04/test40.png,test40.png,DHP - PLANO - 4000x4000,PLANO,Case 008,Plot04,0.56,0.5,0.93,8,0.416,0.94
Simulations/DHP - PLANO - 4000x4000/DHP - PLANO - 4000x4000/Case 008/Plot04/test41.png,test41.png,DHP - PLANO - 4000x4000,PLANO,Case 008,Plot04,0.56,0.5,0.93,8,0.416,0.94
Simulations/DHP - PLANO - 4000x4000/DHP - PLANO - 4000x4000/Case 008/Plot04/test42.png,test42.png,DHP - PLANO - 4000x4000,PLANO,Case 008,Plot04,0.56,0.5,0.93,8,0.416,0.94
Simulations/DHP - PLANO - 4000x4000/DHP - PLANO - 4000x4000/Case 008/Plot04/test43.png,test43.png,DHP - PLANO - 4000x4000,PLANO,Case 008,Plot04,0.56,0.5,0.93,8,0.416,0.94
Simulations/DHP - PLANO - 4000x4000/DHP - PLANO - 4000x4000/Case 008/Plot04/test44.png,test44.png,DHP - PLANO - 4000x4000,PLANO,Case 008,Plot04,0.56,0.5,0.93,8,0.416,0.94
Simulations/DHP - PLANO - 4000x4000/DHP - PLANO - 4000x4000/Case 008/Plot04/test45.png,test45.png,DHP - PLANO - 4000x4000,PLANO,Case 008,Plot04,0.56,0.5,0.93,8,0.416,0.94
Simulations/DHP - PLANO - 4000x4000/DHP - PLANO - 4000x4000/Case 008/Plot04/test46.png,test46.png,DHP - PLANO - 4000x4000,PLANO,Case 008,Plot04,0.56,0.5,0.93,8,0.416,0.94
Simulations/DHP - PLANO - 4000x4000/DHP - PLANO - 4000x4000/Case 008/Plot04/test47.png,test47.png,DHP - PLANO - 4000x4000,PLANO,Case 008,Plot04,0.56,0.5,0.93,8,0.416,0.94
Simulations/DHP - PLANO - 4000x4000/DHP - PLANO - 4000x4000/Case 008/Plot04/test48.png,test48.png,DHP - PLANO - 4000x4000,PLANO,Case 008,Plot04,0.56,0.5,0.93,8,0.416,0.94
Simulations/DHP - PLANO - 4000x4000/DHP - PLANO - 4000x4000/Case 008/Plot04/test49.png,test49.png,DHP - PLANO - 4000x4000,PLANO,Case 008,Plot04,0.56,0.5,0.93,8,0.416,0.94
Simulations/DHP - PLANO - 4000x4000/DHP - PLANO - 4000x4000/Case 007/Plot04/test40.png,test40.png,DHP - PLANO - 4000x4000,PLANO,Case 007,Plot04,2.06,2.0,0.98,7,0.97,0.58
Simulations/DHP - PLANO - 4000x4000/DHP - PLANO - 4000x4000/Case 007/Plot04/test41.png,test41.png,DHP - PLANO - 4000x4000,PLANO,Case 007,Plot04,2.06,2.0,0.98,7,0.97,0.58
Simulations/DHP - PLANO - 4000x4000/DHP - PLANO - 4000x4000/Case 007/Plot04/test42.png,test42.png,DHP - PLANO - 4000x4000,PLANO,Case 007,Plot04,2.06,2.0,0.98,7,0.97,0.58
Simulations/DHP - PLANO - 4000x4000/DHP - PLANO - 4000x4000/Case 007/Plot04/test43.png,test43.png,DHP - PLANO - 4000x4000,PLANO,Case 007,Plot04,2.06,2.0,0.98,7,0.97,0.58
Simulations/DHP - PLANO - 4000x4000/DHP - PLANO - 4000x4000/Case 007/Plot04/test44.png,test44.png,DHP - PLANO - 4000x4000,PLANO,Case 007,Plot04,2.06,2.0,0.98,7,0.97,0.58
Simulations/DHP - PLANO - 4000x4000/DHP - PLANO - 4000x4000/Case 007/Plot04/test45.png,test45.png,DHP - PLANO - 4000x4000,PLANO,Case 007,Plot04,2.06,2.0,0.98,7,0.97,0.58
Simulations/DHP - PLANO - 4000x4000/DHP - PLANO - 4000x4000/Case 007/Plot04/test46.png,test46.png,DHP - PLANO - 4000x4000,PLANO,Case 007,Plot04,2.06,2.0,0.98,7,0.97,0.58
Simulations/DHP - PLANO - 4000x4000/DHP - PLANO - 4000x4000/Case 007/Plot04/test47.png,test47.png,DHP - PLANO - 4000x4000,PLANO,Case 007,Plot04,2.06,2.0,0.98,7,0.97,0.58
Simulations/DHP - PLANO - 4000x4000/DHP - PLANO - 4000x4000/Case 007/Plot04/test48.png,test48.png,DHP - PLANO - 4000x4000,PLANO,Case 007,Plot04,2.06,2.0,0.98,7,0.97,0.58
Simulations/DHP - PLANO - 4000x4000/DHP - PLANO - 4000x4000/Case 007/Plot04/test49.png,test49.png,DHP - PLANO - 4000x4000,PLANO,Case 007,Plot04,2.06,2.0,0.98,7,0.97,0.58
Simulations/DHP - PLANO - 4000x4000/DHP - PLANO - 4000x4000/Case 006/Plot04/test40.png,test40.png,DHP - PLANO - 4000x4000,PLANO,Case 006,Plot04,2.135,2.0,0.96,6,1.08,0.75
Simulations/DHP - PLANO - 4000x4000/DHP - PLANO - 4000x4000/Case 006/Plot04/test41.png,test41.png,DHP - PLANO - 4000x4000,PLANO,Case 006,Plot04,2.135,2.0,0.96,6,1.08,0.75
Simulations/DHP - PLANO - 4000x4000/DHP - PLANO - 4000x4000/Case 006/Plot04/test42.png,test42.png,DHP - PLANO - 4000x4000,PLANO,Case 006,Plot04,2.135,2.0,0.96,6,1.08,0.75
Simulations/DHP - PLANO - 4000x4000/DHP - PLANO - 4000x4000/Case 006/Plot04/test43.png,test43.png,DHP - PLANO - 4000x4000,PLANO,Case 006,Plot04,2.135,2.0,0.96,6,1.08,0.75
Simulations/DHP - PLANO - 4000x4000/DHP - PLANO - 4000x4000/Case 006/Plot04/test44.png,test44.png,DHP - PLANO - 4000x4000,PLANO,Case 006,Plot04,2.135,2.0,0.96,6,1.08,0.75
Simulations/DHP - PLANO - 4000x4000/DHP - PLANO - 4000x4000/Case 006/Plot04/test45.png,test45.png,DHP - PLANO - 4000x4000,PLANO,Case 006,Plot04,2.135,2.0,0.96,6,1.08,0.75
Simulations/DHP - PLANO - 4000x4000/DHP - PLANO - 4000x4000/Case 006/Plot04/test46.png,test46.png,DHP - PLANO - 4000x4000,PLANO,Case 006,Plot04,2.135,2.0,0.96,6,1.08,0.75
Simulations/DHP - PLANO - 4000x4000/DHP - PLANO - 4000x4000/Case 006/Plot04/test47.png,test47.png,DHP - PLANO - 4000x4000,PLANO,Case 006,Plot04,2.135,2.0,0.96,6,1.08,0.75
Simulations/DHP - PLANO - 4000x4000/DHP - PLANO - 4000x4000/Case 006/Plot04/test48.png,test48.png,DHP - PLANO - 4000x4000,PLANO,Case 006,Plot04,2.135,2.0,0.96,6,1.08,0.75
Simulations/DHP - PLANO - 4000x4000/DHP - PLANO - 4000x4000/Case 006/Plot04/test49.png,test49.png,DHP - PLANO - 4000x4000,PLANO,Case 006,Plot04,2.135,2.0,0.96,6,1.08,0.75
Simulations/DHP - PLANO - 4000x4000/DHP - PLANO - 4000x4000/Case 005/Plot04/test40.png,test40.png,DHP - PLANO - 4000x4000,PLANO,Case 005,Plot04,2.135,2.0,0.96,5,1.28,0.82
Simulations/DHP - PLANO - 4000x4000/DHP - PLANO - 4000x4000/Case 005/Plot04/test41.png,test41.png,DHP - PLANO - 4000x4000,PLANO,Case 005,Plot04,2.135,2.0,0.96,5,1.28,0.82
Simulations/DHP - PLANO - 4000x4000/DHP - PLANO - 4000x4000/Case 005/Plot04/test42.png,test42.png,DHP - PLANO - 4000x4000,PLANO,Case 005,Plot04,2.135,2.0,0.96,5,1.28,0.82
Simulations/DHP - PLANO - 4000x4000/DHP - PLANO - 4000x4000/Case 005/Plot04/test43.png,test43.png,DHP - PLANO - 4000x4000,PLANO,Case 005,Plot04,2.135,2.0,0.96,5,1.28,0.82
Simulations/DHP - PLANO - 4000x4000/DHP - PLANO - 4000x4000/Case 005/Plot04/test44.png,test44.png,DHP - PLANO - 4000x4000,PLANO,Case 005,Plot04,2.135,2.0,0.96,5,1.28,0.82
Simulations/DHP - PLANO - 4000x4000/DHP - PLANO - 4000x4000/Case 005/Plot04/test45.png,test45.png,DHP - PLANO - 4000x4000,PLANO,Case 005,Plot04,2.135,2.0,0.96,5,1.28,0.82
Simulations/DHP - PLANO - 4000x4000/DHP - PLANO - 4000x4000/Case 005/Plot04/test46.png,test46.png,DHP - PLANO - 4000x4000,PLANO,Case 005,Plot04,2.135,2.0,0.96,5,1.28,0.82
Simulations/DHP - PLANO - 4000x4000/DHP - PLANO - 4000x4000/Case 005/Plot04/test47.png,test47.png,DHP - PLANO - 4000x4000,PLANO,Case 005,Plot04,2.135,2.0,0.96,5,1.28,0.82
Simulations/DHP - PLANO - 4000x4000/DHP - PLANO - 4000x4000/Case 005/Plot04/test48.png,test48.png,DHP - PLANO - 4000x4000,PLANO,Case 005,Plot04,2.135,2.0,0.96,5,1.28,0.82
Simulations/DHP - PLANO - 4000x4000/DHP - PLANO - 4000x4000/Case 005/Plot04/test49.png,test49.png,DHP - PLANO - 4000x4000,PLANO,Case 005,Plot04,2.135,2.0,0.96,5,1.28,0.82
Simulations/DHP - PLANO - 4000x4000/DHP - PLANO - 4000x4000/Case 004/Plot04/test40.png,test40.png,DHP - PLANO - 4000x4000,PLANO,Case 004,Plot04,2.135,2.0,0.96,4,1.5,0.924
Simulations/DHP - PLANO - 4000x4000/DHP - PLANO - 4000x4000/Case 004/Plot04/test41.png,test41.png,DHP - PLANO - 4000x4000,PLANO,Case 004,Plot04,2.135,2.0,0.96,4,1.5,0.924
Simulations/DHP - PLANO - 4000x4000/DHP - PLANO - 4000x4000/Case 004/Plot04/test42.png,test42.png,DHP - PLANO - 4000x4000,PLANO,Case 004,Plot04,2.135,2.0,0.96,4,1.5,0.924
Simulations/DHP - PLANO - 4000x4000/DHP - PLANO - 4000x4000/Case 004/Plot04/test43.png,test43.png,DHP - PLANO - 4000x4000,PLANO,Case 004,Plot04,2.135,2.0,0.96,4,1.5,0.924
Simulations/DHP - PLANO - 4000x4000/DHP - PLANO - 4000x4000/Case 004/Plot04/test44.png,test44.png,DHP - PLANO - 4000x4000,PLANO,Case 004,Plot04,2.135,2.0,0.96,4,1.5,0.924
Simulations/DHP - PLANO - 4000x4000/DHP - PLANO - 4000x4000/Case 004/Plot04/test45.png,test45.png,DHP - PLANO - 4000x4000,PLANO,Case 004,Plot04,2.135,2.0,0.96,4,1.5,0.924
Simulations/DHP - PLANO - 4000x4000/DHP - PLANO - 4000x4000/Case 004/Plot04/test46.png,test46.png,DHP - PLANO - 4000x4000,PLANO,Case 004,Plot04,2.135,2.0,0.96,4,1.5,0.924
Simulations/DHP - PLANO - 4000x4000/DHP - PLANO - 4000x4000/Case 004/Plot04/test47.png,test47.png,DHP - PLANO - 4000x4000,PLANO,Case 004,Plot04,2.135,2.0,0.96,4,1.5,0.924
Simulations/DHP - PLANO - 4000x4000/DHP - PLANO - 4000x4000/Case 004/Plot04/test48.png,test48.png,DHP - PLANO - 4000x4000,PLANO,Case 004,Plot04,2.135,2.0,0.96,4,1.5,0.924
Simulations/DHP - PLANO - 4000x4000/DHP - PLANO - 4000x4000/Case 004/Plot04/test49.png,test49.png,DHP - PLANO - 4000x4000,PLANO,Case 004,Plot04,2.135,2.0,0.96,4,1.5,0.924
Simulations/DHP - PLANO - 4000x4000/DHP - PLANO - 4000x4000/Case 003/Plot04/test40.png,test40.png,DHP - PLANO - 4000x4000,PLANO,Case 003,Plot04,1.135,1.0,0.92,3,0.809,0.91
Simulations/DHP - PLANO - 4000x4000/DHP - PLANO - 4000x4000/Case 003/Plot04/test41.png,test41.png,DHP - PLANO - 4000x4000,PLANO,Case 003,Plot04,1.135,1.0,0.92,3,0.809,0.91
Simulations/DHP - PLANO - 4000x4000/DHP - PLANO - 4000x4000/Case 003/Plot04/test42.png,test42.png,DHP - PLANO - 4000x4000,PLANO,Case 003,Plot04,1.135,1.0,0.92,3,0.809,0.91
Simulations/DHP - PLANO - 4000x4000/DHP - PLANO - 4000x4000/Case 003/Plot04/test43.png,test43.png,DHP - PLANO - 4000x4000,PLANO,Case 003,Plot04,1.135,1.0,0.92,3,0.809,0.91
Simulations/DHP - PLANO - 4000x4000/DHP - PLANO - 4000x4000/Case 003/Plot04/test44.png,test44.png,DHP - PLANO - 4000x4000,PLANO,Case 003,Plot04,1.135,1.0,0.92,3,0.809,0.91
Simulations/DHP - PLANO - 4000x4000/DHP - PLANO - 4000x4000/Case 003/Plot04/test45.png,test45.png,DHP - PLANO - 4000x4000,PLANO,Case 003,Plot04,1.135,1.0,0.92,3,0.809,0.91
Simulations/DHP - PLANO - 4000x4000/DHP - PLANO - 4000x4000/Case 003/Plot04/test46.png,test46.png,DHP - PLANO - 4000x4000,PLANO,Case 003,Plot04,1.135,1.0,0.92,3,0.809,0.91
Simulations/DHP - PLANO - 4000x4000/DHP - PLANO - 4000x4000/Case 003/Plot04/test47.png,test47.png,DHP - PLANO - 4000x4000,PLANO,Case 003,Plot04,1.135,1.0,0.92,3,0.809,0.91
Simulations/DHP - PLANO - 4000x4000/DHP - PLANO - 4000x4000/Case 003/Plot04/test48.png,test48.png,DHP - PLANO - 4000x4000,PLANO,Case 003,Plot04,1.135,1.0,0.92,3,0.809,0.91
Simulations/DHP - PLANO - 4000x4000/DHP - PLANO - 4000x4000/Case 003/Plot04/test49.png,test49.png,DHP - PLANO - 4000x4000,PLANO,Case 003,Plot04,1.135,1.0,0.92,3,0.809,0.91
Simulations/DHP - PLANO - 4000x4000/DHP - PLANO - 4000x4000/Case 002/Plot04/test40.png,test40.png,DHP - PLANO - 4000x4000,PLANO,Case 002,Plot04,2.135,2.0,0.96,2,1.4,0.86
Simulations/DHP - PLANO - 4000x4000/DHP - PLANO - 4000x4000/Case 002/Plot04/test41.png,test41.png,DHP - PLANO - 4000x4000,PLANO,Case 002,Plot04,2.135,2.0,0.96,2,1.4,0.86
Simulations/DHP - PLANO - 4000x4000/DHP - PLANO - 4000x4000/Case 002/Plot04/test42.png,test42.png,DHP - PLANO - 4000x4000,PLANO,Case 002,Plot04,2.135,2.0,0.96,2,1.4,0.86
Simulations/DHP - PLANO - 4000x4000/DHP - PLANO - 4000x4000/Case 002/Plot04/test43.png,test43.png,DHP - PLANO - 4000x4000,PLANO,Case 002,Plot04,2.135,2.0,0.96,2,1.4,0.86
Simulations/DHP - PLANO - 4000x4000/DHP - PLANO - 4000x4000/Case 002/Plot04/test44.png,test44.png,DHP - PLANO - 4000x4000,PLANO,Case 002,Plot04,2.135,2.0,0.96,2,1.4,0.86
Simulations/DHP - PLANO - 4000x4000/DHP - PLANO - 4000x4000/Case 002/Plot04/test45.png,test45.png,DHP - PLANO - 4000x4000,PLANO,Case 002,Plot04,2.135,2.0,0.96,2,1.4,0.86
Simulations/DHP - PLANO - 4000x4000/DHP - PLANO - 4000x4000/Case 002/Plot04/test46.png,test46.png,DHP - PLANO - 4000x4000,PLANO,Case 002,Plot04,2.135,2.0,0.96,2,1.4,0.86
Simulations/DHP - PLANO - 4000x4000/DHP - PLANO - 4000x4000/Case 002/Plot04/test47.png,test47.png,DHP - PLANO - 4000x4000,PLANO,Case 002,Plot04,2.135,2.0,0.96,2,1.4,0.86
Simulations/DHP - PLANO - 4000x4000/DHP - PLANO - 4000x4000/Case 002/Plot04/test48.png,test48.png,DHP - PLANO - 4000x4000,PLANO,Case 002,Plot04,2.135,2.0,0.96,2,1.4,0.86
Simulations/DHP - PLANO - 4000x4000/DHP - PLANO - 4000x4000/Case 002/Plot04/test49.png,test49.png,DHP - PLANO - 4000x4000,PLANO,Case 002,Plot04,2.135,2.0,0.96,2,1.4,0.86
Simulations/DHP - PLANO - 4000x4000/DHP - PLANO - 4000x4000/Case 001/Plot04/test40.png,test40.png,DHP - PLANO - 4000x4000,PLANO,Case 001,Plot04,3.135,3.0,0.97,1,1.87,0.8
Simulations/DHP - PLANO - 4000x4000/DHP - PLANO - 4000x4000/Case 001/Plot04/test41.png,test41.png,DHP - PLANO - 4000x4000,PLANO,Case 001,Plot04,3.135,3.0,0.97,1,1.87,0.8
Simulations/DHP - PLANO - 4000x4000/DHP - PLANO - 4000x4000/Case 001/Plot04/test42.png,test42.png,DHP - PLANO - 4000x4000,PLANO,Case 001,Plot04,3.135,3.0,0.97,1,1.87,0.8
Simulations/DHP - PLANO - 4000x4000/DHP - PLANO - 4000x4000/Case 001/Plot04/test43.png,test43.png,DHP - PLANO - 4000x4000,PLANO,Case 001,Plot04,3.135,3.0,0.97,1,1.87,0.8
Simulations/DHP - PLANO - 4000x4000/DHP - PLANO - 4000x4000/Case 001/Plot04/test44.png,test44.png,DHP - PLANO - 4000x4000,PLANO,Case 001,Plot04,3.135,3.0,0.97,1,1.87,0.8
Simulations/DHP - PLANO - 4000x4000/DHP - PLANO - 4000x4000/Case 001/Plot04/test45.png,test45.png,DHP - PLANO - 4000x4000,PLANO,Case 001,Plot04,3.135,3.0,0.97,1,1.87,0.8
Simulations/DHP - PLANO - 4000x4000/DHP - PLANO - 4000x4000/Case 001/Plot04/test46.png,test46.png,DHP - PLANO - 4000x4000,PLANO,Case 001,Plot04,3.135,3.0,0.97,1,1.87,0.8
Simulations/DHP - PLANO - 4000x4000/DHP - PLANO - 4000x4000/Case 001/Plot04/test47.png,test47.png,DHP - PLANO - 4000x4000,PLANO,Case 001,Plot04,3.135,3.0,0.97,1,1.87,0.8
Simulations/DHP - PLANO - 4000x4000/DHP - PLANO - 4000x4000/Case 001/Plot04/test48.png,test48.png,DHP - PLANO - 4000x4000,PLANO,Case 001,Plot04,3.135,3.0,0.97,1,1.87,0.8
Simulations/DHP - PLANO - 4000x4000/DHP - PLANO - 4000x4000/Case 001/Plot04/test49.png,test49.png,DHP - PLANO - 4000x4000,PLANO,Case 001,Plot04,3.135,3.0,0.97,1,1.87,0.8
Simulations/DHP - ERECT - 4000x4000/DHP - ERECT - 4000x4000/Case 075/Plot04/test40.png,test40.png,DHP - ERECT - 4000x4000,ERECT,Case 075,Plot04,2.6,2.6,1.0,75,1.456,0.933
Simulations/DHP - ERECT - 4000x4000/DHP - ERECT - 4000x4000/Case 075/Plot04/test41.png,test41.png,DHP - ERECT - 4000x4000,ERECT,Case 075,Plot04,2.6,2.6,1.0,75,1.456,0.933
Simulations/DHP - ERECT - 4000x4000/DHP - ERECT - 4000x4000/Case 075/Plot04/test42.png,test42.png,DHP - ERECT - 4000x4000,ERECT,Case 075,Plot04,2.6,2.6,1.0,75,1.456,0.933
Simulations/DHP - ERECT - 4000x4000/DHP - ERECT - 4000x4000/Case 075/Plot04/test43.png,test43.png,DHP - ERECT - 4000x4000,ERECT,Case 075,Plot04,2.6,2.6,1.0,75,1.456,0.933
Simulations/DHP - ERECT - 4000x4000/DHP - ERECT - 4000x4000/Case 075/Plot04/test44.png,test44.png,DHP - ERECT - 4000x4000,ERECT,Case 075,Plot04,2.6,2.6,1.0,75,1.456,0.933
Simulations/DHP - ERECT - 4000x4000/DHP - ERECT - 4000x4000/Case 075/Plot04/test45.png,test45.png,DHP - ERECT - 4000x4000,ERECT,Case 075,Plot04,2.6,2.6,1.0,75,1.456,0.933
Simulations/DHP - ERECT - 4000x4000/DHP - ERECT - 4000x4000/Case 075/Plot04/test46.png,test46.png,DHP - ERECT - 4000x4000,ERECT,Case 075,Plot04,2.6,2.6,1.0,75,1.456,0.933
Simulations/DHP - ERECT - 4000x4000/DHP - ERECT - 4000x4000/Case 075/Plot04/test47.png,test47.png,DHP - ERECT - 4000x4000,ERECT,Case 075,Plot04,2.6,2.6,1.0,75,1.456,0.933
Simulations/DHP - ERECT - 4000x4000/DHP - ERECT - 4000x4000/Case 075/Plot04/test48.png,test48.png,DHP - ERECT - 4000x4000,ERECT,Case 075,Plot04,2.6,2.6,1.0,75,1.456,0.933
Simulations/DHP - ERECT - 4000x4000/DHP - ERECT - 4000x4000/Case 075/Plot04/test49.png,test49.png,DHP - ERECT - 4000x4000,ERECT,Case 075,Plot04,2.6,2.6,1.0,75,1.456,0.933
Simulations/DHP - ERECT - 4000x4000/DHP - ERECT - 4000x4000/Case 074/Plot04/test40.png,test40.png,DHP - ERECT - 4000x4000,ERECT,Case 074,Plot04,4.03,4.0,1.0,74,2.23,0.79
Simulations/DHP - ERECT - 4000x4000/DHP - ERECT - 4000x4000/Case 074/Plot04/test41.png,test41.png,DHP - ERECT - 4000x4000,ERECT,Case 074,Plot04,4.03,4.0,1.0,74,2.23,0.79
Simulations/DHP - ERECT - 4000x4000/DHP - ERECT - 4000x4000/Case 074/Plot04/test42.png,test42.png,DHP - ERECT - 4000x4000,ERECT,Case 074,Plot04,4.03,4.0,1.0,74,2.23,0.79
Simulations/DHP - ERECT - 4000x4000/DHP - ERECT - 4000x4000/Case 074/Plot04/test43.png,test43.png,DHP - ERECT - 4000x4000,ERECT,Case 074,Plot04,4.03,4.0,1.0,74,2.23,0.79
Simulations/DHP - ERECT - 4000x4000/DHP - ERECT - 4000x4000/Case 074/Plot04/test44.png,test44.png,DHP - ERECT - 4000x4000,ERECT,Case 074,Plot04,4.03,4.0,1.0,74,2.23,0.79
Simulations/DHP - ERECT - 4000x4000/DHP - ERECT - 4000x4000/Case 074/Plot04/test45.png,test45.png,DHP - ERECT - 4000x4000,ERECT,Case 074,Plot04,4.03,4.0,1.0,74,2.23,0.79
Simulations/DHP - ERECT - 4000x4000/DHP - ERECT - 4000x4000/Case 074/Plot04/test46.png,test46.png,DHP - ERECT - 4000x4000,ERECT,Case 074,Plot04,4.03,4.0,1.0,74,2.23,0.79
Simulations/DHP - ERECT - 4000x4000/DHP - ERECT - 4000x4000/Case 074/Plot04/test47.png,test47.png,DHP - ERECT - 4000x4000,ERECT,Case 074,Plot04,4.03,4.0,1.0,74,2.23,0.79
Simulations/DHP - ERECT - 4000x4000/DHP - ERECT - 4000x4000/Case 074/Plot04/test48.png,test48.png,DHP - ERECT - 4000x4000,ERECT,Case 074,Plot04,4.03,4.0,1.0,74,2.23,0.79
Simulations/DHP - ERECT - 4000x4000/DHP - ERECT - 4000x4000/Case 074/Plot04/test49.png,test49.png,DHP - ERECT - 4000x4000,ERECT,Case 074,Plot04,4.03,4.0,1.0,74,2.23,0.79
Simulations/DHP - ERECT - 4000x4000/DHP - ERECT - 4000x4000/Case 073/Plot04/test40.png,test40.png,DHP - ERECT - 4000x4000,ERECT,Case 073,Plot04,1.3,1.25,1.0,73,0.68,0.72
Simulations/DHP - ERECT - 4000x4000/DHP - ERECT - 4000x4000/Case 073/Plot04/test41.png,test41.png,DHP - ERECT - 4000x4000,ERECT,Case 073,Plot04,1.3,1.25,1.0,73,0.68,0.72
Simulations/DHP - ERECT - 4000x4000/DHP - ERECT - 4000x4000/Case 073/Plot04/test42.png,test42.png,DHP - ERECT - 4000x4000,ERECT,Case 073,Plot04,1.3,1.25,1.0,73,0.68,0.72
Simulations/DHP - ERECT - 4000x4000/DHP - ERECT - 4000x4000/Case 073/Plot04/test43.png,test43.png,DHP - ERECT - 4000x4000,ERECT,Case 073,Plot04,1.3,1.25,1.0,73,0.68,0.72
Simulations/DHP - ERECT - 4000x4000/DHP - ERECT - 4000x4000/Case 073/Plot04/test44.png,test44.png,DHP - ERECT - 4000x4000,ERECT,Case 073,Plot04,1.3,1.25,1.0,73,0.68,0.72
Simulations/DHP - ERECT - 4000x4000/DHP - ERECT - 4000x4000/Case 073/Plot04/test45.png,test45.png,DHP - ERECT - 4000x4000,ERECT,Case 073,Plot04,1.3,1.25,1.0,73,0.68,0.72
Simulations/DHP - ERECT - 4000x4000/DHP - ERECT - 4000x4000/Case 073/Plot04/test46.png,test46.png,DHP - ERECT - 4000x4000,ERECT,Case 073,Plot04,1.3,1.25,1.0,73,0.68,0.72
Simulations/DHP - ERECT - 4000x4000/DHP - ERECT - 4000x4000/Case 073/Plot04/test47.png,test47.png,DHP - ERECT - 4000x4000,ERECT,Case 073,Plot04,1.3,1.25,1.0,73,0.68,0.72
Simulations/DHP - ERECT - 4000x4000/DHP - ERECT - 4000x4000/Case 073/Plot04/test48.png,test48.png,DHP - ERECT - 4000x4000,ERECT,Case 073,Plot04,1.3,1.25,1.0,73,0.68,0.72
Simulations/DHP - ERECT - 4000x4000/DHP - ERECT - 4000x4000/Case 073/Plot04/test49.png,test49.png,DHP - ERECT - 4000x4000,ERECT,Case 073,Plot04,1.3,1.25,1.0,73,0.68,0.72
Simulations/DHP - ERECT - 4000x4000/DHP - ERECT - 4000x4000/Case 072/Plot04/test40.png,test40.png,DHP - ERECT - 4000x4000,ERECT,Case 072,Plot04,2.03,2.0,1.0,72,0.96,0.77
Simulations/DHP - ERECT - 4000x4000/DHP - ERECT - 4000x4000/Case 072/Plot04/test41.png,test41.png,DHP - ERECT - 4000x4000,ERECT,Case 072,Plot04,2.03,2.0,1.0,72,0.96,0.77
Simulations/DHP - ERECT - 4000x4000/DHP - ERECT - 4000x4000/Case 072/Plot04/test42.png,test42.png,DHP - ERECT - 4000x4000,ERECT,Case 072,Plot04,2.03,2.0,1.0,72,0.96,0.77
Simulations/DHP - ERECT - 4000x4000/DHP - ERECT - 4000x4000/Case 072/Plot04/test43.png,test43.png,DHP - ERECT - 4000x4000,ERECT,Case 072,Plot04,2.03,2.0,1.0,72,0.96,0.77
Simulations/DHP - ERECT - 4000x4000/DHP - ERECT - 4000x4000/Case 072/Plot04/test44.png,test44.png,DHP - ERECT - 4000x4000,ERECT,Case 072,Plot04,2.03,2.0,1.0,72,0.96,0.77
Simulations/DHP - ERECT - 4000x4000/DHP - ERECT - 4000x4000/Case 072/Plot04/test45.png,test45.png,DHP - ERECT - 4000x4000,ERECT,Case 072,Plot04,2.03,2.0,1.0,72,0.96,0.77
Simulations/DHP - ERECT - 4000x4000/DHP - ERECT - 4000x4000/Case 072/Plot04/test46.png,test46.png,DHP - ERECT - 4000x4000,ERECT,Case 072,Plot04,2.03,2.0,1.0,72,0.96,0.77
Simulations/DHP - ERECT - 4000x4000/DHP - ERECT - 4000x4000/Case 072/Plot04/test47.png,test47.png,DHP - ERECT - 4000x4000,ERECT,Case 072,Plot04,2.03,2.0,1.0,72,0.96,0.77
Simulations/DHP - ERECT - 4000x4000/DHP - ERECT - 4000x4000/Case 072/Plot04/test48.png,test48.png,DHP - ERECT - 4000x4000,ERECT,Case 072,Plot04,2.03,2.0,1.0,72,0.96,0.77
Simulations/DHP - ERECT - 4000x4000/DHP - ERECT - 4000x4000/Case 072/Plot04/test49.png,test49.png,DHP - ERECT - 4000x4000,ERECT,Case 072,Plot04,2.03,2.0,1.0,72,0.96,0.77
Simulations/DHP - ERECT - 4000x4000/DHP - ERECT - 4000x4000/Case 071/Plot04/test40.png,test40.png,DHP - ERECT - 4000x4000,ERECT,Case 071,Plot04,2.38,2.25,1.0,71,1.06,0.76
Simulations/DHP - ERECT - 4000x4000/DHP - ERECT - 4000x4000/Case 071/Plot04/test41.png,test41.png,DHP - ERECT - 4000x4000,ERECT,Case 071,Plot04,2.38,2.25,1.0,71,1.06,0.76
Simulations/DHP - ERECT - 4000x4000/DHP - ERECT - 4000x4000/Case 071/Plot04/test42.png,test42.png,DHP - ERECT - 4000x4000,ERECT,Case 071,Plot04,2.38,2.25,1.0,71,1.06,0.76
Simulations/DHP - ERECT - 4000x4000/DHP - ERECT - 4000x4000/Case 071/Plot04/test43.png,test43.png,DHP - ERECT - 4000x4000,ERECT,Case 071,Plot04,2.38,2.25,1.0,71,1.06,0.76
Simulations/DHP - ERECT - 4000x4000/DHP - ERECT - 4000x4000/Case 071/Plot04/test44.png,test44.png,DHP - ERECT - 4000x4000,ERECT,Case 071,Plot04,2.38,2.25,1.0,71,1.06,0.76
Simulations/DHP - ERECT - 4000x4000/DHP - ERECT - 4000x4000/Case 071/Plot04/test45.png,test45.png,DHP - ERECT - 4000x4000,ERECT,Case 071,Plot04,2.38,2.25,1.0,71,1.06,0.76
Simulations/DHP - ERECT - 4000x4000/DHP - ERECT - 4000x4000/Case 071/Plot04/test46.png,test46.png,DHP - ERECT - 4000x4000,ERECT,Case 071,Plot04,2.38,2.25,1.0,71,1.06,0.76
Simulations/DHP - ERECT - 4000x4000/DHP - ERECT - 4000x4000/Case 071/Plot04/test47.png,test47.png,DHP - ERECT - 4000x4000,ERECT,Case 071,Plot04,2.38,2.25,1.0,71,1.06,0.76
Simulations/DHP - ERECT - 4000x4000/DHP - ERECT - 4000x4000/Case 071/Plot04/test48.png,test48.png,DHP - ERECT - 4000x4000,ERECT,Case 071,Plot04,2.38,2.25,1.0,71,1.06,0.76
Simulations/DHP - ERECT - 4000x4000/DHP - ERECT - 4000x4000/Case 071/Plot04/test49.png,test49.png,DHP - ERECT - 4000x4000,ERECT,Case 071,Plot04,2.38,2.25,1.0,71,1.06,0.76
Simulations/DHP - ERECT - 4000x4000/DHP - ERECT - 4000x4000/Case 070/Plot04/test40.png,test40.png,DHP - ERECT - 4000x4000,ERECT,Case 070,Plot04,3.61,3.5,1.0,70,1.71,0.73
Simulations/DHP - ERECT - 4000x4000/DHP - ERECT - 4000x4000/Case 070/Plot04/test41.png,test41.png,DHP - ERECT - 4000x4000,ERECT,Case 070,Plot04,3.61,3.5,1.0,70,1.71,0.73
Simulations/DHP - ERECT - 4000x4000/DHP - ERECT - 4000x4000/Case 070/Plot04/test42.png,test42.png,DHP - ERECT - 4000x4000,ERECT,Case 070,Plot04,3.61,3.5,1.0,70,1.71,0.73
Simulations/DHP - ERECT - 4000x4000/DHP - ERECT - 4000x4000/Case 070/Plot04/test43.png,test43.png,DHP - ERECT - 4000x4000,ERECT,Case 070,Plot04,3.61,3.5,1.0,70,1.71,0.73
Simulations/DHP - ERECT - 4000x4000/DHP - ERECT - 4000x4000/Case 070/Plot04/test44.png,test44.png,DHP - ERECT - 4000x4000,ERECT,Case 070,Plot04,3.61,3.5,1.0,70,1.71,0.73
Simulations/DHP - ERECT - 4000x4000/DHP - ERECT - 4000x4000/Case 070/Plot04/test45.png,test45.png,DHP - ERECT - 4000x4000,ERECT,Case 070,Plot04,3.61,3.5,1.0,70,1.71,0.73
Simulations/DHP - ERECT - 4000x4000/DHP - ERECT - 4000x4000/Case 070/Plot04/test46.png,test46.png,DHP - ERECT - 4000x4000,ERECT,Case 070,Plot04,3.61,3.5,1.0,70,1.71,0.73
Simulations/DHP - ERECT - 4000x4000/DHP - ERECT - 4000x4000/Case 070/Plot04/test47.png,test47.png,DHP - ERECT - 4000x4000,ERECT,Case 070,Plot04,3.61,3.5,1.0,70,1.71,0.73
Simulations/DHP - ERECT - 4000x4000/DHP - ERECT - 4000x4000/Case 070/Plot04/test48.png,test48.png,DHP - ERECT - 4000x4000,ERECT,Case 070,Plot04,3.61,3.5,1.0,70,1.71,0.73
Simulations/DHP - ERECT - 4000x4000/DHP - ERECT - 4000x4000/Case 070/Plot04/test49.png,test49.png,DHP - ERECT - 4000x4000,ERECT,Case 070,Plot04,3.61,3.5,1.0,70,1.71,0.73
Simulations/DHP - ERECT - 4000x4000/DHP - ERECT - 4000x4000/Case 069/Plot04/test40.png,test40.png,DHP - ERECT - 4000x4000,ERECT,Case 069,Plot04,4.33,4.2,1.0,69,2.08,0.75
Simulations/DHP - ERECT - 4000x4000/DHP - ERECT - 4000x4000/Case 069/Plot04/test41.png,test41.png,DHP - ERECT - 4000x4000,ERECT,Case 069,Plot04,4.33,4.2,1.0,69,2.08,0.75
Simulations/DHP - ERECT - 4000x4000/DHP - ERECT - 4000x4000/Case 069/Plot04/test42.png,test42.png,DHP - ERECT - 4000x4000,ERECT,Case 069,Plot04,4.33,4.2,1.0,69,2.08,0.75
Simulations/DHP - ERECT - 4000x4000/DHP - ERECT - 4000x4000/Case 069/Plot04/test43.png,test43.png,DHP - ERECT - 4000x4000,ERECT,Case 069,Plot04,4.33,4.2,1.0,69,2.08,0.75
Simulations/DHP - ERECT - 4000x4000/DHP - ERECT - 4000x4000/Case 069/Plot04/test44.png,test44.png,DHP - ERECT - 4000x4000,ERECT,Case 069,Plot04,4.33,4.2,1.0,69,2.08,0.75
Simulations/DHP - ERECT - 4000x4000/DHP - ERECT - 4000x4000/Case 069/Plot04/test45.png,test45.png,DHP - ERECT - 4000x4000,ERECT,Case 069,Plot04,4.33,4.2,1.0,69,2.08,0.75
Simulations/DHP - ERECT - 4000x4000/DHP - ERECT - 4000x4000/Case 069/Plot04/test46.png,test46.png,DHP - ERECT - 4000x4000,ERECT,Case 069,Plot04,4.33,4.2,1.0,69,2.08,0.75
Simulations/DHP - ERECT - 4000x4000/DHP - ERECT - 4000x4000/Case 069/Plot04/test47.png,test47.png,DHP - ERECT - 4000x4000,ERECT,Case 069,Plot04,4.33,4.2,1.0,69,2.08,0.75
Simulations/DHP - ERECT - 4000x4000/DHP - ERECT - 4000x4000/Case 069/Plot04/test48.png,test48.png,DHP - ERECT - 4000x4000,ERECT,Case 069,Plot04,4.33,4.2,1.0,69,2.08,0.75
Simulations/DHP - ERECT - 4000x4000/DHP - ERECT - 4000x4000/Case 069/Plot04/test49.png,test49.png,DHP - ERECT - 4000x4000,ERECT,Case 069,Plot04,4.33,4.2,1.0,69,2.08,0.75
Simulations/DHP - ERECT - 4000x4000/DHP - ERECT - 4000x4000/Case 068/Plot04/test40.png,test40.png,DHP - ERECT - 4000x4000,ERECT,Case 068,Plot04,4.99,4.9,1.0,68,1.93,0.69
Simulations/DHP - ERECT - 4000x4000/DHP - ERECT - 4000x4000/Case 068/Plot04/test41.png,test41.png,DHP - ERECT - 4000x4000,ERECT,Case 068,Plot04,4.99,4.9,1.0,68,1.93,0.69
Simulations/DHP - ERECT - 4000x4000/DHP - ERECT - 4000x4000/Case 068/Plot04/test42.png,test42.png,DHP - ERECT - 4000x4000,ERECT,Case 068,Plot04,4.99,4.9,1.0,68,1.93,0.69
Simulations/DHP - ERECT - 4000x4000/DHP - ERECT - 4000x4000/Case 068/Plot04/test43.png,test43.png,DHP - ERECT - 4000x4000,ERECT,Case 068,Plot04,4.99,4.9,1.0,68,1.93,0.69
Simulations/DHP - ERECT - 4000x4000/DHP - ERECT - 4000x4000/Case 068/Plot04/test44.png,test44.png,DHP - ERECT - 4000x4000,ERECT,Case 068,Plot04,4.99,4.9,1.0,68,1.93,0.69
Simulations/DHP - ERECT - 4000x4000/DHP - ERECT - 4000x4000/Case 068/Plot04/test45.png,test45.png,DHP - ERECT - 4000x4000,ERECT,Case 068,Plot04,4.99,4.9,1.0,68,1.93,0.69
Simulations/DHP - ERECT - 4000x4000/DHP - ERECT - 4000x4000/Case 068/Plot04/test46.png,test46.png,DHP - ERECT - 4000x4000,ERECT,Case 068,Plot04,4.99,4.9,1.0,68,1.93,0.69
Simulations/DHP - ERECT - 4000x4000/DHP - ERECT - 4000x4000/Case 068/Plot04/test47.png,test47.png,DHP - ERECT - 4000x4000,ERECT,Case 068,Plot04,4.99,4.9,1.0,68,1.93,0.69
Simulations/DHP - ERECT - 4000x4000/DHP - ERECT - 4000x4000/Case 068/Plot04/test48.png,test48.png,DHP - ERECT - 4000x4000,ERECT,Case 068,Plot04,4.99,4.9,1.0,68,1.93,0.69
Simulations/DHP - ERECT - 4000x4000/DHP - ERECT - 4000x4000/Case 068/Plot04/test49.png,test49.png,DHP - ERECT - 4000x4000,ERECT,Case 068,Plot04,4.99,4.9,1.0,68,1.93,0.69
Simulations/DHP - ERECT - 4000x4000/DHP - ERECT - 4000x4000/Case 067/Plot04/test40.png,test40.png,DHP - ERECT - 4000x4000,ERECT,Case 067,Plot04,4.38,4.3,1.0,67,2.24,0.75
Simulations/DHP - ERECT - 4000x4000/DHP - ERECT - 4000x4000/Case 067/Plot04/test41.png,test41.png,DHP - ERECT - 4000x4000,ERECT,Case 067,Plot04,4.38,4.3,1.0,67,2.24,0.75
Simulations/DHP - ERECT - 4000x4000/DHP - ERECT - 4000x4000/Case 067/Plot04/test42.png,test42.png,DHP - ERECT - 4000x4000,ERECT,Case 067,Plot04,4.38,4.3,1.0,67,2.24,0.75
Simulations/DHP - ERECT - 4000x4000/DHP - ERECT - 4000x4000/Case 067/Plot04/test43.png,test43.png,DHP - ERECT - 4000x4000,ERECT,Case 067,Plot04,4.38,4.3,1.0,67,2.24,0.75
Simulations/DHP - ERECT - 4000x4000/DHP - ERECT - 4000x4000/Case 067/Plot04/test44.png,test44.png,DHP - ERECT - 4000x4000,ERECT,Case 067,Plot04,4.38,4.3,1.0,67,2.24,0.75
Simulations/DHP - ERECT - 4000x4000/DHP - ERECT - 4000x4000/Case 067/Plot04/test45.png,test45.png,DHP - ERECT - 4000x4000,ERECT,Case 067,Plot04,4.38,4.3,1.0,67,2.24,0.75
Simulations/DHP - ERECT - 4000x4000/DHP - ERECT - 4000x4000/Case 067/Plot04/test46.png,test46.png,DHP - ERECT - 4000x4000,ERECT,Case 067,Plot04,4.38,4.3,1.0,67,2.24,0.75
Simulations/DHP - ERECT - 4000x4000/DHP - ERECT - 4000x4000/Case 067/Plot04/test47.png,test47.png,DHP - ERECT - 4000x4000,ERECT,Case 067,Plot04,4.38,4.3,1.0,67,2.24,0.75
Simulations/DHP - ERECT - 4000x4000/DHP - ERECT - 4000x4000/Case 067/Plot04/test48.png,test48.png,DHP - ERECT - 4000x4000,ERECT,Case 067,Plot04,4.38,4.3,1.0,67,2.24,0.75
Simulations/DHP - ERECT - 4000x4000/DHP - ERECT - 4000x4000/Case 067/Plot04/test49.png,test49.png,DHP - ERECT - 4000x4000,ERECT,Case 067,Plot04,4.38,4.3,1.0,67,2.24,0.75
Simulations/DHP - ERECT - 4000x4000/DHP - ERECT - 4000x4000/Case 066/Plot04/test40.png,test40.png,DHP - ERECT - 4000x4000,ERECT,Case 066,Plot04,3.88,3.8,1.0,66,1.86,0.75
Simulations/DHP - ERECT - 4000x4000/DHP - ERECT - 4000x4000/Case 066/Plot04/test41.png,test41.png,DHP - ERECT - 4000x4000,ERECT,Case 066,Plot04,3.88,3.8,1.0,66,1.86,0.75
Simulations/DHP - ERECT - 4000x4000/DHP - ERECT - 4000x4000/Case 066/Plot04/test42.png,test42.png,DHP - ERECT - 4000x4000,ERECT,Case 066,Plot04,3.88,3.8,1.0,66,1.86,0.75
Simulations/DHP - ERECT - 4000x4000/DHP - ERECT - 4000x4000/Case 066/Plot04/test43.png,test43.png,DHP - ERECT - 4000x4000,ERECT,Case 066,Plot04,3.88,3.8,1.0,66,1.86,0.75
Simulations/DHP - ERECT - 4000x4000/DHP - ERECT - 4000x4000/Case 066/Plot04/test44.png,test44.png,DHP - ERECT - 4000x4000,ERECT,Case 066,Plot04,3.88,3.8,1.0,66,1.86,0.75
Simulations/DHP - ERECT - 4000x4000/DHP - ERECT - 4000x4000/Case 066/Plot04/test45.png,test45.png,DHP - ERECT - 4000x4000,ERECT,Case 066,Plot04,3.88,3.8,1.0,66,1.86,0.75
Simulations/DHP - ERECT - 4000x4000/DHP - ERECT - 4000x4000/Case 066/Plot04/test46.png,test46.png,DHP - ERECT - 4000x4000,ERECT,Case 066,Plot04,3.88,3.8,1.0,66,1.86,0.75
Simulations/DHP - ERECT - 4000x4000/DHP - ERECT - 4000x4000/Case 066/Plot04/test47.png,test47.png,DHP - ERECT - 4000x4000,ERECT,Case 066,Plot04,3.88,3.8,1.0,66,1.86,0.75
Simulations/DHP - ERECT - 4000x4000/DHP - ERECT - 4000x4000/Case 066/Plot04/test48.png,test48.png,DHP - ERECT - 4000x4000,ERECT,Case 066,Plot04,3.88,3.8,1.0,66,1.86,0.75
Simulations/DHP - ERECT - 4000x4000/DHP - ERECT - 4000x4000/Case 066/Plot04/test49.png,test49.png,DHP - ERECT - 4000x4000,ERECT,Case 066,Plot04,3.88,3.8,1.0,66,1.86,0.75
Simulations/DHP - ERECT - 4000x4000/DHP - ERECT - 4000x4000/Case 065/Plot04/test40.png,test40.png,DHP - ERECT - 4000x4000,ERECT,Case 065,Plot04,6.78,6.7,1.0,65,2.55,0.6
Simulations/DHP - ERECT - 4000x4000/DHP - ERECT - 4000x4000/Case 065/Plot04/test41.png,test41.png,DHP - ERECT - 4000x4000,ERECT,Case 065,Plot04,6.78,6.7,1.0,65,2.55,0.6
Simulations/DHP - ERECT - 4000x4000/DHP - ERECT - 4000x4000/Case 065/Plot04/test42.png,test42.png,DHP - ERECT - 4000x4000,ERECT,Case 065,Plot04,6.78,6.7,1.0,65,2.55,0.6
Simulations/DHP - ERECT - 4000x4000/DHP - ERECT - 4000x4000/Case 065/Plot04/test43.png,test43.png,DHP - ERECT - 4000x4000,ERECT,Case 065,Plot04,6.78,6.7,1.0,65,2.55,0.6
Simulations/DHP - ERECT - 4000x4000/DHP - ERECT - 4000x4000/Case 065/Plot04/test44.png,test44.png,DHP - ERECT - 4000x4000,ERECT,Case 065,Plot04,6.78,6.7,1.0,65,2.55,0.6
Simulations/DHP - ERECT - 4000x4000/DHP - ERECT - 4000x4000/Case 065/Plot04/test45.png,test45.png,DHP - ERECT - 4000x4000,ERECT,Case 065,Plot04,6.78,6.7,1.0,65,2.55,0.6
Simulations/DHP - ERECT - 4000x4000/DHP - ERECT - 4000x4000/Case 065/Plot04/test46.png,test46.png,DHP - ERECT - 4000x4000,ERECT,Case 065,Plot04,6.78,6.7,1.0,65,2.55,0.6
Simulations/DHP - ERECT - 4000x4000/DHP - ERECT - 4000x4000/Case 065/Plot04/test47.png,test47.png,DHP - ERECT - 4000x4000,ERECT,Case 065,Plot04,6.78,6.7,1.0,65,2.55,0.6
Simulations/DHP - ERECT - 4000x4000/DHP - ERECT - 4000x4000/Case 065/Plot04/test48.png,test48.png,DHP - ERECT - 4000x4000,ERECT,Case 065,Plot04,6.78,6.7,1.0,65,2.55,0.6
Simulations/DHP - ERECT - 4000x4000/DHP - ERECT - 4000x4000/Case 065/Plot04/test49.png,test49.png,DHP - ERECT - 4000x4000,ERECT,Case 065,Plot04,6.78,6.7,1.0,65,2.55,0.6
Simulations/DHP - ERECT - 4000x4000/DHP - ERECT - 4000x4000/Case 064/Plot04/test40.png,test40.png,DHP - ERECT - 4000x4000,ERECT,Case 064,Plot04,0.92,0.9,1.0,64,0.47,0.73
Simulations/DHP - ERECT - 4000x4000/DHP - ERECT - 4000x4000/Case 064/Plot04/test41.png,test41.png,DHP - ERECT - 4000x4000,ERECT,Case 064,Plot04,0.92,0.9,1.0,64,0.47,0.73
Simulations/DHP - ERECT - 4000x4000/DHP - ERECT - 4000x4000/Case 064/Plot04/test42.png,test42.png,DHP - ERECT - 4000x4000,ERECT,Case 064,Plot04,0.92,0.9,1.0,64,0.47,0.73
Simulations/DHP - ERECT - 4000x4000/DHP - ERECT - 4000x4000/Case 064/Plot04/test43.png,test43.png,DHP - ERECT - 4000x4000,ERECT,Case 064,Plot04,0.92,0.9,1.0,64,0.47,0.73
Simulations/DHP - ERECT - 4000x4000/DHP - ERECT - 4000x4000/Case 064/Plot04/test44.png,test44.png,DHP - ERECT - 4000x4000,ERECT,Case 064,Plot04,0.92,0.9,1.0,64,0.47,0.73
Simulations/DHP - ERECT - 4000x4000/DHP - ERECT - 4000x4000/Case 064/Plot04/test45.png,test45.png,DHP - ERECT - 4000x4000,ERECT,Case 064,Plot04,0.92,0.9,1.0,64,0.47,0.73
Simulations/DHP - ERECT - 4000x4000/DHP - ERECT - 4000x4000/Case 064/Plot04/test46.png,test46.png,DHP - ERECT - 4000x4000,ERECT,Case 064,Plot04,0.92,0.9,1.0,64,0.47,0.73
Simulations/DHP - ERECT - 4000x4000/DHP - ERECT - 4000x4000/Case 064/Plot04/test47.png,test47.png,DHP - ERECT - 4000x4000,ERECT,Case 064,Plot04,0.92,0.9,1.0,64,0.47,0.73
Simulations/DHP - ERECT - 4000x4000/DHP - ERECT - 4000x4000/Case 064/Plot04/test48.png,test48.png,DHP - ERECT - 4000x4000,ERECT,Case 064,Plot04,0.92,0.9,1.0,64,0.47,0.73
Simulations/DHP - ERECT - 4000x4000/DHP - ERECT - 4000x4000/Case 064/Plot04/test49.png,test49.png,DHP - ERECT - 4000x4000,ERECT,Case 064,Plot04,0.92,0.9,1.0,64,0.47,0.73
Simulations/DHP - ERECT - 4000x4000/DHP - ERECT - 4000x4000/Case 063/Plot04/test40.png,test40.png,DHP - ERECT - 4000x4000,ERECT,Case 063,Plot04,0.94,0.9,1.0,63,0.4,0.74
Simulations/DHP - ERECT - 4000x4000/DHP - ERECT - 4000x4000/Case 063/Plot04/test41.png,test41.png,DHP - ERECT - 4000x4000,ERECT,Case 063,Plot04,0.94,0.9,1.0,63,0.4,0.74
Simulations/DHP - ERECT - 4000x4000/DHP - ERECT - 4000x4000/Case 063/Plot04/test42.png,test42.png,DHP - ERECT - 4000x4000,ERECT,Case 063,Plot04,0.94,0.9,1.0,63,0.4,0.74
Simulations/DHP - ERECT - 4000x4000/DHP - ERECT - 4000x4000/Case 063/Plot04/test43.png,test43.png,DHP - ERECT - 4000x4000,ERECT,Case 063,Plot04,0.94,0.9,1.0,63,0.4,0.74
Simulations/DHP - ERECT - 4000x4000/DHP - ERECT - 4000x4000/Case 063/Plot04/test44.png,test44.png,DHP - ERECT - 4000x4000,ERECT,Case 063,Plot04,0.94,0.9,1.0,63,0.4,0.74
Simulations/DHP - ERECT - 4000x4000/DHP - ERECT - 4000x4000/Case 063/Plot04/test45.png,test45.png,DHP - ERECT - 4000x4000,ERECT,Case 063,Plot04,0.94,0.9,1.0,63,0.4,0.74
Simulations/DHP - ERECT - 4000x4000/DHP - ERECT - 4000x4000/Case 063/Plot04/test46.png,test46.png,DHP - ERECT - 4000x4000,ERECT,Case 063,Plot04,0.94,0.9,1.0,63,0.4,0.74
Simulations/DHP - ERECT - 4000x4000/DHP - ERECT - 4000x4000/Case 063/Plot04/test47.png,test47.png,DHP - ERECT - 4000x4000,ERECT,Case 063,Plot04,0.94,0.9,1.0,63,0.4,0.74
Simulations/DHP - ERECT - 4000x4000/DHP - ERECT - 4000x4000/Case 063/Plot04/test48.png,test48.png,DHP - ERECT - 4000x4000,ERECT,Case 063,Plot04,0.94,0.9,1.0,63,0.4,0.74
Simulations/DHP - ERECT - 4000x4000/DHP - ERECT - 4000x4000/Case 063/Plot04/test49.png,test49.png,DHP - ERECT - 4000x4000,ERECT,Case 063,Plot04,0.94,0.9,1.0,63,0.4,0.74
Simulations/DHP - ERECT - 4000x4000/DHP - ERECT - 4000x4000/Case 062/Plot04/test40.png,test40.png,DHP - ERECT - 4000x4000,ERECT,Case 062,Plot04,5.78,5.1,1.0,62,2.91,0.75
Simulations/DHP - ERECT - 4000x4000/DHP - ERECT - 4000x4000/Case 062/Plot04/test41.png,test41.png,DHP - ERECT - 4000x4000,ERECT,Case 062,Plot04,5.78,5.1,1.0,62,2.91,0.75
Simulations/DHP - ERECT - 4000x4000/DHP - ERECT - 4000x4000/Case 062/Plot04/test42.png,test42.png,DHP - ERECT - 4000x4000,ERECT,Case 062,Plot04,5.78,5.1,1.0,62,2.91,0.75
Simulations/DHP - ERECT - 4000x4000/DHP - ERECT - 4000x4000/Case 062/Plot04/test43.png,test43.png,DHP - ERECT - 4000x4000,ERECT,Case 062,Plot04,5.78,5.1,1.0,62,2.91,0.75
Simulations/DHP - ERECT - 4000x4000/DHP - ERECT - 4000x4000/Case 062/Plot04/test44.png,test44.png,DHP - ERECT - 4000x4000,ERECT,Case 062,Plot04,5.78,5.1,1.0,62,2.91,0.75
Simulations/DHP - ERECT - 4000x4000/DHP - ERECT - 4000x4000/Case 062/Plot04/test45.png,test45.png,DHP - ERECT - 4000x4000,ERECT,Case 062,Plot04,5.78,5.1,1.0,62,2.91,0.75
Simulations/DHP - ERECT - 4000x4000/DHP - ERECT - 4000x4000/Case 062/Plot04/test46.png,test46.png,DHP - ERECT - 4000x4000,ERECT,Case 062,Plot04,5.78,5.1,1.0,62,2.91,0.75
Simulations/DHP - ERECT - 4000x4000/DHP - ERECT - 4000x4000/Case 062/Plot04/test47.png,test47.png,DHP - ERECT - 4000x4000,ERECT,Case 062,Plot04,5.78,5.1,1.0,62,2.91,0.75
Simulations/DHP - ERECT - 4000x4000/DHP - ERECT - 4000x4000/Case 062/Plot04/test48.png,test48.png,DHP - ERECT - 4000x4000,ERECT,Case 062,Plot04,5.78,5.1,1.0,62,2.91,0.75
Simulations/DHP - ERECT - 4000x4000/DHP - ERECT - 4000x4000/Case 062/Plot04/test49.png,test49.png,DHP - ERECT - 4000x4000,ERECT,Case 062,Plot04,5.78,5.1,1.0,62,2.91,0.75
Simulations/DHP - ERECT - 4000x4000/DHP - ERECT - 4000x4000/Case 061/Plot04/test40.png,test40.png,DHP - ERECT - 4000x4000,ERECT,Case 061,Plot04,3.87,3.3,1.0,61,2.07,0.72
Simulations/DHP - ERECT - 4000x4000/DHP - ERECT - 4000x4000/Case 061/Plot04/test41.png,test41.png,DHP - ERECT - 4000x4000,ERECT,Case 061,Plot04,3.87,3.3,1.0,61,2.07,0.72
Simulations/DHP - ERECT - 4000x4000/DHP - ERECT - 4000x4000/Case 061/Plot04/test42.png,test42.png,DHP - ERECT - 4000x4000,ERECT,Case 061,Plot04,3.87,3.3,1.0,61,2.07,0.72
Simulations/DHP - ERECT - 4000x4000/DHP - ERECT - 4000x4000/Case 061/Plot04/test43.png,test43.png,DHP - ERECT - 4000x4000,ERECT,Case 061,Plot04,3.87,3.3,1.0,61,2.07,0.72
Simulations/DHP - ERECT - 4000x4000/DHP - ERECT - 4000x4000/Case 061/Plot04/test44.png,test44.png,DHP - ERECT - 4000x4000,ERECT,Case 061,Plot04,3.87,3.3,1.0,61,2.07,0.72
Simulations/DHP - ERECT - 4000x4000/DHP - ERECT - 4000x4000/Case 061/Plot04/test45.png,test45.png,DHP - ERECT - 4000x4000,ERECT,Case 061,Plot04,3.87,3.3,1.0,61,2.07,0.72
Simulations/DHP - ERECT - 4000x4000/DHP - ERECT - 4000x4000/Case 061/Plot04/test46.png,test46.png,DHP - ERECT - 4000x4000,ERECT,Case 061,Plot04,3.87,3.3,1.0,61,2.07,0.72
Simulations/DHP - ERECT - 4000x4000/DHP - ERECT - 4000x4000/Case 061/Plot04/test47.png,test47.png,DHP - ERECT - 4000x4000,ERECT,Case 061,Plot04,3.87,3.3,1.0,61,2.07,0.72
Simulations/DHP - ERECT - 4000x4000/DHP - ERECT - 4000x4000/Case 061/Plot04/test48.png,test48.png,DHP - ERECT - 4000x4000,ERECT,Case 061,Plot04,3.87,3.3,1.0,61,2.07,0.72
Simulations/DHP - ERECT - 4000x4000/DHP - ERECT - 4000x4000/Case 061/Plot04/test49.png,test49.png,DHP - ERECT - 4000x4000,ERECT,Case 061,Plot04,3.87,3.3,1.0,61,2.07,0.72
Simulations/DHP - ERECT - 4000x4000/DHP - ERECT - 4000x4000/Case 060/Plot04/test40.png,test40.png,DHP - ERECT - 4000x4000,ERECT,Case 060,Plot04,3.91,3.2,1.0,60,2.1,0.75
Simulations/DHP - ERECT - 4000x4000/DHP - ERECT - 4000x4000/Case 060/Plot04/test41.png,test41.png,DHP - ERECT - 4000x4000,ERECT,Case 060,Plot04,3.91,3.2,1.0,60,2.1,0.75
Simulations/DHP - ERECT - 4000x4000/DHP - ERECT - 4000x4000/Case 060/Plot04/test42.png,test42.png,DHP - ERECT - 4000x4000,ERECT,Case 060,Plot04,3.91,3.2,1.0,60,2.1,0.75
Simulations/DHP - ERECT - 4000x4000/DHP - ERECT - 4000x4000/Case 060/Plot04/test43.png,test43.png,DHP - ERECT - 4000x4000,ERECT,Case 060,Plot04,3.91,3.2,1.0,60,2.1,0.75
Simulations/DHP - ERECT - 4000x4000/DHP - ERECT - 4000x4000/Case 060/Plot04/test44.png,test44.png,DHP - ERECT - 4000x4000,ERECT,Case 060,Plot04,3.91,3.2,1.0,60,2.1,0.75
Simulations/DHP - ERECT - 4000x4000/DHP - ERECT - 4000x4000/Case 060/Plot04/test45.png,test45.png,DHP - ERECT - 4000x4000,ERECT,Case 060,Plot04,3.91,3.2,1.0,60,2.1,0.75
Simulations/DHP - ERECT - 4000x4000/DHP - ERECT - 4000x4000/Case 060/Plot04/test46.png,test46.png,DHP - ERECT - 4000x4000,ERECT,Case 060,Plot04,3.91,3.2,1.0,60,2.1,0.75
Simulations/DHP - ERECT - 4000x4000/DHP - ERECT - 4000x4000/Case 060/Plot04/test47.png,test47.png,DHP - ERECT - 4000x4000,ERECT,Case 060,Plot04,3.91,3.2,1.0,60,2.1,0.75
Simulations/DHP - ERECT - 4000x4000/DHP - ERECT - 4000x4000/Case 060/Plot04/test48.png,test48.png,DHP - ERECT - 4000x4000,ERECT,Case 060,Plot04,3.91,3.2,1.0,60,2.1,0.75
Simulations/DHP - ERECT - 4000x4000/DHP - ERECT - 4000x4000/Case 060/Plot04/test49.png,test49.png,DHP - ERECT - 4000x4000,ERECT,Case 060,Plot04,3.91,3.2,1.0,60,2.1,0.75
Simulations/DHP - ERECT - 4000x4000/DHP - ERECT - 4000x4000/Case 059/Plot04/test40.png,test40.png,DHP - ERECT - 4000x4000,ERECT,Case 059,Plot04,1.99,1.4,1.0,59,1.35,0.73
Simulations/DHP - ERECT - 4000x4000/DHP - ERECT - 4000x4000/Case 059/Plot04/test41.png,test41.png,DHP - ERECT - 4000x4000,ERECT,Case 059,Plot04,1.99,1.4,1.0,59,1.35,0.73
Simulations/DHP - ERECT - 4000x4000/DHP - ERECT - 4000x4000/Case 059/Plot04/test42.png,test42.png,DHP - ERECT - 4000x4000,ERECT,Case 059,Plot04,1.99,1.4,1.0,59,1.35,0.73
Simulations/DHP - ERECT - 4000x4000/DHP - ERECT - 4000x4000/Case 059/Plot04/test43.png,test43.png,DHP - ERECT - 4000x4000,ERECT,Case 059,Plot04,1.99,1.4,1.0,59,1.35,0.73
Simulations/DHP - ERECT - 4000x4000/DHP - ERECT - 4000x4000/Case 059/Plot04/test44.png,test44.png,DHP - ERECT - 4000x4000,ERECT,Case 059,Plot04,1.99,1.4,1.0,59,1.35,0.73
Simulations/DHP - ERECT - 4000x4000/DHP - ERECT - 4000x4000/Case 059/Plot04/test45.png,test45.png,DHP - ERECT - 4000x4000,ERECT,Case 059,Plot04,1.99,1.4,1.0,59,1.35,0.73
Simulations/DHP - ERECT - 4000x4000/DHP - ERECT - 4000x4000/Case 059/Plot04/test46.png,test46.png,DHP - ERECT - 4000x4000,ERECT,Case 059,Plot04,1.99,1.4,1.0,59,1.35,0.73
Simulations/DHP - ERECT - 4000x4000/DHP - ERECT - 4000x4000/Case 059/Plot04/test47.png,test47.png,DHP - ERECT - 4000x4000,ERECT,Case 059,Plot04,1.99,1.4,1.0,59,1.35,0.73
Simulations/DHP - ERECT - 4000x4000/DHP - ERECT - 4000x4000/Case 059/Plot04/test48.png,test48.png,DHP - ERECT - 4000x4000,ERECT,Case 059,Plot04,1.99,1.4,1.0,59,1.35,0.73
Simulations/DHP - ERECT - 4000x4000/DHP - ERECT - 4000x4000/Case 059/Plot04/test49.png,test49.png,DHP - ERECT - 4000x4000,ERECT,Case 059,Plot04,1.99,1.4,1.0,59,1.35,0.73
Simulations/DHP - ERECT - 4000x4000/DHP - ERECT - 4000x4000/Case 058/Plot04/test40.png,test40.png,DHP - ERECT - 4000x4000,ERECT,Case 058,Plot04,1.93,1.4,1.0,58,1.2,0.7
Simulations/DHP - ERECT - 4000x4000/DHP - ERECT - 4000x4000/Case 058/Plot04/test41.png,test41.png,DHP - ERECT - 4000x4000,ERECT,Case 058,Plot04,1.93,1.4,1.0,58,1.2,0.7
Simulations/DHP - ERECT - 4000x4000/DHP - ERECT - 4000x4000/Case 058/Plot04/test42.png,test42.png,DHP - ERECT - 4000x4000,ERECT,Case 058,Plot04,1.93,1.4,1.0,58,1.2,0.7
Simulations/DHP - ERECT - 4000x4000/DHP - ERECT - 4000x4000/Case 058/Plot04/test43.png,test43.png,DHP - ERECT - 4000x4000,ERECT,Case 058,Plot04,1.93,1.4,1.0,58,1.2,0.7
Simulations/DHP - ERECT - 4000x4000/DHP - ERECT - 4000x4000/Case 058/Plot04/test44.png,test44.png,DHP - ERECT - 4000x4000,ERECT,Case 058,Plot04,1.93,1.4,1.0,58,1.2,0.7
Simulations/DHP - ERECT - 4000x4000/DHP - ERECT - 4000x4000/Case 058/Plot04/test45.png,test45.png,DHP - ERECT - 4000x4000,ERECT,Case 058,Plot04,1.93,1.4,1.0,58,1.2,0.7
Simulations/DHP - ERECT - 4000x4000/DHP - ERECT - 4000x4000/Case 058/Plot04/test46.png,test46.png,DHP - ERECT - 4000x4000,ERECT,Case 058,Plot04,1.93,1.4,1.0,58,1.2,0.7
Simulations/DHP - ERECT - 4000x4000/DHP - ERECT - 4000x4000/Case 058/Plot04/test47.png,test47.png,DHP - ERECT - 4000x4000,ERECT,Case 058,Plot04,1.93,1.4,1.0,58,1.2,0.7
Simulations/DHP - ERECT - 4000x4000/DHP - ERECT - 4000x4000/Case 058/Plot04/test48.png,test48.png,DHP - ERECT - 4000x4000,ERECT,Case 058,Plot04,1.93,1.4,1.0,58,1.2,0.7
Simulations/DHP - ERECT - 4000x4000/DHP - ERECT - 4000x4000/Case 058/Plot04/test49.png,test49.png,DHP - ERECT - 4000x4000,ERECT,Case 058,Plot04,1.93,1.4,1.0,58,1.2,0.7
Simulations/DHP - ERECT - 4000x4000/DHP - ERECT - 4000x4000/Case 057/Plot04/test40.png,test40.png,DHP - ERECT - 4000x4000,ERECT,Case 057,Plot04,1.98,1.5,1.0,57,1.2,0.72
Simulations/DHP - ERECT - 4000x4000/DHP - ERECT - 4000x4000/Case 057/Plot04/test41.png,test41.png,DHP - ERECT - 4000x4000,ERECT,Case 057,Plot04,1.98,1.5,1.0,57,1.2,0.72
Simulations/DHP - ERECT - 4000x4000/DHP - ERECT - 4000x4000/Case 057/Plot04/test42.png,test42.png,DHP - ERECT - 4000x4000,ERECT,Case 057,Plot04,1.98,1.5,1.0,57,1.2,0.72
Simulations/DHP - ERECT - 4000x4000/DHP - ERECT - 4000x4000/Case 057/Plot04/test43.png,test43.png,DHP - ERECT - 4000x4000,ERECT,Case 057,Plot04,1.98,1.5,1.0,57,1.2,0.72
Simulations/DHP - ERECT - 4000x4000/DHP - ERECT - 4000x4000/Case 057/Plot04/test44.png,test44.png,DHP - ERECT - 4000x4000,ERECT,Case 057,Plot04,1.98,1.5,1.0,57,1.2,0.72
Simulations/DHP - ERECT - 4000x4000/DHP - ERECT - 4000x4000/Case 057/Plot04/test45.png,test45.png,DHP - ERECT - 4000x4000,ERECT,Case 057,Plot04,1.98,1.5,1.0,57,1.2,0.72
Simulations/DHP - ERECT - 4000x4000/DHP - ERECT - 4000x4000/Case 057/Plot04/test46.png,test46.png,DHP - ERECT - 4000x4000,ERECT,Case 057,Plot04,1.98,1.5,1.0,57,1.2,0.72
Simulations/DHP - ERECT - 4000x4000/DHP - ERECT - 4000x4000/Case 057/Plot04/test47.png,test47.png,DHP - ERECT - 4000x4000,ERECT,Case 057,Plot04,1.98,1.5,1.0,57,1.2,0.72
Simulations/DHP - ERECT - 4000x4000/DHP - ERECT - 4000x4000/Case 057/Plot04/test48.png,test48.png,DHP - ERECT - 4000x4000,ERECT,Case 057,Plot04,1.98,1.5,1.0,57,1.2,0.72
Simulations/DHP - ERECT - 4000x4000/DHP - ERECT - 4000x4000/Case 057/Plot04/test49.png,test49.png,DHP - ERECT - 4000x4000,ERECT,Case 057,Plot04,1.98,1.5,1.0,57,1.2,0.72
Simulations/DHP - ERECT - 4000x4000/DHP - ERECT - 4000x4000/Case 056/Plot04/test40.png,test40.png,DHP - ERECT - 4000x4000,ERECT,Case 056,Plot04,2.07,1.5,1.0,56,0.9,0.63
Simulations/DHP - ERECT - 4000x4000/DHP - ERECT - 4000x4000/Case 056/Plot04/test41.png,test41.png,DHP - ERECT - 4000x4000,ERECT,Case 056,Plot04,2.07,1.5,1.0,56,0.9,0.63
Simulations/DHP - ERECT - 4000x4000/DHP - ERECT - 4000x4000/Case 056/Plot04/test42.png,test42.png,DHP - ERECT - 4000x4000,ERECT,Case 056,Plot04,2.07,1.5,1.0,56,0.9,0.63
Simulations/DHP - ERECT - 4000x4000/DHP - ERECT - 4000x4000/Case 056/Plot04/test43.png,test43.png,DHP - ERECT - 4000x4000,ERECT,Case 056,Plot04,2.07,1.5,1.0,56,0.9,0.63
Simulations/DHP - ERECT - 4000x4000/DHP - ERECT - 4000x4000/Case 056/Plot04/test44.png,test44.png,DHP - ERECT - 4000x4000,ERECT,Case 056,Plot04,2.07,1.5,1.0,56,0.9,0.63
Simulations/DHP - ERECT - 4000x4000/DHP - ERECT - 4000x4000/Case 056/Plot04/test45.png,test45.png,DHP - ERECT - 4000x4000,ERECT,Case 056,Plot04,2.07,1.5,1.0,56,0.9,0.63
Simulations/DHP - ERECT - 4000x4000/DHP - ERECT - 4000x4000/Case 056/Plot04/test46.png,test46.png,DHP - ERECT - 4000x4000,ERECT,Case 056,Plot04,2.07,1.5,1.0,56,0.9,0.63
Simulations/DHP - ERECT - 4000x4000/DHP - ERECT - 4000x4000/Case 056/Plot04/test47.png,test47.png,DHP - ERECT - 4000x4000,ERECT,Case 056,Plot04,2.07,1.5,1.0,56,0.9,0.63
Simulations/DHP - ERECT - 4000x4000/DHP - ERECT - 4000x4000/Case 056/Plot04/test48.png,test48.png,DHP - ERECT - 4000x4000,ERECT,Case 056,Plot04,2.07,1.5,1.0,56,0.9,0.63
Simulations/DHP - ERECT - 4000x4000/DHP - ERECT - 4000x4000/Case 056/Plot04/test49.png,test49.png,DHP - ERECT - 4000x4000,ERECT,Case 056,Plot04,2.07,1.5,1.0,56,0.9,0.63
Simulations/DHP - ERECT - 4000x4000/DHP - ERECT - 4000x4000/Case 055/Plot04/test40.png,test40.png,DHP - ERECT - 4000x4000,ERECT,Case 055,Plot04,3.99,3.4,1.0,55,1.3,0.57
Simulations/DHP - ERECT - 4000x4000/DHP - ERECT - 4000x4000/Case 055/Plot04/test41.png,test41.png,DHP - ERECT - 4000x4000,ERECT,Case 055,Plot04,3.99,3.4,1.0,55,1.3,0.57
Simulations/DHP - ERECT - 4000x4000/DHP - ERECT - 4000x4000/Case 055/Plot04/test42.png,test42.png,DHP - ERECT - 4000x4000,ERECT,Case 055,Plot04,3.99,3.4,1.0,55,1.3,0.57
Simulations/DHP - ERECT - 4000x4000/DHP - ERECT - 4000x4000/Case 055/Plot04/test43.png,test43.png,DHP - ERECT - 4000x4000,ERECT,Case 055,Plot04,3.99,3.4,1.0,55,1.3,0.57
Simulations/DHP - ERECT - 4000x4000/DHP - ERECT - 4000x4000/Case 055/Plot04/test44.png,test44.png,DHP - ERECT - 4000x4000,ERECT,Case 055,Plot04,3.99,3.4,1.0,55,1.3,0.57
Simulations/DHP - ERECT - 4000x4000/DHP - ERECT - 4000x4000/Case 055/Plot04/test45.png,test45.png,DHP - ERECT - 4000x4000,ERECT,Case 055,Plot04,3.99,3.4,1.0,55,1.3,0.57
Simulations/DHP - ERECT - 4000x4000/DHP - ERECT - 4000x4000/Case 055/Plot04/test46.png,test46.png,DHP - ERECT - 4000x4000,ERECT,Case 055,Plot04,3.99,3.4,1.0,55,1.3,0.57
Simulations/DHP - ERECT - 4000x4000/DHP - ERECT - 4000x4000/Case 055/Plot04/test47.png,test47.png,DHP - ERECT - 4000x4000,ERECT,Case 055,Plot04,3.99,3.4,1.0,55,1.3,0.57
Simulations/DHP - ERECT - 4000x4000/DHP - ERECT - 4000x4000/Case 055/Plot04/test48.png,test48.png,DHP - ERECT - 4000x4000,ERECT,Case 055,Plot04,3.99,3.4,1.0,55,1.3,0.57
Simulations/DHP - ERECT - 4000x4000/DHP - ERECT - 4000x4000/Case 055/Plot04/test49.png,test49.png,DHP - ERECT - 4000x4000,ERECT,Case 055,Plot04,3.99,3.4,1.0,55,1.3,0.57
Simulations/DHP - ERECT - 4000x4000/DHP - ERECT - 4000x4000/Case 054/Plot04/test40.png,test40.png,DHP - ERECT - 4000x4000,ERECT,Case 054,Plot04,5.44,4.75,1.0,54,1.16,0.53
Simulations/DHP - ERECT - 4000x4000/DHP - ERECT - 4000x4000/Case 054/Plot04/test41.png,test41.png,DHP - ERECT - 4000x4000,ERECT,Case 054,Plot04,5.44,4.75,1.0,54,1.16,0.53
Simulations/DHP - ERECT - 4000x4000/DHP - ERECT - 4000x4000/Case 054/Plot04/test42.png,test42.png,DHP - ERECT - 4000x4000,ERECT,Case 054,Plot04,5.44,4.75,1.0,54,1.16,0.53
Simulations/DHP - ERECT - 4000x4000/DHP - ERECT - 4000x4000/Case 054/Plot04/test43.png,test43.png,DHP - ERECT - 4000x4000,ERECT,Case 054,Plot04,5.44,4.75,1.0,54,1.16,0.53
Simulations/DHP - ERECT - 4000x4000/DHP - ERECT - 4000x4000/Case 054/Plot04/test44.png,test44.png,DHP - ERECT - 4000x4000,ERECT,Case 054,Plot04,5.44,4.75,1.0,54,1.16,0.53
Simulations/DHP - ERECT - 4000x4000/DHP - ERECT - 4000x4000/Case 054/Plot04/test45.png,test45.png,DHP - ERECT - 4000x4000,ERECT,Case 054,Plot04,5.44,4.75,1.0,54,1.16,0.53
Simulations/DHP - ERECT - 4000x4000/DHP - ERECT - 4000x4000/Case 054/Plot04/test46.png,test46.png,DHP - ERECT - 4000x4000,ERECT,Case 054,Plot04,5.44,4.75,1.0,54,1.16,0.53
Simulations/DHP - ERECT - 4000x4000/DHP - ERECT - 4000x4000/Case 054/Plot04/test47.png,test47.png,DHP - ERECT - 4000x4000,ERECT,Case 054,Plot04,5.44,4.75,1.0,54,1.16,0.53
Simulations/DHP - ERECT - 4000x4000/DHP - ERECT - 4000x4000/Case 054/Plot04/test48.png,test48.png,DHP - ERECT - 4000x4000,ERECT,Case 054,Plot04,5.44,4.75,1.0,54,1.16,0.53
Simulations/DHP - ERECT - 4000x4000/DHP - ERECT - 4000x4000/Case 054/Plot04/test49.png,test49.png,DHP - ERECT - 4000x4000,ERECT,Case 054,Plot04,5.44,4.75,1.0,54,1.16,0.53
Simulations/DHP - ERECT - 4000x4000/DHP - ERECT - 4000x4000/Case 053/Plot04/test40.png,test40.png,DHP - ERECT - 4000x4000,ERECT,Case 053,Plot04,2.0,2.0,1.0,53,0.41,0.34
Simulations/DHP - ERECT - 4000x4000/DHP - ERECT - 4000x4000/Case 053/Plot04/test41.png,test41.png,DHP - ERECT - 4000x4000,ERECT,Case 053,Plot04,2.0,2.0,1.0,53,0.41,0.34
Simulations/DHP - ERECT - 4000x4000/DHP - ERECT - 4000x4000/Case 053/Plot04/test42.png,test42.png,DHP - ERECT - 4000x4000,ERECT,Case 053,Plot04,2.0,2.0,1.0,53,0.41,0.34
Simulations/DHP - ERECT - 4000x4000/DHP - ERECT - 4000x4000/Case 053/Plot04/test43.png,test43.png,DHP - ERECT - 4000x4000,ERECT,Case 053,Plot04,2.0,2.0,1.0,53,0.41,0.34
Simulations/DHP - ERECT - 4000x4000/DHP - ERECT - 4000x4000/Case 053/Plot04/test44.png,test44.png,DHP - ERECT - 4000x4000,ERECT,Case 053,Plot04,2.0,2.0,1.0,53,0.41,0.34
Simulations/DHP - ERECT - 4000x4000/DHP - ERECT - 4000x4000/Case 053/Plot04/test45.png,test45.png,DHP - ERECT - 4000x4000,ERECT,Case 053,Plot04,2.0,2.0,1.0,53,0.41,0.34
Simulations/DHP - ERECT - 4000x4000/DHP - ERECT - 4000x4000/Case 053/Plot04/test46.png,test46.png,DHP - ERECT - 4000x4000,ERECT,Case 053,Plot04,2.0,2.0,1.0,53,0.41,0.34
Simulations/DHP - ERECT - 4000x4000/DHP - ERECT - 4000x4000/Case 053/Plot04/test47.png,test47.png,DHP - ERECT - 4000x4000,ERECT,Case 053,Plot04,2.0,2.0,1.0,53,0.41,0.34
Simulations/DHP - ERECT - 4000x4000/DHP - ERECT - 4000x4000/Case 053/Plot04/test48.png,test48.png,DHP - ERECT - 4000x4000,ERECT,Case 053,Plot04,2.0,2.0,1.0,53,0.41,0.34
Simulations/DHP - ERECT - 4000x4000/DHP - ERECT - 4000x4000/Case 053/Plot04/test49.png,test49.png,DHP - ERECT - 4000x4000,ERECT,Case 053,Plot04,2.0,2.0,1.0,53,0.41,0.34
Simulations/DHP - ERECT - 4000x4000/DHP - ERECT - 4000x4000/Case 052/Plot04/test40.png,test40.png,DHP - ERECT - 4000x4000,ERECT,Case 052,Plot04,3.02,2.9,0.97,52,1.25,0.68
Simulations/DHP - ERECT - 4000x4000/DHP - ERECT - 4000x4000/Case 052/Plot04/test41.png,test41.png,DHP - ERECT - 4000x4000,ERECT,Case 052,Plot04,3.02,2.9,0.97,52,1.25,0.68
Simulations/DHP - ERECT - 4000x4000/DHP - ERECT - 4000x4000/Case 052/Plot04/test42.png,test42.png,DHP - ERECT - 4000x4000,ERECT,Case 052,Plot04,3.02,2.9,0.97,52,1.25,0.68
Simulations/DHP - ERECT - 4000x4000/DHP - ERECT - 4000x4000/Case 052/Plot04/test43.png,test43.png,DHP - ERECT - 4000x4000,ERECT,Case 052,Plot04,3.02,2.9,0.97,52,1.25,0.68
Simulations/DHP - ERECT - 4000x4000/DHP - ERECT - 4000x4000/Case 052/Plot04/test44.png,test44.png,DHP - ERECT - 4000x4000,ERECT,Case 052,Plot04,3.02,2.9,0.97,52,1.25,0.68
Simulations/DHP - ERECT - 4000x4000/DHP - ERECT - 4000x4000/Case 052/Plot04/test45.png,test45.png,DHP - ERECT - 4000x4000,ERECT,Case 052,Plot04,3.02,2.9,0.97,52,1.25,0.68
Simulations/DHP - ERECT - 4000x4000/DHP - ERECT - 4000x4000/Case 052/Plot04/test46.png,test46.png,DHP - ERECT - 4000x4000,ERECT,Case 052,Plot04,3.02,2.9,0.97,52,1.25,0.68
Simulations/DHP - ERECT - 4000x4000/DHP - ERECT - 4000x4000/Case 052/Plot04/test47.png,test47.png,DHP - ERECT - 4000x4000,ERECT,Case 052,Plot04,3.02,2.9,0.97,52,1.25,0.68
Simulations/DHP - ERECT - 4000x4000/DHP - ERECT - 4000x4000/Case 052/Plot04/test48.png,test48.png,DHP - ERECT - 4000x4000,ERECT,Case 052,Plot04,3.02,2.9,0.97,52,1.25,0.68
Simulations/DHP - ERECT - 4000x4000/DHP - ERECT - 4000x4000/Case 052/Plot04/test49.png,test49.png,DHP - ERECT - 4000x4000,ERECT,Case 052,Plot04,3.02,2.9,0.97,52,1.25,0.68
Simulations/DHP - ERECT - 4000x4000/DHP - ERECT - 4000x4000/Case 051/Plot04/test40.png,test40.png,DHP - ERECT - 4000x4000,ERECT,Case 051,Plot04,3.08,2.9,0.96,51,1.53,0.74
Simulations/DHP - ERECT - 4000x4000/DHP - ERECT - 4000x4000/Case 051/Plot04/test41.png,test41.png,DHP - ERECT - 4000x4000,ERECT,Case 051,Plot04,3.08,2.9,0.96,51,1.53,0.74
Simulations/DHP - ERECT - 4000x4000/DHP - ERECT - 4000x4000/Case 051/Plot04/test42.png,test42.png,DHP - ERECT - 4000x4000,ERECT,Case 051,Plot04,3.08,2.9,0.96,51,1.53,0.74
Simulations/DHP - ERECT - 4000x4000/DHP - ERECT - 4000x4000/Case 051/Plot04/test43.png,test43.png,DHP - ERECT - 4000x4000,ERECT,Case 051,Plot04,3.08,2.9,0.96,51,1.53,0.74
Simulations/DHP - ERECT - 4000x4000/DHP - ERECT - 4000x4000/Case 051/Plot04/test44.png,test44.png,DHP - ERECT - 4000x4000,ERECT,Case 051,Plot04,3.08,2.9,0.96,51,1.53,0.74
Simulations/DHP - ERECT - 4000x4000/DHP - ERECT - 4000x4000/Case 051/Plot04/test45.png,test45.png,DHP - ERECT - 4000x4000,ERECT,Case 051,Plot04,3.08,2.9,0.96,51,1.53,0.74
Simulations/DHP - ERECT - 4000x4000/DHP - ERECT - 4000x4000/Case 051/Plot04/test46.png,test46.png,DHP - ERECT - 4000x4000,ERECT,Case 051,Plot04,3.08,2.9,0.96,51,1.53,0.74
Simulations/DHP - ERECT - 4000x4000/DHP - ERECT - 4000x4000/Case 051/Plot04/test47.png,test47.png,DHP - ERECT - 4000x4000,ERECT,Case 051,Plot04,3.08,2.9,0.96,51,1.53,0.74
Simulations/DHP - ERECT - 4000x4000/DHP - ERECT - 4000x4000/Case 051/Plot04/test48.png,test48.png,DHP - ERECT - 4000x4000,ERECT,Case 051,Plot04,3.08,2.9,0.96,51,1.53,0.74
Simulations/DHP - ERECT - 4000x4000/DHP - ERECT - 4000x4000/Case 051/Plot04/test49.png,test49.png,DHP - ERECT - 4000x4000,ERECT,Case 051,Plot04,3.08,2.9,0.96,51,1.53,0.74
Simulations/DHP - ERECT - 4000x4000/DHP - ERECT - 4000x4000/Case 050/Plot04/test40.png,test40.png,DHP - ERECT - 4000x4000,ERECT,Case 050,Plot04,3.2,2.9,0.94,50,1.98,0.883
Simulations/DHP - ERECT - 4000x4000/DHP - ERECT - 4000x4000/Case 050/Plot04/test41.png,test41.png,DHP - ERECT - 4000x4000,ERECT,Case 050,Plot04,3.2,2.9,0.94,50,1.98,0.883
Simulations/DHP - ERECT - 4000x4000/DHP - ERECT - 4000x4000/Case 050/Plot04/test42.png,test42.png,DHP - ERECT - 4000x4000,ERECT,Case 050,Plot04,3.2,2.9,0.94,50,1.98,0.883
Simulations/DHP - ERECT - 4000x4000/DHP - ERECT - 4000x4000/Case 050/Plot04/test43.png,test43.png,DHP - ERECT - 4000x4000,ERECT,Case 050,Plot04,3.2,2.9,0.94,50,1.98,0.883
Simulations/DHP - ERECT - 4000x4000/DHP - ERECT - 4000x4000/Case 050/Plot04/test44.png,test44.png,DHP - ERECT - 4000x4000,ERECT,Case 050,Plot04,3.2,2.9,0.94,50,1.98,0.883
Simulations/DHP - ERECT - 4000x4000/DHP - ERECT - 4000x4000/Case 050/Plot04/test45.png,test45.png,DHP - ERECT - 4000x4000,ERECT,Case 050,Plot04,3.2,2.9,0.94,50,1.98,0.883
Simulations/DHP - ERECT - 4000x4000/DHP - ERECT - 4000x4000/Case 050/Plot04/test46.png,test46.png,DHP - ERECT - 4000x4000,ERECT,Case 050,Plot04,3.2,2.9,0.94,50,1.98,0.883
Simulations/DHP - ERECT - 4000x4000/DHP - ERECT - 4000x4000/Case 050/Plot04/test47.png,test47.png,DHP - ERECT - 4000x4000,ERECT,Case 050,Plot04,3.2,2.9,0.94,50,1.98,0.883
Simulations/DHP - ERECT - 4000x4000/DHP - ERECT - 4000x4000/Case 050/Plot04/test48.png,test48.png,DHP - ERECT - 4000x4000,ERECT,Case 050,Plot04,3.2,2.9,0.94,50,1.98,0.883
Simulations/DHP - ERECT - 4000x4000/DHP - ERECT - 4000x4000/Case 050/Plot04/test49.png,test49.png,DHP - ERECT - 4000x4000,ERECT,Case 050,Plot04,3.2,2.9,0.94,50,1.98,0.883
Simulations/DHP - ERECT - 4000x4000/DHP - ERECT - 4000x4000/Case 049/Plot04/test40.png,test40.png,DHP - ERECT - 4000x4000,ERECT,Case 049,Plot04,3.2,2.9,0.94,49,2.18,0.918
Simulations/DHP - ERECT - 4000x4000/DHP - ERECT - 4000x4000/Case 049/Plot04/test41.png,test41.png,DHP - ERECT - 4000x4000,ERECT,Case 049,Plot04,3.2,2.9,0.94,49,2.18,0.918
Simulations/DHP - ERECT - 4000x4000/DHP - ERECT - 4000x4000/Case 049/Plot04/test42.png,test42.png,DHP - ERECT - 4000x4000,ERECT,Case 049,Plot04,3.2,2.9,0.94,49,2.18,0.918
Simulations/DHP - ERECT - 4000x4000/DHP - ERECT - 4000x4000/Case 049/Plot04/test43.png,test43.png,DHP - ERECT - 4000x4000,ERECT,Case 049,Plot04,3.2,2.9,0.94,49,2.18,0.918
Simulations/DHP - ERECT - 4000x4000/DHP - ERECT - 4000x4000/Case 049/Plot04/test44.png,test44.png,DHP - ERECT - 4000x4000,ERECT,Case 049,Plot04,3.2,2.9,0.94,49,2.18,0.918
Simulations/DHP - ERECT - 4000x4000/DHP - ERECT - 4000x4000/Case 049/Plot04/test45.png,test45.png,DHP - ERECT - 4000x4000,ERECT,Case 049,Plot04,3.2,2.9,0.94,49,2.18,0.918
Simulations/DHP - ERECT - 4000x4000/DHP - ERECT - 4000x4000/Case 049/Plot04/test46.png,test46.png,DHP - ERECT - 4000x4000,ERECT,Case 049,Plot04,3.2,2.9,0.94,49,2.18,0.918
Simulations/DHP - ERECT - 4000x4000/DHP - ERECT - 4000x4000/Case 049/Plot04/test47.png,test47.png,DHP - ERECT - 4000x4000,ERECT,Case 049,Plot04,3.2,2.9,0.94,49,2.18,0.918
Simulations/DHP - ERECT - 4000x4000/DHP - ERECT - 4000x4000/Case 049/Plot04/test48.png,test48.png,DHP - ERECT - 4000x4000,ERECT,Case 049,Plot04,3.2,2.9,0.94,49,2.18,0.918
Simulations/DHP - ERECT - 4000x4000/DHP - ERECT - 4000x4000/Case 049/Plot04/test49.png,test49.png,DHP - ERECT - 4000x4000,ERECT,Case 049,Plot04,3.2,2.9,0.94,49,2.18,0.918
Simulations/DHP - ERECT - 4000x4000/DHP - ERECT - 4000x4000/Case 048/Plot04/test40.png,test40.png,DHP - ERECT - 4000x4000,ERECT,Case 048,Plot04,3.0,3.0,1.0,48,2.237,0.969
Simulations/DHP - ERECT - 4000x4000/DHP - ERECT - 4000x4000/Case 048/Plot04/test41.png,test41.png,DHP - ERECT - 4000x4000,ERECT,Case 048,Plot04,3.0,3.0,1.0,48,2.237,0.969
Simulations/DHP - ERECT - 4000x4000/DHP - ERECT - 4000x4000/Case 048/Plot04/test42.png,test42.png,DHP - ERECT - 4000x4000,ERECT,Case 048,Plot04,3.0,3.0,1.0,48,2.237,0.969
Simulations/DHP - ERECT - 4000x4000/DHP - ERECT - 4000x4000/Case 048/Plot04/test43.png,test43.png,DHP - ERECT - 4000x4000,ERECT,Case 048,Plot04,3.0,3.0,1.0,48,2.237,0.969
Simulations/DHP - ERECT - 4000x4000/DHP - ERECT - 4000x4000/Case 048/Plot04/test44.png,test44.png,DHP - ERECT - 4000x4000,ERECT,Case 048,Plot04,3.0,3.0,1.0,48,2.237,0.969
Simulations/DHP - ERECT - 4000x4000/DHP - ERECT - 4000x4000/Case 048/Plot04/test45.png,test45.png,DHP - ERECT - 4000x4000,ERECT,Case 048,Plot04,3.0,3.0,1.0,48,2.237,0.969
Simulations/DHP - ERECT - 4000x4000/DHP - ERECT - 4000x4000/Case 048/Plot04/test46.png,test46.png,DHP - ERECT - 4000x4000,ERECT,Case 048,Plot04,3.0,3.0,1.0,48,2.237,0.969
Simulations/DHP - ERECT - 4000x4000/DHP - ERECT - 4000x4000/Case 048/Plot04/test47.png,test47.png,DHP - ERECT - 4000x4000,ERECT,Case 048,Plot04,3.0,3.0,1.0,48,2.237,0.969
Simulations/DHP - ERECT - 4000x4000/DHP - ERECT - 4000x4000/Case 048/Plot04/test48.png,test48.png,DHP - ERECT - 4000x4000,ERECT,Case 048,Plot04,3.0,3.0,1.0,48,2.237,0.969
Simulations/DHP - ERECT - 4000x4000/DHP - ERECT - 4000x4000/Case 048/Plot04/test49.png,test49.png,DHP - ERECT - 4000x4000,ERECT,Case 048,Plot04,3.0,3.0,1.0,48,2.237,0.969
Simulations/DHP - ERECT - 4000x4000/DHP - ERECT - 4000x4000/Case 047/Plot04/test40.png,test40.png,DHP - ERECT - 4000x4000,ERECT,Case 047,Plot04,3.0,3.0,1.0,47,1.9,0.899
Simulations/DHP - ERECT - 4000x4000/DHP - ERECT - 4000x4000/Case 047/Plot04/test41.png,test41.png,DHP - ERECT - 4000x4000,ERECT,Case 047,Plot04,3.0,3.0,1.0,47,1.9,0.899
Simulations/DHP - ERECT - 4000x4000/DHP - ERECT - 4000x4000/Case 047/Plot04/test42.png,test42.png,DHP - ERECT - 4000x4000,ERECT,Case 047,Plot04,3.0,3.0,1.0,47,1.9,0.899
Simulations/DHP - ERECT - 4000x4000/DHP - ERECT - 4000x4000/Case 047/Plot04/test43.png,test43.png,DHP - ERECT - 4000x4000,ERECT,Case 047,Plot04,3.0,3.0,1.0,47,1.9,0.899
Simulations/DHP - ERECT - 4000x4000/DHP - ERECT - 4000x4000/Case 047/Plot04/test44.png,test44.png,DHP - ERECT - 4000x4000,ERECT,Case 047,Plot04,3.0,3.0,1.0,47,1.9,0.899
Simulations/DHP - ERECT - 4000x4000/DHP - ERECT - 4000x4000/Case 047/Plot04/test45.png,test45.png,DHP - ERECT - 4000x4000,ERECT,Case 047,Plot04,3.0,3.0,1.0,47,1.9,0.899
Simulations/DHP - ERECT - 4000x4000/DHP - ERECT - 4000x4000/Case 047/Plot04/test46.png,test46.png,DHP - ERECT - 4000x4000,ERECT,Case 047,Plot04,3.0,3.0,1.0,47,1.9,0.899
Simulations/DHP - ERECT - 4000x4000/DHP - ERECT - 4000x4000/Case 047/Plot04/test47.png,test47.png,DHP - ERECT - 4000x4000,ERECT,Case 047,Plot04,3.0,3.0,1.0,47,1.9,0.899
Simulations/DHP - ERECT - 4000x4000/DHP - ERECT - 4000x4000/Case 047/Plot04/test48.png,test48.png,DHP - ERECT - 4000x4000,ERECT,Case 047,Plot04,3.0,3.0,1.0,47,1.9,0.899
Simulations/DHP - ERECT - 4000x4000/DHP - ERECT - 4000x4000/Case 047/Plot04/test49.png,test49.png,DHP - ERECT - 4000x4000,ERECT,Case 047,Plot04,3.0,3.0,1.0,47,1.9,0.899
Simulations/DHP - ERECT - 4000x4000/DHP - ERECT - 4000x4000/Case 046/Plot04/test40.png,test40.png,DHP - ERECT - 4000x4000,ERECT,Case 046,Plot04,4.9350000000000005,4.5,0.94,46,1.79,0.59
Simulations/DHP - ERECT - 4000x4000/DHP - ERECT - 4000x4000/Case 046/Plot04/test41.png,test41.png,DHP - ERECT - 4000x4000,ERECT,Case 046,Plot04,4.9350000000000005,4.5,0.94,46,1.79,0.59
Simulations/DHP - ERECT - 4000x4000/DHP - ERECT - 4000x4000/Case 046/Plot04/test42.png,test42.png,DHP - ERECT - 4000x4000,ERECT,Case 046,Plot04,4.9350000000000005,4.5,0.94,46,1.79,0.59
Simulations/DHP - ERECT - 4000x4000/DHP - ERECT - 4000x4000/Case 046/Plot04/test43.png,test43.png,DHP - ERECT - 4000x4000,ERECT,Case 046,Plot04,4.9350000000000005,4.5,0.94,46,1.79,0.59
Simulations/DHP - ERECT - 4000x4000/DHP - ERECT - 4000x4000/Case 046/Plot04/test44.png,test44.png,DHP - ERECT - 4000x4000,ERECT,Case 046,Plot04,4.9350000000000005,4.5,0.94,46,1.79,0.59
Simulations/DHP - ERECT - 4000x4000/DHP - ERECT - 4000x4000/Case 046/Plot04/test45.png,test45.png,DHP - ERECT - 4000x4000,ERECT,Case 046,Plot04,4.9350000000000005,4.5,0.94,46,1.79,0.59
Simulations/DHP - ERECT - 4000x4000/DHP - ERECT - 4000x4000/Case 046/Plot04/test46.png,test46.png,DHP - ERECT - 4000x4000,ERECT,Case 046,Plot04,4.9350000000000005,4.5,0.94,46,1.79,0.59
Simulations/DHP - ERECT - 4000x4000/DHP - ERECT - 4000x4000/Case 046/Plot04/test47.png,test47.png,DHP - ERECT - 4000x4000,ERECT,Case 046,Plot04,4.9350000000000005,4.5,0.94,46,1.79,0.59
Simulations/DHP - ERECT - 4000x4000/DHP - ERECT - 4000x4000/Case 046/Plot04/test48.png,test48.png,DHP - ERECT - 4000x4000,ERECT,Case 046,Plot04,4.9350000000000005,4.5,0.94,46,1.79,0.59
Simulations/DHP - ERECT - 4000x4000/DHP - ERECT - 4000x4000/Case 046/Plot04/test49.png,test49.png,DHP - ERECT - 4000x4000,ERECT,Case 046,Plot04,4.9350000000000005,4.5,0.94,46,1.79,0.59
Simulations/DHP - ERECT - 4000x4000/DHP - ERECT - 4000x4000/Case 045/Plot04/test40.png,test40.png,DHP - ERECT - 4000x4000,ERECT,Case 045,Plot04,4.79,4.5,1.0,45,1.37,0.47
Simulations/DHP - ERECT - 4000x4000/DHP - ERECT - 4000x4000/Case 045/Plot04/test41.png,test41.png,DHP - ERECT - 4000x4000,ERECT,Case 045,Plot04,4.79,4.5,1.0,45,1.37,0.47
Simulations/DHP - ERECT - 4000x4000/DHP - ERECT - 4000x4000/Case 045/Plot04/test42.png,test42.png,DHP - ERECT - 4000x4000,ERECT,Case 045,Plot04,4.79,4.5,1.0,45,1.37,0.47
Simulations/DHP - ERECT - 4000x4000/DHP - ERECT - 4000x4000/Case 045/Plot04/test43.png,test43.png,DHP - ERECT - 4000x4000,ERECT,Case 045,Plot04,4.79,4.5,1.0,45,1.37,0.47
Simulations/DHP - ERECT - 4000x4000/DHP - ERECT - 4000x4000/Case 045/Plot04/test44.png,test44.png,DHP - ERECT - 4000x4000,ERECT,Case 045,Plot04,4.79,4.5,1.0,45,1.37,0.47
Simulations/DHP - ERECT - 4000x4000/DHP - ERECT - 4000x4000/Case 045/Plot04/test45.png,test45.png,DHP - ERECT - 4000x4000,ERECT,Case 045,Plot04,4.79,4.5,1.0,45,1.37,0.47
Simulations/DHP - ERECT - 4000x4000/DHP - ERECT - 4000x4000/Case 045/Plot04/test46.png,test46.png,DHP - ERECT - 4000x4000,ERECT,Case 045,Plot04,4.79,4.5,1.0,45,1.37,0.47
Simulations/DHP - ERECT - 4000x4000/DHP - ERECT - 4000x4000/Case 045/Plot04/test47.png,test47.png,DHP - ERECT - 4000x4000,ERECT,Case 045,Plot04,4.79,4.5,1.0,45,1.37,0.47
Simulations/DHP - ERECT - 4000x4000/DHP - ERECT - 4000x4000/Case 045/Plot04/test48.png,test48.png,DHP - ERECT - 4000x4000,ERECT,Case 045,Plot04,4.79,4.5,1.0,45,1.37,0.47
Simulations/DHP - ERECT - 4000x4000/DHP - ERECT - 4000x4000/Case 045/Plot04/test49.png,test49.png,DHP - ERECT - 4000x4000,ERECT,Case 045,Plot04,4.79,4.5,1.0,45,1.37,0.47
Simulations/DHP - ERECT - 4000x4000/DHP - ERECT - 4000x4000/Case 044/Plot04/test40.png,test40.png,DHP - ERECT - 4000x4000,ERECT,Case 044,Plot04,4.79,4.5,1.0,44,0.62,0.34
Simulations/DHP - ERECT - 4000x4000/DHP - ERECT - 4000x4000/Case 044/Plot04/test41.png,test41.png,DHP - ERECT - 4000x4000,ERECT,Case 044,Plot04,4.79,4.5,1.0,44,0.62,0.34
Simulations/DHP - ERECT - 4000x4000/DHP - ERECT - 4000x4000/Case 044/Plot04/test42.png,test42.png,DHP - ERECT - 4000x4000,ERECT,Case 044,Plot04,4.79,4.5,1.0,44,0.62,0.34
Simulations/DHP - ERECT - 4000x4000/DHP - ERECT - 4000x4000/Case 044/Plot04/test43.png,test43.png,DHP - ERECT - 4000x4000,ERECT,Case 044,Plot04,4.79,4.5,1.0,44,0.62,0.34
Simulations/DHP - ERECT - 4000x4000/DHP - ERECT - 4000x4000/Case 044/Plot04/test44.png,test44.png,DHP - ERECT - 4000x4000,ERECT,Case 044,Plot04,4.79,4.5,1.0,44,0.62,0.34
Simulations/DHP - ERECT - 4000x4000/DHP - ERECT - 4000x4000/Case 044/Plot04/test45.png,test45.png,DHP - ERECT - 4000x4000,ERECT,Case 044,Plot04,4.79,4.5,1.0,44,0.62,0.34
Simulations/DHP - ERECT - 4000x4000/DHP - ERECT - 4000x4000/Case 044/Plot04/test46.png,test46.png,DHP - ERECT - 4000x4000,ERECT,Case 044,Plot04,4.79,4.5,1.0,44,0.62,0.34
Simulations/DHP - ERECT - 4000x4000/DHP - ERECT - 4000x4000/Case 044/Plot04/test47.png,test47.png,DHP - ERECT - 4000x4000,ERECT,Case 044,Plot04,4.79,4.5,1.0,44,0.62,0.34
Simulations/DHP - ERECT - 4000x4000/DHP - ERECT - 4000x4000/Case 044/Plot04/test48.png,test48.png,DHP - ERECT - 4000x4000,ERECT,Case 044,Plot04,4.79,4.5,1.0,44,0.62,0.34
Simulations/DHP - ERECT - 4000x4000/DHP - ERECT - 4000x4000/Case 044/Plot04/test49.png,test49.png,DHP - ERECT - 4000x4000,ERECT,Case 044,Plot04,4.79,4.5,1.0,44,0.62,0.34
Simulations/DHP - ERECT - 4000x4000/DHP - ERECT - 4000x4000/Case 043/Plot04/test40.png,test40.png,DHP - ERECT - 4000x4000,ERECT,Case 043,Plot04,5.32,4.75,1.0,43,1.17,0.53
Simulations/DHP - ERECT - 4000x4000/DHP - ERECT - 4000x4000/Case 043/Plot04/test41.png,test41.png,DHP - ERECT - 4000x4000,ERECT,Case 043,Plot04,5.32,4.75,1.0,43,1.17,0.53
Simulations/DHP - ERECT - 4000x4000/DHP - ERECT - 4000x4000/Case 043/Plot04/test42.png,test42.png,DHP - ERECT - 4000x4000,ERECT,Case 043,Plot04,5.32,4.75,1.0,43,1.17,0.53
Simulations/DHP - ERECT - 4000x4000/DHP - ERECT - 4000x4000/Case 043/Plot04/test43.png,test43.png,DHP - ERECT - 4000x4000,ERECT,Case 043,Plot04,5.32,4.75,1.0,43,1.17,0.53
Simulations/DHP - ERECT - 4000x4000/DHP - ERECT - 4000x4000/Case 043/Plot04/test44.png,test44.png,DHP - ERECT - 4000x4000,ERECT,Case 043,Plot04,5.32,4.75,1.0,43,1.17,0.53
Simulations/DHP - ERECT - 4000x4000/DHP - ERECT - 4000x4000/Case 043/Plot04/test45.png,test45.png,DHP - ERECT - 4000x4000,ERECT,Case 043,Plot04,5.32,4.75,1.0,43,1.17,0.53
Simulations/DHP - ERECT - 4000x4000/DHP - ERECT - 4000x4000/Case 043/Plot04/test46.png,test46.png,DHP - ERECT - 4000x4000,ERECT,Case 043,Plot04,5.32,4.75,1.0,43,1.17,0.53
Simulations/DHP - ERECT - 4000x4000/DHP - ERECT - 4000x4000/Case 043/Plot04/test47.png,test47.png,DHP - ERECT - 4000x4000,ERECT,Case 043,Plot04,5.32,4.75,1.0,43,1.17,0.53
Simulations/DHP - ERECT - 4000x4000/DHP - ERECT - 4000x4000/Case 043/Plot04/test48.png,test48.png,DHP - ERECT - 4000x4000,ERECT,Case 043,Plot04,5.32,4.75,1.0,43,1.17,0.53
Simulations/DHP - ERECT - 4000x4000/DHP - ERECT - 4000x4000/Case 043/Plot04/test49.png,test49.png,DHP - ERECT - 4000x4000,ERECT,Case 043,Plot04,5.32,4.75,1.0,43,1.17,0.53
Simulations/DHP - ERECT - 4000x4000/DHP - ERECT - 4000x4000/Case 042/Plot04/test40.png,test40.png,DHP - ERECT - 4000x4000,ERECT,Case 042,Plot04,4.51,4.0,0.93,42,0.61,0.36
Simulations/DHP - ERECT - 4000x4000/DHP - ERECT - 4000x4000/Case 042/Plot04/test41.png,test41.png,DHP - ERECT - 4000x4000,ERECT,Case 042,Plot04,4.51,4.0,0.93,42,0.61,0.36
Simulations/DHP - ERECT - 4000x4000/DHP - ERECT - 4000x4000/Case 042/Plot04/test42.png,test42.png,DHP - ERECT - 4000x4000,ERECT,Case 042,Plot04,4.51,4.0,0.93,42,0.61,0.36
Simulations/DHP - ERECT - 4000x4000/DHP - ERECT - 4000x4000/Case 042/Plot04/test43.png,test43.png,DHP - ERECT - 4000x4000,ERECT,Case 042,Plot04,4.51,4.0,0.93,42,0.61,0.36
Simulations/DHP - ERECT - 4000x4000/DHP - ERECT - 4000x4000/Case 042/Plot04/test44.png,test44.png,DHP - ERECT - 4000x4000,ERECT,Case 042,Plot04,4.51,4.0,0.93,42,0.61,0.36
Simulations/DHP - ERECT - 4000x4000/DHP - ERECT - 4000x4000/Case 042/Plot04/test45.png,test45.png,DHP - ERECT - 4000x4000,ERECT,Case 042,Plot04,4.51,4.0,0.93,42,0.61,0.36
Simulations/DHP - ERECT - 4000x4000/DHP - ERECT - 4000x4000/Case 042/Plot04/test46.png,test46.png,DHP - ERECT - 4000x4000,ERECT,Case 042,Plot04,4.51,4.0,0.93,42,0.61,0.36
Simulations/DHP - ERECT - 4000x4000/DHP - ERECT - 4000x4000/Case 042/Plot04/test47.png,test47.png,DHP - ERECT - 4000x4000,ERECT,Case 042,Plot04,4.51,4.0,0.93,42,0.61,0.36
Simulations/DHP - ERECT - 4000x4000/DHP - ERECT - 4000x4000/Case 042/Plot04/test48.png,test48.png,DHP - ERECT - 4000x4000,ERECT,Case 042,Plot04,4.51,4.0,0.93,42,0.61,0.36
Simulations/DHP - ERECT - 4000x4000/DHP - ERECT - 4000x4000/Case 042/Plot04/test49.png,test49.png,DHP - ERECT - 4000x4000,ERECT,Case 042,Plot04,4.51,4.0,0.93,42,0.61,0.36
Simulations/DHP - ERECT - 4000x4000/DHP - ERECT - 4000x4000/Case 041/Plot04/test40.png,test40.png,DHP - ERECT - 4000x4000,ERECT,Case 041,Plot04,6.0,6.0,1.0,41,4.385,0.982
Simulations/DHP - ERECT - 4000x4000/DHP - ERECT - 4000x4000/Case 041/Plot04/test41.png,test41.png,DHP - ERECT - 4000x4000,ERECT,Case 041,Plot04,6.0,6.0,1.0,41,4.385,0.982
Simulations/DHP - ERECT - 4000x4000/DHP - ERECT - 4000x4000/Case 041/Plot04/test42.png,test42.png,DHP - ERECT - 4000x4000,ERECT,Case 041,Plot04,6.0,6.0,1.0,41,4.385,0.982
Simulations/DHP - ERECT - 4000x4000/DHP - ERECT - 4000x4000/Case 041/Plot04/test43.png,test43.png,DHP - ERECT - 4000x4000,ERECT,Case 041,Plot04,6.0,6.0,1.0,41,4.385,0.982
Simulations/DHP - ERECT - 4000x4000/DHP - ERECT - 4000x4000/Case 041/Plot04/test44.png,test44.png,DHP - ERECT - 4000x4000,ERECT,Case 041,Plot04,6.0,6.0,1.0,41,4.385,0.982
Simulations/DHP - ERECT - 4000x4000/DHP - ERECT - 4000x4000/Case 041/Plot04/test45.png,test45.png,DHP - ERECT - 4000x4000,ERECT,Case 041,Plot04,6.0,6.0,1.0,41,4.385,0.982
Simulations/DHP - ERECT - 4000x4000/DHP - ERECT - 4000x4000/Case 041/Plot04/test46.png,test46.png,DHP - ERECT - 4000x4000,ERECT,Case 041,Plot04,6.0,6.0,1.0,41,4.385,0.982
Simulations/DHP - ERECT - 4000x4000/DHP - ERECT - 4000x4000/Case 041/Plot04/test47.png,test47.png,DHP - ERECT - 4000x4000,ERECT,Case 041,Plot04,6.0,6.0,1.0,41,4.385,0.982
Simulations/DHP - ERECT - 4000x4000/DHP - ERECT - 4000x4000/Case 041/Plot04/test48.png,test48.png,DHP - ERECT - 4000x4000,ERECT,Case 041,Plot04,6.0,6.0,1.0,41,4.385,0.982
Simulations/DHP - ERECT - 4000x4000/DHP - ERECT - 4000x4000/Case 041/Plot04/test49.png,test49.png,DHP - ERECT - 4000x4000,ERECT,Case 041,Plot04,6.0,6.0,1.0,41,4.385,0.982
Simulations/DHP - ERECT - 4000x4000/DHP - ERECT - 4000x4000/Case 040/Plot04/test40.png,test40.png,DHP - ERECT - 4000x4000,ERECT,Case 040,Plot04,5.0,5.0,1.0,40,3.619,0.985
Simulations/DHP - ERECT - 4000x4000/DHP - ERECT - 4000x4000/Case 040/Plot04/test41.png,test41.png,DHP - ERECT - 4000x4000,ERECT,Case 040,Plot04,5.0,5.0,1.0,40,3.619,0.985
Simulations/DHP - ERECT - 4000x4000/DHP - ERECT - 4000x4000/Case 040/Plot04/test42.png,test42.png,DHP - ERECT - 4000x4000,ERECT,Case 040,Plot04,5.0,5.0,1.0,40,3.619,0.985
Simulations/DHP - ERECT - 4000x4000/DHP - ERECT - 4000x4000/Case 040/Plot04/test43.png,test43.png,DHP - ERECT - 4000x4000,ERECT,Case 040,Plot04,5.0,5.0,1.0,40,3.619,0.985
Simulations/DHP - ERECT - 4000x4000/DHP - ERECT - 4000x4000/Case 040/Plot04/test44.png,test44.png,DHP - ERECT - 4000x4000,ERECT,Case 040,Plot04,5.0,5.0,1.0,40,3.619,0.985
Simulations/DHP - ERECT - 4000x4000/DHP - ERECT - 4000x4000/Case 040/Plot04/test45.png,test45.png,DHP - ERECT - 4000x4000,ERECT,Case 040,Plot04,5.0,5.0,1.0,40,3.619,0.985
Simulations/DHP - ERECT - 4000x4000/DHP - ERECT - 4000x4000/Case 040/Plot04/test46.png,test46.png,DHP - ERECT - 4000x4000,ERECT,Case 040,Plot04,5.0,5.0,1.0,40,3.619,0.985
Simulations/DHP - ERECT - 4000x4000/DHP - ERECT - 4000x4000/Case 040/Plot04/test47.png,test47.png,DHP - ERECT - 4000x4000,ERECT,Case 040,Plot04,5.0,5.0,1.0,40,3.619,0.985
Simulations/DHP - ERECT - 4000x4000/DHP - ERECT - 4000x4000/Case 040/Plot04/test48.png,test48.png,DHP - ERECT - 4000x4000,ERECT,Case 040,Plot04,5.0,5.0,1.0,40,3.619,0.985
Simulations/DHP - ERECT - 4000x4000/DHP - ERECT - 4000x4000/Case 040/Plot04/test49.png,test49.png,DHP - ERECT - 4000x4000,ERECT,Case 040,Plot04,5.0,5.0,1.0,40,3.619,0.985
Simulations/DHP - ERECT - 4000x4000/DHP - ERECT - 4000x4000/Case 039/Plot04/test40.png,test40.png,DHP - ERECT - 4000x4000,ERECT,Case 039,Plot04,4.0,4.0,1.0,39,2.925,0.985
Simulations/DHP - ERECT - 4000x4000/DHP - ERECT - 4000x4000/Case 039/Plot04/test41.png,test41.png,DHP - ERECT - 4000x4000,ERECT,Case 039,Plot04,4.0,4.0,1.0,39,2.925,0.985
Simulations/DHP - ERECT - 4000x4000/DHP - ERECT - 4000x4000/Case 039/Plot04/test42.png,test42.png,DHP - ERECT - 4000x4000,ERECT,Case 039,Plot04,4.0,4.0,1.0,39,2.925,0.985
Simulations/DHP - ERECT - 4000x4000/DHP - ERECT - 4000x4000/Case 039/Plot04/test43.png,test43.png,DHP - ERECT - 4000x4000,ERECT,Case 039,Plot04,4.0,4.0,1.0,39,2.925,0.985
Simulations/DHP - ERECT - 4000x4000/DHP - ERECT - 4000x4000/Case 039/Plot04/test44.png,test44.png,DHP - ERECT - 4000x4000,ERECT,Case 039,Plot04,4.0,4.0,1.0,39,2.925,0.985
Simulations/DHP - ERECT - 4000x4000/DHP - ERECT - 4000x4000/Case 039/Plot04/test45.png,test45.png,DHP - ERECT - 4000x4000,ERECT,Case 039,Plot04,4.0,4.0,1.0,39,2.925,0.985
Simulations/DHP - ERECT - 4000x4000/DHP - ERECT - 4000x4000/Case 039/Plot04/test46.png,test46.png,DHP - ERECT - 4000x4000,ERECT,Case 039,Plot04,4.0,4.0,1.0,39,2.925,0.985
Simulations/DHP - ERECT - 4000x4000/DHP - ERECT - 4000x4000/Case 039/Plot04/test47.png,test47.png,DHP - ERECT - 4000x4000,ERECT,Case 039,Plot04,4.0,4.0,1.0,39,2.925,0.985
Simulations/DHP - ERECT - 4000x4000/DHP - ERECT - 4000x4000/Case 039/Plot04/test48.png,test48.png,DHP - ERECT - 4000x4000,ERECT,Case 039,Plot04,4.0,4.0,1.0,39,2.925,0.985
Simulations/DHP - ERECT - 4000x4000/DHP - ERECT - 4000x4000/Case 039/Plot04/test49.png,test49.png,DHP - ERECT - 4000x4000,ERECT,Case 039,Plot04,4.0,4.0,1.0,39,2.925,0.985
Simulations/DHP - ERECT - 4000x4000/DHP - ERECT - 4000x4000/Case 038/Plot04/test40.png,test40.png,DHP - ERECT - 4000x4000,ERECT,Case 038,Plot04,2.4050000000000002,2.15,0.93,38,0.35,0.44
Simulations/DHP - ERECT - 4000x4000/DHP - ERECT - 4000x4000/Case 038/Plot04/test41.png,test41.png,DHP - ERECT - 4000x4000,ERECT,Case 038,Plot04,2.4050000000000002,2.15,0.93,38,0.35,0.44
Simulations/DHP - ERECT - 4000x4000/DHP - ERECT - 4000x4000/Case 038/Plot04/test42.png,test42.png,DHP - ERECT - 4000x4000,ERECT,Case 038,Plot04,2.4050000000000002,2.15,0.93,38,0.35,0.44
Simulations/DHP - ERECT - 4000x4000/DHP - ERECT - 4000x4000/Case 038/Plot04/test43.png,test43.png,DHP - ERECT - 4000x4000,ERECT,Case 038,Plot04,2.4050000000000002,2.15,0.93,38,0.35,0.44
Simulations/DHP - ERECT - 4000x4000/DHP - ERECT - 4000x4000/Case 038/Plot04/test44.png,test44.png,DHP - ERECT - 4000x4000,ERECT,Case 038,Plot04,2.4050000000000002,2.15,0.93,38,0.35,0.44
Simulations/DHP - ERECT - 4000x4000/DHP - ERECT - 4000x4000/Case 038/Plot04/test45.png,test45.png,DHP - ERECT - 4000x4000,ERECT,Case 038,Plot04,2.4050000000000002,2.15,0.93,38,0.35,0.44
Simulations/DHP - ERECT - 4000x4000/DHP - ERECT - 4000x4000/Case 038/Plot04/test46.png,test46.png,DHP - ERECT - 4000x4000,ERECT,Case 038,Plot04,2.4050000000000002,2.15,0.93,38,0.35,0.44
Simulations/DHP - ERECT - 4000x4000/DHP - ERECT - 4000x4000/Case 038/Plot04/test47.png,test47.png,DHP - ERECT - 4000x4000,ERECT,Case 038,Plot04,2.4050000000000002,2.15,0.93,38,0.35,0.44
Simulations/DHP - ERECT - 4000x4000/DHP - ERECT - 4000x4000/Case 038/Plot04/test48.png,test48.png,DHP - ERECT - 4000x4000,ERECT,Case 038,Plot04,2.4050000000000002,2.15,0.93,38,0.35,0.44
Simulations/DHP - ERECT - 4000x4000/DHP - ERECT - 4000x4000/Case 038/Plot04/test49.png,test49.png,DHP - ERECT - 4000x4000,ERECT,Case 038,Plot04,2.4050000000000002,2.15,0.93,38,0.35,0.44
Simulations/DHP - ERECT - 4000x4000/DHP - ERECT - 4000x4000/Case 037/Plot04/test40.png,test40.png,DHP - ERECT - 4000x4000,ERECT,Case 037,Plot04,3.93,3.0,0.85,37,2.26,0.834
Simulations/DHP - ERECT - 4000x4000/DHP - ERECT - 4000x4000/Case 037/Plot04/test41.png,test41.png,DHP - ERECT - 4000x4000,ERECT,Case 037,Plot04,3.93,3.0,0.85,37,2.26,0.834
Simulations/DHP - ERECT - 4000x4000/DHP - ERECT - 4000x4000/Case 037/Plot04/test42.png,test42.png,DHP - ERECT - 4000x4000,ERECT,Case 037,Plot04,3.93,3.0,0.85,37,2.26,0.834
Simulations/DHP - ERECT - 4000x4000/DHP - ERECT - 4000x4000/Case 037/Plot04/test43.png,test43.png,DHP - ERECT - 4000x4000,ERECT,Case 037,Plot04,3.93,3.0,0.85,37,2.26,0.834
Simulations/DHP - ERECT - 4000x4000/DHP - ERECT - 4000x4000/Case 037/Plot04/test44.png,test44.png,DHP - ERECT - 4000x4000,ERECT,Case 037,Plot04,3.93,3.0,0.85,37,2.26,0.834
Simulations/DHP - ERECT - 4000x4000/DHP - ERECT - 4000x4000/Case 037/Plot04/test45.png,test45.png,DHP - ERECT - 4000x4000,ERECT,Case 037,Plot04,3.93,3.0,0.85,37,2.26,0.834
Simulations/DHP - ERECT - 4000x4000/DHP - ERECT - 4000x4000/Case 037/Plot04/test46.png,test46.png,DHP - ERECT - 4000x4000,ERECT,Case 037,Plot04,3.93,3.0,0.85,37,2.26,0.834
Simulations/DHP - ERECT - 4000x4000/DHP - ERECT - 4000x4000/Case 037/Plot04/test47.png,test47.png,DHP - ERECT - 4000x4000,ERECT,Case 037,Plot04,3.93,3.0,0.85,37,2.26,0.834
Simulations/DHP - ERECT - 4000x4000/DHP - ERECT - 4000x4000/Case 037/Plot04/test48.png,test48.png,DHP - ERECT - 4000x4000,ERECT,Case 037,Plot04,3.93,3.0,0.85,37,2.26,0.834
Simulations/DHP - ERECT - 4000x4000/DHP - ERECT - 4000x4000/Case 037/Plot04/test49.png,test49.png,DHP - ERECT - 4000x4000,ERECT,Case 037,Plot04,3.93,3.0,0.85,37,2.26,0.834
Simulations/DHP - ERECT - 4000x4000/DHP - ERECT - 4000x4000/Case 036/Plot04/test40.png,test40.png,DHP - ERECT - 4000x4000,ERECT,Case 036,Plot04,3.135,3.0,0.97,36,1.96,0.927
Simulations/DHP - ERECT - 4000x4000/DHP - ERECT - 4000x4000/Case 036/Plot04/test41.png,test41.png,DHP - ERECT - 4000x4000,ERECT,Case 036,Plot04,3.135,3.0,0.97,36,1.96,0.927
Simulations/DHP - ERECT - 4000x4000/DHP - ERECT - 4000x4000/Case 036/Plot04/test42.png,test42.png,DHP - ERECT - 4000x4000,ERECT,Case 036,Plot04,3.135,3.0,0.97,36,1.96,0.927
Simulations/DHP - ERECT - 4000x4000/DHP - ERECT - 4000x4000/Case 036/Plot04/test43.png,test43.png,DHP - ERECT - 4000x4000,ERECT,Case 036,Plot04,3.135,3.0,0.97,36,1.96,0.927
Simulations/DHP - ERECT - 4000x4000/DHP - ERECT - 4000x4000/Case 036/Plot04/test44.png,test44.png,DHP - ERECT - 4000x4000,ERECT,Case 036,Plot04,3.135,3.0,0.97,36,1.96,0.927
Simulations/DHP - ERECT - 4000x4000/DHP - ERECT - 4000x4000/Case 036/Plot04/test45.png,test45.png,DHP - ERECT - 4000x4000,ERECT,Case 036,Plot04,3.135,3.0,0.97,36,1.96,0.927
Simulations/DHP - ERECT - 4000x4000/DHP - ERECT - 4000x4000/Case 036/Plot04/test46.png,test46.png,DHP - ERECT - 4000x4000,ERECT,Case 036,Plot04,3.135,3.0,0.97,36,1.96,0.927
Simulations/DHP - ERECT - 4000x4000/DHP - ERECT - 4000x4000/Case 036/Plot04/test47.png,test47.png,DHP - ERECT - 4000x4000,ERECT,Case 036,Plot04,3.135,3.0,0.97,36,1.96,0.927
Simulations/DHP - ERECT - 4000x4000/DHP - ERECT - 4000x4000/Case 036/Plot04/test48.png,test48.png,DHP - ERECT - 4000x4000,ERECT,Case 036,Plot04,3.135,3.0,0.97,36,1.96,0.927
Simulations/DHP - ERECT - 4000x4000/DHP - ERECT - 4000x4000/Case 036/Plot04/test49.png,test49.png,DHP - ERECT - 4000x4000,ERECT,Case 036,Plot04,3.135,3.0,0.97,36,1.96,0.927
Simulations/DHP - ERECT - 4000x4000/DHP - ERECT - 4000x4000/Case 035/Plot04/test40.png,test40.png,DHP - ERECT - 4000x4000,ERECT,Case 035,Plot04,6.51,6.0,0.95,35,0.62,0.33
Simulations/DHP - ERECT - 4000x4000/DHP - ERECT - 4000x4000/Case 035/Plot04/test41.png,test41.png,DHP - ERECT - 4000x4000,ERECT,Case 035,Plot04,6.51,6.0,0.95,35,0.62,0.33
Simulations/DHP - ERECT - 4000x4000/DHP - ERECT - 4000x4000/Case 035/Plot04/test42.png,test42.png,DHP - ERECT - 4000x4000,ERECT,Case 035,Plot04,6.51,6.0,0.95,35,0.62,0.33
Simulations/DHP - ERECT - 4000x4000/DHP - ERECT - 4000x4000/Case 035/Plot04/test43.png,test43.png,DHP - ERECT - 4000x4000,ERECT,Case 035,Plot04,6.51,6.0,0.95,35,0.62,0.33
Simulations/DHP - ERECT - 4000x4000/DHP - ERECT - 4000x4000/Case 035/Plot04/test44.png,test44.png,DHP - ERECT - 4000x4000,ERECT,Case 035,Plot04,6.51,6.0,0.95,35,0.62,0.33
Simulations/DHP - ERECT - 4000x4000/DHP - ERECT - 4000x4000/Case 035/Plot04/test45.png,test45.png,DHP - ERECT - 4000x4000,ERECT,Case 035,Plot04,6.51,6.0,0.95,35,0.62,0.33
Simulations/DHP - ERECT - 4000x4000/DHP - ERECT - 4000x4000/Case 035/Plot04/test46.png,test46.png,DHP - ERECT - 4000x4000,ERECT,Case 035,Plot04,6.51,6.0,0.95,35,0.62,0.33
Simulations/DHP - ERECT - 4000x4000/DHP - ERECT - 4000x4000/Case 035/Plot04/test47.png,test47.png,DHP - ERECT - 4000x4000,ERECT,Case 035,Plot04,6.51,6.0,0.95,35,0.62,0.33
Simulations/DHP - ERECT - 4000x4000/DHP - ERECT - 4000x4000/Case 035/Plot04/test48.png,test48.png,DHP - ERECT - 4000x4000,ERECT,Case 035,Plot04,6.51,6.0,0.95,35,0.62,0.33
Simulations/DHP - ERECT - 4000x4000/DHP - ERECT - 4000x4000/Case 035/Plot04/test49.png,test49.png,DHP - ERECT - 4000x4000,ERECT,Case 035,Plot04,6.51,6.0,0.95,35,0.62,0.33
Simulations/DHP - ERECT - 4000x4000/DHP - ERECT - 4000x4000/Case 034/Plot04/test40.png,test40.png,DHP - ERECT - 4000x4000,ERECT,Case 034,Plot04,2.0,2.0,1.0,34,1.446,0.9
Simulations/DHP - ERECT - 4000x4000/DHP - ERECT - 4000x4000/Case 034/Plot04/test41.png,test41.png,DHP - ERECT - 4000x4000,ERECT,Case 034,Plot04,2.0,2.0,1.0,34,1.446,0.9
Simulations/DHP - ERECT - 4000x4000/DHP - ERECT - 4000x4000/Case 034/Plot04/test42.png,test42.png,DHP - ERECT - 4000x4000,ERECT,Case 034,Plot04,2.0,2.0,1.0,34,1.446,0.9
Simulations/DHP - ERECT - 4000x4000/DHP - ERECT - 4000x4000/Case 034/Plot04/test43.png,test43.png,DHP - ERECT - 4000x4000,ERECT,Case 034,Plot04,2.0,2.0,1.0,34,1.446,0.9
Simulations/DHP - ERECT - 4000x4000/DHP - ERECT - 4000x4000/Case 034/Plot04/test44.png,test44.png,DHP - ERECT - 4000x4000,ERECT,Case 034,Plot04,2.0,2.0,1.0,34,1.446,0.9
Simulations/DHP - ERECT - 4000x4000/DHP - ERECT - 4000x4000/Case 034/Plot04/test45.png,test45.png,DHP - ERECT - 4000x4000,ERECT,Case 034,Plot04,2.0,2.0,1.0,34,1.446,0.9
Simulations/DHP - ERECT - 4000x4000/DHP - ERECT - 4000x4000/Case 034/Plot04/test46.png,test46.png,DHP - ERECT - 4000x4000,ERECT,Case 034,Plot04,2.0,2.0,1.0,34,1.446,0.9
Simulations/DHP - ERECT - 4000x4000/DHP - ERECT - 4000x4000/Case 034/Plot04/test47.png,test47.png,DHP - ERECT - 4000x4000,ERECT,Case 034,Plot04,2.0,2.0,1.0,34,1.446,0.9
Simulations/DHP - ERECT - 4000x4000/DHP - ERECT - 4000x4000/Case 034/Plot04/test48.png,test48.png,DHP - ERECT - 4000x4000,ERECT,Case 034,Plot04,2.0,2.0,1.0,34,1.446,0.9
Simulations/DHP - ERECT - 4000x4000/DHP - ERECT - 4000x4000/Case 034/Plot04/test49.png,test49.png,DHP - ERECT - 4000x4000,ERECT,Case 034,Plot04,2.0,2.0,1.0,34,1.446,0.9
Simulations/DHP - ERECT - 4000x4000/DHP - ERECT - 4000x4000/Case 033/Plot04/test40.png,test40.png,DHP - ERECT - 4000x4000,ERECT,Case 033,Plot04,3.0,3.0,1.0,33,2.179,0.989
Simulations/DHP - ERECT - 4000x4000/DHP - ERECT - 4000x4000/Case 033/Plot04/test41.png,test41.png,DHP - ERECT - 4000x4000,ERECT,Case 033,Plot04,3.0,3.0,1.0,33,2.179,0.989
Simulations/DHP - ERECT - 4000x4000/DHP - ERECT - 4000x4000/Case 033/Plot04/test42.png,test42.png,DHP - ERECT - 4000x4000,ERECT,Case 033,Plot04,3.0,3.0,1.0,33,2.179,0.989
Simulations/DHP - ERECT - 4000x4000/DHP - ERECT - 4000x4000/Case 033/Plot04/test43.png,test43.png,DHP - ERECT - 4000x4000,ERECT,Case 033,Plot04,3.0,3.0,1.0,33,2.179,0.989
Simulations/DHP - ERECT - 4000x4000/DHP - ERECT - 4000x4000/Case 033/Plot04/test44.png,test44.png,DHP - ERECT - 4000x4000,ERECT,Case 033,Plot04,3.0,3.0,1.0,33,2.179,0.989
Simulations/DHP - ERECT - 4000x4000/DHP - ERECT - 4000x4000/Case 033/Plot04/test45.png,test45.png,DHP - ERECT - 4000x4000,ERECT,Case 033,Plot04,3.0,3.0,1.0,33,2.179,0.989
Simulations/DHP - ERECT - 4000x4000/DHP - ERECT - 4000x4000/Case 033/Plot04/test46.png,test46.png,DHP - ERECT - 4000x4000,ERECT,Case 033,Plot04,3.0,3.0,1.0,33,2.179,0.989
Simulations/DHP - ERECT - 4000x4000/DHP - ERECT - 4000x4000/Case 033/Plot04/test47.png,test47.png,DHP - ERECT - 4000x4000,ERECT,Case 033,Plot04,3.0,3.0,1.0,33,2.179,0.989
Simulations/DHP - ERECT - 4000x4000/DHP - ERECT - 4000x4000/Case 033/Plot04/test48.png,test48.png,DHP - ERECT - 4000x4000,ERECT,Case 033,Plot04,3.0,3.0,1.0,33,2.179,0.989
Simulations/DHP - ERECT - 4000x4000/DHP - ERECT - 4000x4000/Case 033/Plot04/test49.png,test49.png,DHP - ERECT - 4000x4000,ERECT,Case 033,Plot04,3.0,3.0,1.0,33,2.179,0.989
Simulations/DHP - ERECT - 4000x4000/DHP - ERECT - 4000x4000/Case 032/Plot04/test40.png,test40.png,DHP - ERECT - 4000x4000,ERECT,Case 032,Plot04,3.55,2.2,0.78,32,1.64,0.48
Simulations/DHP - ERECT - 4000x4000/DHP - ERECT - 4000x4000/Case 032/Plot04/test41.png,test41.png,DHP - ERECT - 4000x4000,ERECT,Case 032,Plot04,3.55,2.2,0.78,32,1.64,0.48
Simulations/DHP - ERECT - 4000x4000/DHP - ERECT - 4000x4000/Case 032/Plot04/test42.png,test42.png,DHP - ERECT - 4000x4000,ERECT,Case 032,Plot04,3.55,2.2,0.78,32,1.64,0.48
Simulations/DHP - ERECT - 4000x4000/DHP - ERECT - 4000x4000/Case 032/Plot04/test43.png,test43.png,DHP - ERECT - 4000x4000,ERECT,Case 032,Plot04,3.55,2.2,0.78,32,1.64,0.48
Simulations/DHP - ERECT - 4000x4000/DHP - ERECT - 4000x4000/Case 032/Plot04/test44.png,test44.png,DHP - ERECT - 4000x4000,ERECT,Case 032,Plot04,3.55,2.2,0.78,32,1.64,0.48
Simulations/DHP - ERECT - 4000x4000/DHP - ERECT - 4000x4000/Case 032/Plot04/test45.png,test45.png,DHP - ERECT - 4000x4000,ERECT,Case 032,Plot04,3.55,2.2,0.78,32,1.64,0.48
Simulations/DHP - ERECT - 4000x4000/DHP - ERECT - 4000x4000/Case 032/Plot04/test46.png,test46.png,DHP - ERECT - 4000x4000,ERECT,Case 032,Plot04,3.55,2.2,0.78,32,1.64,0.48
Simulations/DHP - ERECT - 4000x4000/DHP - ERECT - 4000x4000/Case 032/Plot04/test47.png,test47.png,DHP - ERECT - 4000x4000,ERECT,Case 032,Plot04,3.55,2.2,0.78,32,1.64,0.48
Simulations/DHP - ERECT - 4000x4000/DHP - ERECT - 4000x4000/Case 032/Plot04/test48.png,test48.png,DHP - ERECT - 4000x4000,ERECT,Case 032,Plot04,3.55,2.2,0.78,32,1.64,0.48
Simulations/DHP - ERECT - 4000x4000/DHP - ERECT - 4000x4000/Case 032/Plot04/test49.png,test49.png,DHP - ERECT - 4000x4000,ERECT,Case 032,Plot04,3.55,2.2,0.78,32,1.64,0.48
Simulations/DHP - ERECT - 4000x4000/DHP - ERECT - 4000x4000/Case 031/Plot04/test40.png,test40.png,DHP - ERECT - 4000x4000,ERECT,Case 031,Plot04,3.79,3.1,0.89,31,1.23,0.61
Simulations/DHP - ERECT - 4000x4000/DHP - ERECT - 4000x4000/Case 031/Plot04/test41.png,test41.png,DHP - ERECT - 4000x4000,ERECT,Case 031,Plot04,3.79,3.1,0.89,31,1.23,0.61
Simulations/DHP - ERECT - 4000x4000/DHP - ERECT - 4000x4000/Case 031/Plot04/test42.png,test42.png,DHP - ERECT - 4000x4000,ERECT,Case 031,Plot04,3.79,3.1,0.89,31,1.23,0.61
Simulations/DHP - ERECT - 4000x4000/DHP - ERECT - 4000x4000/Case 031/Plot04/test43.png,test43.png,DHP - ERECT - 4000x4000,ERECT,Case 031,Plot04,3.79,3.1,0.89,31,1.23,0.61
Simulations/DHP - ERECT - 4000x4000/DHP - ERECT - 4000x4000/Case 031/Plot04/test44.png,test44.png,DHP - ERECT - 4000x4000,ERECT,Case 031,Plot04,3.79,3.1,0.89,31,1.23,0.61
Simulations/DHP - ERECT - 4000x4000/DHP - ERECT - 4000x4000/Case 031/Plot04/test45.png,test45.png,DHP - ERECT - 4000x4000,ERECT,Case 031,Plot04,3.79,3.1,0.89,31,1.23,0.61
Simulations/DHP - ERECT - 4000x4000/DHP - ERECT - 4000x4000/Case 031/Plot04/test46.png,test46.png,DHP - ERECT - 4000x4000,ERECT,Case 031,Plot04,3.79,3.1,0.89,31,1.23,0.61
Simulations/DHP - ERECT - 4000x4000/DHP - ERECT - 4000x4000/Case 031/Plot04/test47.png,test47.png,DHP - ERECT - 4000x4000,ERECT,Case 031,Plot04,3.79,3.1,0.89,31,1.23,0.61
Simulations/DHP - ERECT - 4000x4000/DHP - ERECT - 4000x4000/Case 031/Plot04/test48.png,test48.png,DHP - ERECT - 4000x4000,ERECT,Case 031,Plot04,3.79,3.1,0.89,31,1.23,0.61
Simulations/DHP - ERECT - 4000x4000/DHP - ERECT - 4000x4000/Case 031/Plot04/test49.png,test49.png,DHP - ERECT - 4000x4000,ERECT,Case 031,Plot04,3.79,3.1,0.89,31,1.23,0.61
Simulations/DHP - ERECT - 4000x4000/DHP - ERECT - 4000x4000/Case 030/Plot04/test40.png,test40.png,DHP - ERECT - 4000x4000,ERECT,Case 030,Plot04,3.55,2.2,0.78,30,1.6,0.48
Simulations/DHP - ERECT - 4000x4000/DHP - ERECT - 4000x4000/Case 030/Plot04/test41.png,test41.png,DHP - ERECT - 4000x4000,ERECT,Case 030,Plot04,3.55,2.2,0.78,30,1.6,0.48
Simulations/DHP - ERECT - 4000x4000/DHP - ERECT - 4000x4000/Case 030/Plot04/test42.png,test42.png,DHP - ERECT - 4000x4000,ERECT,Case 030,Plot04,3.55,2.2,0.78,30,1.6,0.48
Simulations/DHP - ERECT - 4000x4000/DHP - ERECT - 4000x4000/Case 030/Plot04/test43.png,test43.png,DHP - ERECT - 4000x4000,ERECT,Case 030,Plot04,3.55,2.2,0.78,30,1.6,0.48
Simulations/DHP - ERECT - 4000x4000/DHP - ERECT - 4000x4000/Case 030/Plot04/test44.png,test44.png,DHP - ERECT - 4000x4000,ERECT,Case 030,Plot04,3.55,2.2,0.78,30,1.6,0.48
Simulations/DHP - ERECT - 4000x4000/DHP - ERECT - 4000x4000/Case 030/Plot04/test45.png,test45.png,DHP - ERECT - 4000x4000,ERECT,Case 030,Plot04,3.55,2.2,0.78,30,1.6,0.48
Simulations/DHP - ERECT - 4000x4000/DHP - ERECT - 4000x4000/Case 030/Plot04/test46.png,test46.png,DHP - ERECT - 4000x4000,ERECT,Case 030,Plot04,3.55,2.2,0.78,30,1.6,0.48
Simulations/DHP - ERECT - 4000x4000/DHP - ERECT - 4000x4000/Case 030/Plot04/test47.png,test47.png,DHP - ERECT - 4000x4000,ERECT,Case 030,Plot04,3.55,2.2,0.78,30,1.6,0.48
Simulations/DHP - ERECT - 4000x4000/DHP - ERECT - 4000x4000/Case 030/Plot04/test48.png,test48.png,DHP - ERECT - 4000x4000,ERECT,Case 030,Plot04,3.55,2.2,0.78,30,1.6,0.48
Simulations/DHP - ERECT - 4000x4000/DHP - ERECT - 4000x4000/Case 030/Plot04/test49.png,test49.png,DHP - ERECT - 4000x4000,ERECT,Case 030,Plot04,3.55,2.2,0.78,30,1.6,0.48
Simulations/DHP - ERECT - 4000x4000/DHP - ERECT - 4000x4000/Case 029/Plot04/test40.png,test40.png,DHP - ERECT - 4000x4000,ERECT,Case 029,Plot04,3.21,2.85,1.0,29,1.33,0.54
Simulations/DHP - ERECT - 4000x4000/DHP - ERECT - 4000x4000/Case 029/Plot04/test41.png,test41.png,DHP - ERECT - 4000x4000,ERECT,Case 029,Plot04,3.21,2.85,1.0,29,1.33,0.54
Simulations/DHP - ERECT - 4000x4000/DHP - ERECT - 4000x4000/Case 029/Plot04/test42.png,test42.png,DHP - ERECT - 4000x4000,ERECT,Case 029,Plot04,3.21,2.85,1.0,29,1.33,0.54
Simulations/DHP - ERECT - 4000x4000/DHP - ERECT - 4000x4000/Case 029/Plot04/test43.png,test43.png,DHP - ERECT - 4000x4000,ERECT,Case 029,Plot04,3.21,2.85,1.0,29,1.33,0.54
Simulations/DHP - ERECT - 4000x4000/DHP - ERECT - 4000x4000/Case 029/Plot04/test44.png,test44.png,DHP - ERECT - 4000x4000,ERECT,Case 029,Plot04,3.21,2.85,1.0,29,1.33,0.54
Simulations/DHP - ERECT - 4000x4000/DHP - ERECT - 4000x4000/Case 029/Plot04/test45.png,test45.png,DHP - ERECT - 4000x4000,ERECT,Case 029,Plot04,3.21,2.85,1.0,29,1.33,0.54
Simulations/DHP - ERECT - 4000x4000/DHP - ERECT - 4000x4000/Case 029/Plot04/test46.png,test46.png,DHP - ERECT - 4000x4000,ERECT,Case 029,Plot04,3.21,2.85,1.0,29,1.33,0.54
Simulations/DHP - ERECT - 4000x4000/DHP - ERECT - 4000x4000/Case 029/Plot04/test47.png,test47.png,DHP - ERECT - 4000x4000,ERECT,Case 029,Plot04,3.21,2.85,1.0,29,1.33,0.54
Simulations/DHP - ERECT - 4000x4000/DHP - ERECT - 4000x4000/Case 029/Plot04/test48.png,test48.png,DHP - ERECT - 4000x4000,ERECT,Case 029,Plot04,3.21,2.85,1.0,29,1.33,0.54
Simulations/DHP - ERECT - 4000x4000/DHP - ERECT - 4000x4000/Case 029/Plot04/test49.png,test49.png,DHP - ERECT - 4000x4000,ERECT,Case 029,Plot04,3.21,2.85,1.0,29,1.33,0.54
Simulations/DHP - ERECT - 4000x4000/DHP - ERECT - 4000x4000/Case 028/Plot04/test40.png,test40.png,DHP - ERECT - 4000x4000,ERECT,Case 028,Plot04,7.735,7.0,0.94,28,2.84,0.58
Simulations/DHP - ERECT - 4000x4000/DHP - ERECT - 4000x4000/Case 028/Plot04/test41.png,test41.png,DHP - ERECT - 4000x4000,ERECT,Case 028,Plot04,7.735,7.0,0.94,28,2.84,0.58
Simulations/DHP - ERECT - 4000x4000/DHP - ERECT - 4000x4000/Case 028/Plot04/test42.png,test42.png,DHP - ERECT - 4000x4000,ERECT,Case 028,Plot04,7.735,7.0,0.94,28,2.84,0.58
Simulations/DHP - ERECT - 4000x4000/DHP - ERECT - 4000x4000/Case 028/Plot04/test43.png,test43.png,DHP - ERECT - 4000x4000,ERECT,Case 028,Plot04,7.735,7.0,0.94,28,2.84,0.58
Simulations/DHP - ERECT - 4000x4000/DHP - ERECT - 4000x4000/Case 028/Plot04/test44.png,test44.png,DHP - ERECT - 4000x4000,ERECT,Case 028,Plot04,7.735,7.0,0.94,28,2.84,0.58
Simulations/DHP - ERECT - 4000x4000/DHP - ERECT - 4000x4000/Case 028/Plot04/test45.png,test45.png,DHP - ERECT - 4000x4000,ERECT,Case 028,Plot04,7.735,7.0,0.94,28,2.84,0.58
Simulations/DHP - ERECT - 4000x4000/DHP - ERECT - 4000x4000/Case 028/Plot04/test46.png,test46.png,DHP - ERECT - 4000x4000,ERECT,Case 028,Plot04,7.735,7.0,0.94,28,2.84,0.58
Simulations/DHP - ERECT - 4000x4000/DHP - ERECT - 4000x4000/Case 028/Plot04/test47.png,test47.png,DHP - ERECT - 4000x4000,ERECT,Case 028,Plot04,7.735,7.0,0.94,28,2.84,0.58
Simulations/DHP - ERECT - 4000x4000/DHP - ERECT - 4000x4000/Case 028/Plot04/test48.png,test48.png,DHP - ERECT - 4000x4000,ERECT,Case 028,Plot04,7.735,7.0,0.94,28,2.84,0.58
Simulations/DHP - ERECT - 4000x4000/DHP - ERECT - 4000x4000/Case 028/Plot04/test49.png,test49.png,DHP - ERECT - 4000x4000,ERECT,Case 028,Plot04,7.735,7.0,0.94,28,2.84,0.58
Simulations/DHP - ERECT - 4000x4000/DHP - ERECT - 4000x4000/Case 027/Plot04/test40.png,test40.png,DHP - ERECT - 4000x4000,ERECT,Case 027,Plot04,6.074999999999999,6.0,0.99,27,1.33,0.46
Simulations/DHP - ERECT - 4000x4000/DHP - ERECT - 4000x4000/Case 027/Plot04/test41.png,test41.png,DHP - ERECT - 4000x4000,ERECT,Case 027,Plot04,6.074999999999999,6.0,0.99,27,1.33,0.46
Simulations/DHP - ERECT - 4000x4000/DHP - ERECT - 4000x4000/Case 027/Plot04/test42.png,test42.png,DHP - ERECT - 4000x4000,ERECT,Case 027,Plot04,6.074999999999999,6.0,0.99,27,1.33,0.46
Simulations/DHP - ERECT - 4000x4000/DHP - ERECT - 4000x4000/Case 027/Plot04/test43.png,test43.png,DHP - ERECT - 4000x4000,ERECT,Case 027,Plot04,6.074999999999999,6.0,0.99,27,1.33,0.46
Simulations/DHP - ERECT - 4000x4000/DHP - ERECT - 4000x4000/Case 027/Plot04/test44.png,test44.png,DHP - ERECT - 4000x4000,ERECT,Case 027,Plot04,6.074999999999999,6.0,0.99,27,1.33,0.46
Simulations/DHP - ERECT - 4000x4000/DHP - ERECT - 4000x4000/Case 027/Plot04/test45.png,test45.png,DHP - ERECT - 4000x4000,ERECT,Case 027,Plot04,6.074999999999999,6.0,0.99,27,1.33,0.46
Simulations/DHP - ERECT - 4000x4000/DHP - ERECT - 4000x4000/Case 027/Plot04/test46.png,test46.png,DHP - ERECT - 4000x4000,ERECT,Case 027,Plot04,6.074999999999999,6.0,0.99,27,1.33,0.46
Simulations/DHP - ERECT - 4000x4000/DHP - ERECT - 4000x4000/Case 027/Plot04/test47.png,test47.png,DHP - ERECT - 4000x4000,ERECT,Case 027,Plot04,6.074999999999999,6.0,0.99,27,1.33,0.46
Simulations/DHP - ERECT - 4000x4000/DHP - ERECT - 4000x4000/Case 027/Plot04/test48.png,test48.png,DHP - ERECT - 4000x4000,ERECT,Case 027,Plot04,6.074999999999999,6.0,0.99,27,1.33,0.46
Simulations/DHP - ERECT - 4000x4000/DHP - ERECT - 4000x4000/Case 027/Plot04/test49.png,test49.png,DHP - ERECT - 4000x4000,ERECT,Case 027,Plot04,6.074999999999999,6.0,0.99,27,1.33,0.46
Simulations/DHP - ERECT - 4000x4000/DHP - ERECT - 4000x4000/Case 026/Plot04/test40.png,test40.png,DHP - ERECT - 4000x4000,ERECT,Case 026,Plot04,5.074999999999999,5.0,0.99,26,1.28,0.51
Simulations/DHP - ERECT - 4000x4000/DHP - ERECT - 4000x4000/Case 026/Plot04/test41.png,test41.png,DHP - ERECT - 4000x4000,ERECT,Case 026,Plot04,5.074999999999999,5.0,0.99,26,1.28,0.51
Simulations/DHP - ERECT - 4000x4000/DHP - ERECT - 4000x4000/Case 026/Plot04/test42.png,test42.png,DHP - ERECT - 4000x4000,ERECT,Case 026,Plot04,5.074999999999999,5.0,0.99,26,1.28,0.51
Simulations/DHP - ERECT - 4000x4000/DHP - ERECT - 4000x4000/Case 026/Plot04/test43.png,test43.png,DHP - ERECT - 4000x4000,ERECT,Case 026,Plot04,5.074999999999999,5.0,0.99,26,1.28,0.51
Simulations/DHP - ERECT - 4000x4000/DHP - ERECT - 4000x4000/Case 026/Plot04/test44.png,test44.png,DHP - ERECT - 4000x4000,ERECT,Case 026,Plot04,5.074999999999999,5.0,0.99,26,1.28,0.51
Simulations/DHP - ERECT - 4000x4000/DHP - ERECT - 4000x4000/Case 026/Plot04/test45.png,test45.png,DHP - ERECT - 4000x4000,ERECT,Case 026,Plot04,5.074999999999999,5.0,0.99,26,1.28,0.51
Simulations/DHP - ERECT - 4000x4000/DHP - ERECT - 4000x4000/Case 026/Plot04/test46.png,test46.png,DHP - ERECT - 4000x4000,ERECT,Case 026,Plot04,5.074999999999999,5.0,0.99,26,1.28,0.51
Simulations/DHP - ERECT - 4000x4000/DHP - ERECT - 4000x4000/Case 026/Plot04/test47.png,test47.png,DHP - ERECT - 4000x4000,ERECT,Case 026,Plot04,5.074999999999999,5.0,0.99,26,1.28,0.51
Simulations/DHP - ERECT - 4000x4000/DHP - ERECT - 4000x4000/Case 026/Plot04/test48.png,test48.png,DHP - ERECT - 4000x4000,ERECT,Case 026,Plot04,5.074999999999999,5.0,0.99,26,1.28,0.51
Simulations/DHP - ERECT - 4000x4000/DHP - ERECT - 4000x4000/Case 026/Plot04/test49.png,test49.png,DHP - ERECT - 4000x4000,ERECT,Case 026,Plot04,5.074999999999999,5.0,0.99,26,1.28,0.51
Simulations/DHP - ERECT - 4000x4000/DHP - ERECT - 4000x4000/Case 025/Plot04/test40.png,test40.png,DHP - ERECT - 4000x4000,ERECT,Case 025,Plot04,4.074999999999999,4.0,0.99,25,1.21,0.55
Simulations/DHP - ERECT - 4000x4000/DHP - ERECT - 4000x4000/Case 025/Plot04/test41.png,test41.png,DHP - ERECT - 4000x4000,ERECT,Case 025,Plot04,4.074999999999999,4.0,0.99,25,1.21,0.55
Simulations/DHP - ERECT - 4000x4000/DHP - ERECT - 4000x4000/Case 025/Plot04/test42.png,test42.png,DHP - ERECT - 4000x4000,ERECT,Case 025,Plot04,4.074999999999999,4.0,0.99,25,1.21,0.55
Simulations/DHP - ERECT - 4000x4000/DHP - ERECT - 4000x4000/Case 025/Plot04/test43.png,test43.png,DHP - ERECT - 4000x4000,ERECT,Case 025,Plot04,4.074999999999999,4.0,0.99,25,1.21,0.55
Simulations/DHP - ERECT - 4000x4000/DHP - ERECT - 4000x4000/Case 025/Plot04/test44.png,test44.png,DHP - ERECT - 4000x4000,ERECT,Case 025,Plot04,4.074999999999999,4.0,0.99,25,1.21,0.55
Simulations/DHP - ERECT - 4000x4000/DHP - ERECT - 4000x4000/Case 025/Plot04/test45.png,test45.png,DHP - ERECT - 4000x4000,ERECT,Case 025,Plot04,4.074999999999999,4.0,0.99,25,1.21,0.55
Simulations/DHP - ERECT - 4000x4000/DHP - ERECT - 4000x4000/Case 025/Plot04/test46.png,test46.png,DHP - ERECT - 4000x4000,ERECT,Case 025,Plot04,4.074999999999999,4.0,0.99,25,1.21,0.55
Simulations/DHP - ERECT - 4000x4000/DHP - ERECT - 4000x4000/Case 025/Plot04/test47.png,test47.png,DHP - ERECT - 4000x4000,ERECT,Case 025,Plot04,4.074999999999999,4.0,0.99,25,1.21,0.55
Simulations/DHP - ERECT - 4000x4000/DHP - ERECT - 4000x4000/Case 025/Plot04/test48.png,test48.png,DHP - ERECT - 4000x4000,ERECT,Case 025,Plot04,4.074999999999999,4.0,0.99,25,1.21,0.55
Simulations/DHP - ERECT - 4000x4000/DHP - ERECT - 4000x4000/Case 025/Plot04/test49.png,test49.png,DHP - ERECT - 4000x4000,ERECT,Case 025,Plot04,4.074999999999999,4.0,0.99,25,1.21,0.55
Simulations/DHP - ERECT - 4000x4000/DHP - ERECT - 4000x4000/Case 024/Plot04/test40.png,test40.png,DHP - ERECT - 4000x4000,ERECT,Case 024,Plot04,4.735,4.0,0.9,24,2.26,0.7
Simulations/DHP - ERECT - 4000x4000/DHP - ERECT - 4000x4000/Case 024/Plot04/test41.png,test41.png,DHP - ERECT - 4000x4000,ERECT,Case 024,Plot04,4.735,4.0,0.9,24,2.26,0.7
Simulations/DHP - ERECT - 4000x4000/DHP - ERECT - 4000x4000/Case 024/Plot04/test42.png,test42.png,DHP - ERECT - 4000x4000,ERECT,Case 024,Plot04,4.735,4.0,0.9,24,2.26,0.7
Simulations/DHP - ERECT - 4000x4000/DHP - ERECT - 4000x4000/Case 024/Plot04/test43.png,test43.png,DHP - ERECT - 4000x4000,ERECT,Case 024,Plot04,4.735,4.0,0.9,24,2.26,0.7
Simulations/DHP - ERECT - 4000x4000/DHP - ERECT - 4000x4000/Case 024/Plot04/test44.png,test44.png,DHP - ERECT - 4000x4000,ERECT,Case 024,Plot04,4.735,4.0,0.9,24,2.26,0.7
Simulations/DHP - ERECT - 4000x4000/DHP - ERECT - 4000x4000/Case 024/Plot04/test45.png,test45.png,DHP - ERECT - 4000x4000,ERECT,Case 024,Plot04,4.735,4.0,0.9,24,2.26,0.7
Simulations/DHP - ERECT - 4000x4000/DHP - ERECT - 4000x4000/Case 024/Plot04/test46.png,test46.png,DHP - ERECT - 4000x4000,ERECT,Case 024,Plot04,4.735,4.0,0.9,24,2.26,0.7
Simulations/DHP - ERECT - 4000x4000/DHP - ERECT - 4000x4000/Case 024/Plot04/test47.png,test47.png,DHP - ERECT - 4000x4000,ERECT,Case 024,Plot04,4.735,4.0,0.9,24,2.26,0.7
Simulations/DHP - ERECT - 4000x4000/DHP - ERECT - 4000x4000/Case 024/Plot04/test48.png,test48.png,DHP - ERECT - 4000x4000,ERECT,Case 024,Plot04,4.735,4.0,0.9,24,2.26,0.7
Simulations/DHP - ERECT - 4000x4000/DHP - ERECT - 4000x4000/Case 024/Plot04/test49.png,test49.png,DHP - ERECT - 4000x4000,ERECT,Case 024,Plot04,4.735,4.0,0.9,24,2.26,0.7
Simulations/DHP - ERECT - 4000x4000/DHP - ERECT - 4000x4000/Case 023/Plot04/test40.png,test40.png,DHP - ERECT - 4000x4000,ERECT,Case 023,Plot04,0.31,0.25,0.88,23,0.191,0.89
Simulations/DHP - ERECT - 4000x4000/DHP - ERECT - 4000x4000/Case 023/Plot04/test41.png,test41.png,DHP - ERECT - 4000x4000,ERECT,Case 023,Plot04,0.31,0.25,0.88,23,0.191,0.89
Simulations/DHP - ERECT - 4000x4000/DHP - ERECT - 4000x4000/Case 023/Plot04/test42.png,test42.png,DHP - ERECT - 4000x4000,ERECT,Case 023,Plot04,0.31,0.25,0.88,23,0.191,0.89
Simulations/DHP - ERECT - 4000x4000/DHP - ERECT - 4000x4000/Case 023/Plot04/test43.png,test43.png,DHP - ERECT - 4000x4000,ERECT,Case 023,Plot04,0.31,0.25,0.88,23,0.191,0.89
Simulations/DHP - ERECT - 4000x4000/DHP - ERECT - 4000x4000/Case 023/Plot04/test44.png,test44.png,DHP - ERECT - 4000x4000,ERECT,Case 023,Plot04,0.31,0.25,0.88,23,0.191,0.89
Simulations/DHP - ERECT - 4000x4000/DHP - ERECT - 4000x4000/Case 023/Plot04/test45.png,test45.png,DHP - ERECT - 4000x4000,ERECT,Case 023,Plot04,0.31,0.25,0.88,23,0.191,0.89
Simulations/DHP - ERECT - 4000x4000/DHP - ERECT - 4000x4000/Case 023/Plot04/test46.png,test46.png,DHP - ERECT - 4000x4000,ERECT,Case 023,Plot04,0.31,0.25,0.88,23,0.191,0.89
Simulations/DHP - ERECT - 4000x4000/DHP - ERECT - 4000x4000/Case 023/Plot04/test47.png,test47.png,DHP - ERECT - 4000x4000,ERECT,Case 023,Plot04,0.31,0.25,0.88,23,0.191,0.89
Simulations/DHP - ERECT - 4000x4000/DHP - ERECT - 4000x4000/Case 023/Plot04/test48.png,test48.png,DHP - ERECT - 4000x4000,ERECT,Case 023,Plot04,0.31,0.25,0.88,23,0.191,0.89
Simulations/DHP - ERECT - 4000x4000/DHP - ERECT - 4000x4000/Case 023/Plot04/test49.png,test49.png,DHP - ERECT - 4000x4000,ERECT,Case 023,Plot04,0.31,0.25,0.88,23,0.191,0.89
Simulations/DHP - ERECT - 4000x4000/DHP - ERECT - 4000x4000/Case 022/Plot04/test40.png,test40.png,DHP - ERECT - 4000x4000,ERECT,Case 022,Plot04,0.31,0.25,0.88,22,0.176,0.8
Simulations/DHP - ERECT - 4000x4000/DHP - ERECT - 4000x4000/Case 022/Plot04/test41.png,test41.png,DHP - ERECT - 4000x4000,ERECT,Case 022,Plot04,0.31,0.25,0.88,22,0.176,0.8
Simulations/DHP - ERECT - 4000x4000/DHP - ERECT - 4000x4000/Case 022/Plot04/test42.png,test42.png,DHP - ERECT - 4000x4000,ERECT,Case 022,Plot04,0.31,0.25,0.88,22,0.176,0.8
Simulations/DHP - ERECT - 4000x4000/DHP - ERECT - 4000x4000/Case 022/Plot04/test43.png,test43.png,DHP - ERECT - 4000x4000,ERECT,Case 022,Plot04,0.31,0.25,0.88,22,0.176,0.8
Simulations/DHP - ERECT - 4000x4000/DHP - ERECT - 4000x4000/Case 022/Plot04/test44.png,test44.png,DHP - ERECT - 4000x4000,ERECT,Case 022,Plot04,0.31,0.25,0.88,22,0.176,0.8
Simulations/DHP - ERECT - 4000x4000/DHP - ERECT - 4000x4000/Case 022/Plot04/test45.png,test45.png,DHP - ERECT - 4000x4000,ERECT,Case 022,Plot04,0.31,0.25,0.88,22,0.176,0.8
Simulations/DHP - ERECT - 4000x4000/DHP - ERECT - 4000x4000/Case 022/Plot04/test46.png,test46.png,DHP - ERECT - 4000x4000,ERECT,Case 022,Plot04,0.31,0.25,0.88,22,0.176,0.8
Simulations/DHP - ERECT - 4000x4000/DHP - ERECT - 4000x4000/Case 022/Plot04/test47.png,test47.png,DHP - ERECT - 4000x4000,ERECT,Case 022,Plot04,0.31,0.25,0.88,22,0.176,0.8
Simulations/DHP - ERECT - 4000x4000/DHP - ERECT - 4000x4000/Case 022/Plot04/test48.png,test48.png,DHP - ERECT - 4000x4000,ERECT,Case 022,Plot04,0.31,0.25,0.88,22,0.176,0.8
Simulations/DHP - ERECT - 4000x4000/DHP - ERECT - 4000x4000/Case 022/Plot04/test49.png,test49.png,DHP - ERECT - 4000x4000,ERECT,Case 022,Plot04,0.31,0.25,0.88,22,0.176,0.8
Simulations/DHP - ERECT - 4000x4000/DHP - ERECT - 4000x4000/Case 021/Plot04/test40.png,test40.png,DHP - ERECT - 4000x4000,ERECT,Case 021,Plot04,1.415,1.25,0.93,21,0.74,0.77
Simulations/DHP - ERECT - 4000x4000/DHP - ERECT - 4000x4000/Case 021/Plot04/test41.png,test41.png,DHP - ERECT - 4000x4000,ERECT,Case 021,Plot04,1.415,1.25,0.93,21,0.74,0.77
Simulations/DHP - ERECT - 4000x4000/DHP - ERECT - 4000x4000/Case 021/Plot04/test42.png,test42.png,DHP - ERECT - 4000x4000,ERECT,Case 021,Plot04,1.415,1.25,0.93,21,0.74,0.77
Simulations/DHP - ERECT - 4000x4000/DHP - ERECT - 4000x4000/Case 021/Plot04/test43.png,test43.png,DHP - ERECT - 4000x4000,ERECT,Case 021,Plot04,1.415,1.25,0.93,21,0.74,0.77
Simulations/DHP - ERECT - 4000x4000/DHP - ERECT - 4000x4000/Case 021/Plot04/test44.png,test44.png,DHP - ERECT - 4000x4000,ERECT,Case 021,Plot04,1.415,1.25,0.93,21,0.74,0.77
Simulations/DHP - ERECT - 4000x4000/DHP - ERECT - 4000x4000/Case 021/Plot04/test45.png,test45.png,DHP - ERECT - 4000x4000,ERECT,Case 021,Plot04,1.415,1.25,0.93,21,0.74,0.77
Simulations/DHP - ERECT - 4000x4000/DHP - ERECT - 4000x4000/Case 021/Plot04/test46.png,test46.png,DHP - ERECT - 4000x4000,ERECT,Case 021,Plot04,1.415,1.25,0.93,21,0.74,0.77
Simulations/DHP - ERECT - 4000x4000/DHP - ERECT - 4000x4000/Case 021/Plot04/test47.png,test47.png,DHP - ERECT - 4000x4000,ERECT,Case 021,Plot04,1.415,1.25,0.93,21,0.74,0.77
Simulations/DHP - ERECT - 4000x4000/DHP - ERECT - 4000x4000/Case 021/Plot04/test48.png,test48.png,DHP - ERECT - 4000x4000,ERECT,Case 021,Plot04,1.415,1.25,0.93,21,0.74,0.77
Simulations/DHP - ERECT - 4000x4000/DHP - ERECT - 4000x4000/Case 021/Plot04/test49.png,test49.png,DHP - ERECT - 4000x4000,ERECT,Case 021,Plot04,1.415,1.25,0.93,21,0.74,0.77
Simulations/DHP - ERECT - 4000x4000/DHP - ERECT - 4000x4000/Case 020/Plot04/test40.png,test40.png,DHP - ERECT - 4000x4000,ERECT,Case 020,Plot04,1.415,1.25,0.93,20,0.61,0.71
Simulations/DHP - ERECT - 4000x4000/DHP - ERECT - 4000x4000/Case 020/Plot04/test41.png,test41.png,DHP - ERECT - 4000x4000,ERECT,Case 020,Plot04,1.415,1.25,0.93,20,0.61,0.71
Simulations/DHP - ERECT - 4000x4000/DHP - ERECT - 4000x4000/Case 020/Plot04/test42.png,test42.png,DHP - ERECT - 4000x4000,ERECT,Case 020,Plot04,1.415,1.25,0.93,20,0.61,0.71
Simulations/DHP - ERECT - 4000x4000/DHP - ERECT - 4000x4000/Case 020/Plot04/test43.png,test43.png,DHP - ERECT - 4000x4000,ERECT,Case 020,Plot04,1.415,1.25,0.93,20,0.61,0.71
Simulations/DHP - ERECT - 4000x4000/DHP - ERECT - 4000x4000/Case 020/Plot04/test44.png,test44.png,DHP - ERECT - 4000x4000,ERECT,Case 020,Plot04,1.415,1.25,0.93,20,0.61,0.71
Simulations/DHP - ERECT - 4000x4000/DHP - ERECT - 4000x4000/Case 020/Plot04/test45.png,test45.png,DHP - ERECT - 4000x4000,ERECT,Case 020,Plot04,1.415,1.25,0.93,20,0.61,0.71
Simulations/DHP - ERECT - 4000x4000/DHP - ERECT - 4000x4000/Case 020/Plot04/test46.png,test46.png,DHP - ERECT - 4000x4000,ERECT,Case 020,Plot04,1.415,1.25,0.93,20,0.61,0.71
Simulations/DHP - ERECT - 4000x4000/DHP - ERECT - 4000x4000/Case 020/Plot04/test47.png,test47.png,DHP - ERECT - 4000x4000,ERECT,Case 020,Plot04,1.415,1.25,0.93,20,0.61,0.71
Simulations/DHP - ERECT - 4000x4000/DHP - ERECT - 4000x4000/Case 020/Plot04/test48.png,test48.png,DHP - ERECT - 4000x4000,ERECT,Case 020,Plot04,1.415,1.25,0.93,20,0.61,0.71
Simulations/DHP - ERECT - 4000x4000/DHP - ERECT - 4000x4000/Case 020/Plot04/test49.png,test49.png,DHP - ERECT - 4000x4000,ERECT,Case 020,Plot04,1.415,1.25,0.93,20,0.61,0.71
Simulations/DHP - ERECT - 4000x4000/DHP - ERECT - 4000x4000/Case 019/Plot04/test40.png,test40.png,DHP - ERECT - 4000x4000,ERECT,Case 019,Plot04,3.195,3.0,0.96,19,0.34,0.46
Simulations/DHP - ERECT - 4000x4000/DHP - ERECT - 4000x4000/Case 019/Plot04/test41.png,test41.png,DHP - ERECT - 4000x4000,ERECT,Case 019,Plot04,3.195,3.0,0.96,19,0.34,0.46
Simulations/DHP - ERECT - 4000x4000/DHP - ERECT - 4000x4000/Case 019/Plot04/test42.png,test42.png,DHP - ERECT - 4000x4000,ERECT,Case 019,Plot04,3.195,3.0,0.96,19,0.34,0.46
Simulations/DHP - ERECT - 4000x4000/DHP - ERECT - 4000x4000/Case 019/Plot04/test43.png,test43.png,DHP - ERECT - 4000x4000,ERECT,Case 019,Plot04,3.195,3.0,0.96,19,0.34,0.46
Simulations/DHP - ERECT - 4000x4000/DHP - ERECT - 4000x4000/Case 019/Plot04/test44.png,test44.png,DHP - ERECT - 4000x4000,ERECT,Case 019,Plot04,3.195,3.0,0.96,19,0.34,0.46
Simulations/DHP - ERECT - 4000x4000/DHP - ERECT - 4000x4000/Case 019/Plot04/test45.png,test45.png,DHP - ERECT - 4000x4000,ERECT,Case 019,Plot04,3.195,3.0,0.96,19,0.34,0.46
Simulations/DHP - ERECT - 4000x4000/DHP - ERECT - 4000x4000/Case 019/Plot04/test46.png,test46.png,DHP - ERECT - 4000x4000,ERECT,Case 019,Plot04,3.195,3.0,0.96,19,0.34,0.46
Simulations/DHP - ERECT - 4000x4000/DHP - ERECT - 4000x4000/Case 019/Plot04/test47.png,test47.png,DHP - ERECT - 4000x4000,ERECT,Case 019,Plot04,3.195,3.0,0.96,19,0.34,0.46
Simulations/DHP - ERECT - 4000x4000/DHP - ERECT - 4000x4000/Case 019/Plot04/test48.png,test48.png,DHP - ERECT - 4000x4000,ERECT,Case 019,Plot04,3.195,3.0,0.96,19,0.34,0.46
Simulations/DHP - ERECT - 4000x4000/DHP - ERECT - 4000x4000/Case 019/Plot04/test49.png,test49.png,DHP - ERECT - 4000x4000,ERECT,Case 019,Plot04,3.195,3.0,0.96,19,0.34,0.46
Simulations/DHP - ERECT - 4000x4000/DHP - ERECT - 4000x4000/Case 018/Plot04/test40.png,test40.png,DHP - ERECT - 4000x4000,ERECT,Case 018,Plot04,1.165,1.0,0.91,18,0.324,0.85
Simulations/DHP - ERECT - 4000x4000/DHP - ERECT - 4000x4000/Case 018/Plot04/test41.png,test41.png,DHP - ERECT - 4000x4000,ERECT,Case 018,Plot04,1.165,1.0,0.91,18,0.324,0.85
Simulations/DHP - ERECT - 4000x4000/DHP - ERECT - 4000x4000/Case 018/Plot04/test42.png,test42.png,DHP - ERECT - 4000x4000,ERECT,Case 018,Plot04,1.165,1.0,0.91,18,0.324,0.85
Simulations/DHP - ERECT - 4000x4000/DHP - ERECT - 4000x4000/Case 018/Plot04/test43.png,test43.png,DHP - ERECT - 4000x4000,ERECT,Case 018,Plot04,1.165,1.0,0.91,18,0.324,0.85
Simulations/DHP - ERECT - 4000x4000/DHP - ERECT - 4000x4000/Case 018/Plot04/test44.png,test44.png,DHP - ERECT - 4000x4000,ERECT,Case 018,Plot04,1.165,1.0,0.91,18,0.324,0.85
Simulations/DHP - ERECT - 4000x4000/DHP - ERECT - 4000x4000/Case 018/Plot04/test45.png,test45.png,DHP - ERECT - 4000x4000,ERECT,Case 018,Plot04,1.165,1.0,0.91,18,0.324,0.85
Simulations/DHP - ERECT - 4000x4000/DHP - ERECT - 4000x4000/Case 018/Plot04/test46.png,test46.png,DHP - ERECT - 4000x4000,ERECT,Case 018,Plot04,1.165,1.0,0.91,18,0.324,0.85
Simulations/DHP - ERECT - 4000x4000/DHP - ERECT - 4000x4000/Case 018/Plot04/test47.png,test47.png,DHP - ERECT - 4000x4000,ERECT,Case 018,Plot04,1.165,1.0,0.91,18,0.324,0.85
Simulations/DHP - ERECT - 4000x4000/DHP - ERECT - 4000x4000/Case 018/Plot04/test48.png,test48.png,DHP - ERECT - 4000x4000,ERECT,Case 018,Plot04,1.165,1.0,0.91,18,0.324,0.85
Simulations/DHP - ERECT - 4000x4000/DHP - ERECT - 4000x4000/Case 018/Plot04/test49.png,test49.png,DHP - ERECT - 4000x4000,ERECT,Case 018,Plot04,1.165,1.0,0.91,18,0.324,0.85
Simulations/DHP - ERECT - 4000x4000/DHP - ERECT - 4000x4000/Case 017/Plot04/test40.png,test40.png,DHP - ERECT - 4000x4000,ERECT,Case 017,Plot04,5.300000000000001,5.0,0.96,17,2.42,0.81
Simulations/DHP - ERECT - 4000x4000/DHP - ERECT - 4000x4000/Case 017/Plot04/test41.png,test41.png,DHP - ERECT - 4000x4000,ERECT,Case 017,Plot04,5.300000000000001,5.0,0.96,17,2.42,0.81
Simulations/DHP - ERECT - 4000x4000/DHP - ERECT - 4000x4000/Case 017/Plot04/test42.png,test42.png,DHP - ERECT - 4000x4000,ERECT,Case 017,Plot04,5.300000000000001,5.0,0.96,17,2.42,0.81
Simulations/DHP - ERECT - 4000x4000/DHP - ERECT - 4000x4000/Case 017/Plot04/test43.png,test43.png,DHP - ERECT - 4000x4000,ERECT,Case 017,Plot04,5.300000000000001,5.0,0.96,17,2.42,0.81
Simulations/DHP - ERECT - 4000x4000/DHP - ERECT - 4000x4000/Case 017/Plot04/test44.png,test44.png,DHP - ERECT - 4000x4000,ERECT,Case 017,Plot04,5.300000000000001,5.0,0.96,17,2.42,0.81
Simulations/DHP - ERECT - 4000x4000/DHP - ERECT - 4000x4000/Case 017/Plot04/test45.png,test45.png,DHP - ERECT - 4000x4000,ERECT,Case 017,Plot04,5.300000000000001,5.0,0.96,17,2.42,0.81
Simulations/DHP - ERECT - 4000x4000/DHP - ERECT - 4000x4000/Case 017/Plot04/test46.png,test46.png,DHP - ERECT - 4000x4000,ERECT,Case 017,Plot04,5.300000000000001,5.0,0.96,17,2.42,0.81
Simulations/DHP - ERECT - 4000x4000/DHP - ERECT - 4000x4000/Case 017/Plot04/test47.png,test47.png,DHP - ERECT - 4000x4000,ERECT,Case 017,Plot04,5.300000000000001,5.0,0.96,17,2.42,0.81
Simulations/DHP - ERECT - 4000x4000/DHP - ERECT - 4000x4000/Case 017/Plot04/test48.png,test48.png,DHP - ERECT - 4000x4000,ERECT,Case 017,Plot04,5.300000000000001,5.0,0.96,17,2.42,0.81
Simulations/DHP - ERECT - 4000x4000/DHP - ERECT - 4000x4000/Case 017/Plot04/test49.png,test49.png,DHP - ERECT - 4000x4000,ERECT,Case 017,Plot04,5.300000000000001,5.0,0.96,17,2.42,0.81
Simulations/DHP - ERECT - 4000x4000/DHP - ERECT - 4000x4000/Case 016/Plot04/test40.png,test40.png,DHP - ERECT - 4000x4000,ERECT,Case 016,Plot04,5.725,5.5,0.97,16,2.57,0.73
Simulations/DHP - ERECT - 4000x4000/DHP - ERECT - 4000x4000/Case 016/Plot04/test41.png,test41.png,DHP - ERECT - 4000x4000,ERECT,Case 016,Plot04,5.725,5.5,0.97,16,2.57,0.73
Simulations/DHP - ERECT - 4000x4000/DHP - ERECT - 4000x4000/Case 016/Plot04/test42.png,test42.png,DHP - ERECT - 4000x4000,ERECT,Case 016,Plot04,5.725,5.5,0.97,16,2.57,0.73
Simulations/DHP - ERECT - 4000x4000/DHP - ERECT - 4000x4000/Case 016/Plot04/test43.png,test43.png,DHP - ERECT - 4000x4000,ERECT,Case 016,Plot04,5.725,5.5,0.97,16,2.57,0.73
Simulations/DHP - ERECT - 4000x4000/DHP - ERECT - 4000x4000/Case 016/Plot04/test44.png,test44.png,DHP - ERECT - 4000x4000,ERECT,Case 016,Plot04,5.725,5.5,0.97,16,2.57,0.73
Simulations/DHP - ERECT - 4000x4000/DHP - ERECT - 4000x4000/Case 016/Plot04/test45.png,test45.png,DHP - ERECT - 4000x4000,ERECT,Case 016,Plot04,5.725,5.5,0.97,16,2.57,0.73
Simulations/DHP - ERECT - 4000x4000/DHP - ERECT - 4000x4000/Case 016/Plot04/test46.png,test46.png,DHP - ERECT - 4000x4000,ERECT,Case 016,Plot04,5.725,5.5,0.97,16,2.57,0.73
Simulations/DHP - ERECT - 4000x4000/DHP - ERECT - 4000x4000/Case 016/Plot04/test47.png,test47.png,DHP - ERECT - 4000x4000,ERECT,Case 016,Plot04,5.725,5.5,0.97,16,2.57,0.73
Simulations/DHP - ERECT - 4000x4000/DHP - ERECT - 4000x4000/Case 016/Plot04/test48.png,test48.png,DHP - ERECT - 4000x4000,ERECT,Case 016,Plot04,5.725,5.5,0.97,16,2.57,0.73
Simulations/DHP - ERECT - 4000x4000/DHP - ERECT - 4000x4000/Case 016/Plot04/test49.png,test49.png,DHP - ERECT - 4000x4000,ERECT,Case 016,Plot04,5.725,5.5,0.97,16,2.57,0.73
Simulations/DHP - ERECT - 4000x4000/DHP - ERECT - 4000x4000/Case 015/Plot04/test40.png,test40.png,DHP - ERECT - 4000x4000,ERECT,Case 015,Plot04,3.42,2.7,1.0,15,1.82,0.57
Simulations/DHP - ERECT - 4000x4000/DHP - ERECT - 4000x4000/Case 015/Plot04/test41.png,test41.png,DHP - ERECT - 4000x4000,ERECT,Case 015,Plot04,3.42,2.7,1.0,15,1.82,0.57
Simulations/DHP - ERECT - 4000x4000/DHP - ERECT - 4000x4000/Case 015/Plot04/test42.png,test42.png,DHP - ERECT - 4000x4000,ERECT,Case 015,Plot04,3.42,2.7,1.0,15,1.82,0.57
Simulations/DHP - ERECT - 4000x4000/DHP - ERECT - 4000x4000/Case 015/Plot04/test43.png,test43.png,DHP - ERECT - 4000x4000,ERECT,Case 015,Plot04,3.42,2.7,1.0,15,1.82,0.57
Simulations/DHP - ERECT - 4000x4000/DHP - ERECT - 4000x4000/Case 015/Plot04/test44.png,test44.png,DHP - ERECT - 4000x4000,ERECT,Case 015,Plot04,3.42,2.7,1.0,15,1.82,0.57
Simulations/DHP - ERECT - 4000x4000/DHP - ERECT - 4000x4000/Case 015/Plot04/test45.png,test45.png,DHP - ERECT - 4000x4000,ERECT,Case 015,Plot04,3.42,2.7,1.0,15,1.82,0.57
Simulations/DHP - ERECT - 4000x4000/DHP - ERECT - 4000x4000/Case 015/Plot04/test46.png,test46.png,DHP - ERECT - 4000x4000,ERECT,Case 015,Plot04,3.42,2.7,1.0,15,1.82,0.57
Simulations/DHP - ERECT - 4000x4000/DHP - ERECT - 4000x4000/Case 015/Plot04/test47.png,test47.png,DHP - ERECT - 4000x4000,ERECT,Case 015,Plot04,3.42,2.7,1.0,15,1.82,0.57
Simulations/DHP - ERECT - 4000x4000/DHP - ERECT - 4000x4000/Case 015/Plot04/test48.png,test48.png,DHP - ERECT - 4000x4000,ERECT,Case 015,Plot04,3.42,2.7,1.0,15,1.82,0.57
Simulations/DHP - ERECT - 4000x4000/DHP - ERECT - 4000x4000/Case 015/Plot04/test49.png,test49.png,DHP - ERECT - 4000x4000,ERECT,Case 015,Plot04,3.42,2.7,1.0,15,1.82,0.57
Simulations/DHP - ERECT - 4000x4000/DHP - ERECT - 4000x4000/Case 014/Plot04/test40.png,test40.png,DHP - ERECT - 4000x4000,ERECT,Case 014,Plot04,2.82,2.1,1.0,14,1.74,0.64
Simulations/DHP - ERECT - 4000x4000/DHP - ERECT - 4000x4000/Case 014/Plot04/test41.png,test41.png,DHP - ERECT - 4000x4000,ERECT,Case 014,Plot04,2.82,2.1,1.0,14,1.74,0.64
Simulations/DHP - ERECT - 4000x4000/DHP - ERECT - 4000x4000/Case 014/Plot04/test42.png,test42.png,DHP - ERECT - 4000x4000,ERECT,Case 014,Plot04,2.82,2.1,1.0,14,1.74,0.64
Simulations/DHP - ERECT - 4000x4000/DHP - ERECT - 4000x4000/Case 014/Plot04/test43.png,test43.png,DHP - ERECT - 4000x4000,ERECT,Case 014,Plot04,2.82,2.1,1.0,14,1.74,0.64
Simulations/DHP - ERECT - 4000x4000/DHP - ERECT - 4000x4000/Case 014/Plot04/test44.png,test44.png,DHP - ERECT - 4000x4000,ERECT,Case 014,Plot04,2.82,2.1,1.0,14,1.74,0.64
Simulations/DHP - ERECT - 4000x4000/DHP - ERECT - 4000x4000/Case 014/Plot04/test45.png,test45.png,DHP - ERECT - 4000x4000,ERECT,Case 014,Plot04,2.82,2.1,1.0,14,1.74,0.64
Simulations/DHP - ERECT - 4000x4000/DHP - ERECT - 4000x4000/Case 014/Plot04/test46.png,test46.png,DHP - ERECT - 4000x4000,ERECT,Case 014,Plot04,2.82,2.1,1.0,14,1.74,0.64
Simulations/DHP - ERECT - 4000x4000/DHP - ERECT - 4000x4000/Case 014/Plot04/test47.png,test47.png,DHP - ERECT - 4000x4000,ERECT,Case 014,Plot04,2.82,2.1,1.0,14,1.74,0.64
Simulations/DHP - ERECT - 4000x4000/DHP - ERECT - 4000x4000/Case 014/Plot04/test48.png,test48.png,DHP - ERECT - 4000x4000,ERECT,Case 014,Plot04,2.82,2.1,1.0,14,1.74,0.64
Simulations/DHP - ERECT - 4000x4000/DHP - ERECT - 4000x4000/Case 014/Plot04/test49.png,test49.png,DHP - ERECT - 4000x4000,ERECT,Case 014,Plot04,2.82,2.1,1.0,14,1.74,0.64
Simulations/DHP - ERECT - 4000x4000/DHP - ERECT - 4000x4000/Case 013/Plot04/test40.png,test40.png,DHP - ERECT - 4000x4000,ERECT,Case 013,Plot04,4.24,4.0,0.96,13,2.57,0.901
Simulations/DHP - ERECT - 4000x4000/DHP - ERECT - 4000x4000/Case 013/Plot04/test41.png,test41.png,DHP - ERECT - 4000x4000,ERECT,Case 013,Plot04,4.24,4.0,0.96,13,2.57,0.901
Simulations/DHP - ERECT - 4000x4000/DHP - ERECT - 4000x4000/Case 013/Plot04/test42.png,test42.png,DHP - ERECT - 4000x4000,ERECT,Case 013,Plot04,4.24,4.0,0.96,13,2.57,0.901
Simulations/DHP - ERECT - 4000x4000/DHP - ERECT - 4000x4000/Case 013/Plot04/test43.png,test43.png,DHP - ERECT - 4000x4000,ERECT,Case 013,Plot04,4.24,4.0,0.96,13,2.57,0.901
Simulations/DHP - ERECT - 4000x4000/DHP - ERECT - 4000x4000/Case 013/Plot04/test44.png,test44.png,DHP - ERECT - 4000x4000,ERECT,Case 013,Plot04,4.24,4.0,0.96,13,2.57,0.901
Simulations/DHP - ERECT - 4000x4000/DHP - ERECT - 4000x4000/Case 013/Plot04/test45.png,test45.png,DHP - ERECT - 4000x4000,ERECT,Case 013,Plot04,4.24,4.0,0.96,13,2.57,0.901
Simulations/DHP - ERECT - 4000x4000/DHP - ERECT - 4000x4000/Case 013/Plot04/test46.png,test46.png,DHP - ERECT - 4000x4000,ERECT,Case 013,Plot04,4.24,4.0,0.96,13,2.57,0.901
Simulations/DHP - ERECT - 4000x4000/DHP - ERECT - 4000x4000/Case 013/Plot04/test47.png,test47.png,DHP - ERECT - 4000x4000,ERECT,Case 013,Plot04,4.24,4.0,0.96,13,2.57,0.901
Simulations/DHP - ERECT - 4000x4000/DHP - ERECT - 4000x4000/Case 013/Plot04/test48.png,test48.png,DHP - ERECT - 4000x4000,ERECT,Case 013,Plot04,4.24,4.0,0.96,13,2.57,0.901
Simulations/DHP - ERECT - 4000x4000/DHP - ERECT - 4000x4000/Case 013/Plot04/test49.png,test49.png,DHP - ERECT - 4000x4000,ERECT,Case 013,Plot04,4.24,4.0,0.96,13,2.57,0.901
Simulations/DHP - ERECT - 4000x4000/DHP - ERECT - 4000x4000/Case 012/Plot04/test40.png,test40.png,DHP - ERECT - 4000x4000,ERECT,Case 012,Plot04,3.205,2.5,0.86,12,1.5,0.73
Simulations/DHP - ERECT - 4000x4000/DHP - ERECT - 4000x4000/Case 012/Plot04/test41.png,test41.png,DHP - ERECT - 4000x4000,ERECT,Case 012,Plot04,3.205,2.5,0.86,12,1.5,0.73
Simulations/DHP - ERECT - 4000x4000/DHP - ERECT - 4000x4000/Case 012/Plot04/test42.png,test42.png,DHP - ERECT - 4000x4000,ERECT,Case 012,Plot04,3.205,2.5,0.86,12,1.5,0.73
Simulations/DHP - ERECT - 4000x4000/DHP - ERECT - 4000x4000/Case 012/Plot04/test43.png,test43.png,DHP - ERECT - 4000x4000,ERECT,Case 012,Plot04,3.205,2.5,0.86,12,1.5,0.73
Simulations/DHP - ERECT - 4000x4000/DHP - ERECT - 4000x4000/Case 012/Plot04/test44.png,test44.png,DHP - ERECT - 4000x4000,ERECT,Case 012,Plot04,3.205,2.5,0.86,12,1.5,0.73
Simulations/DHP - ERECT - 4000x4000/DHP - ERECT - 4000x4000/Case 012/Plot04/test45.png,test45.png,DHP - ERECT - 4000x4000,ERECT,Case 012,Plot04,3.205,2.5,0.86,12,1.5,0.73
Simulations/DHP - ERECT - 4000x4000/DHP - ERECT - 4000x4000/Case 012/Plot04/test46.png,test46.png,DHP - ERECT - 4000x4000,ERECT,Case 012,Plot04,3.205,2.5,0.86,12,1.5,0.73
Simulations/DHP - ERECT - 4000x4000/DHP - ERECT - 4000x4000/Case 012/Plot04/test47.png,test47.png,DHP - ERECT - 4000x4000,ERECT,Case 012,Plot04,3.205,2.5,0.86,12,1.5,0.73
Simulations/DHP - ERECT - 4000x4000/DHP - ERECT - 4000x4000/Case 012/Plot04/test48.png,test48.png,DHP - ERECT - 4000x4000,ERECT,Case 012,Plot04,3.205,2.5,0.86,12,1.5,0.73
Simulations/DHP - ERECT - 4000x4000/DHP - ERECT - 4000x4000/Case 012/Plot04/test49.png,test49.png,DHP - ERECT - 4000x4000,ERECT,Case 012,Plot04,3.205,2.5,0.86,12,1.5,0.73
Simulations/DHP - ERECT - 4000x4000/DHP - ERECT - 4000x4000/Case 011/Plot04/test40.png,test40.png,DHP - ERECT - 4000x4000,ERECT,Case 011,Plot04,3.0999999999999996,2.2,0.82,11,1.3,0.74
Simulations/DHP - ERECT - 4000x4000/DHP - ERECT - 4000x4000/Case 011/Plot04/test41.png,test41.png,DHP - ERECT - 4000x4000,ERECT,Case 011,Plot04,3.0999999999999996,2.2,0.82,11,1.3,0.74
Simulations/DHP - ERECT - 4000x4000/DHP - ERECT - 4000x4000/Case 011/Plot04/test42.png,test42.png,DHP - ERECT - 4000x4000,ERECT,Case 011,Plot04,3.0999999999999996,2.2,0.82,11,1.3,0.74
Simulations/DHP - ERECT - 4000x4000/DHP - ERECT - 4000x4000/Case 011/Plot04/test43.png,test43.png,DHP - ERECT - 4000x4000,ERECT,Case 011,Plot04,3.0999999999999996,2.2,0.82,11,1.3,0.74
Simulations/DHP - ERECT - 4000x4000/DHP - ERECT - 4000x4000/Case 011/Plot04/test44.png,test44.png,DHP - ERECT - 4000x4000,ERECT,Case 011,Plot04,3.0999999999999996,2.2,0.82,11,1.3,0.74
Simulations/DHP - ERECT - 4000x4000/DHP - ERECT - 4000x4000/Case 011/Plot04/test45.png,test45.png,DHP - ERECT - 4000x4000,ERECT,Case 011,Plot04,3.0999999999999996,2.2,0.82,11,1.3,0.74
Simulations/DHP - ERECT - 4000x4000/DHP - ERECT - 4000x4000/Case 011/Plot04/test46.png,test46.png,DHP - ERECT - 4000x4000,ERECT,Case 011,Plot04,3.0999999999999996,2.2,0.82,11,1.3,0.74
Simulations/DHP - ERECT - 4000x4000/DHP - ERECT - 4000x4000/Case 011/Plot04/test47.png,test47.png,DHP - ERECT - 4000x4000,ERECT,Case 011,Plot04,3.0999999999999996,2.2,0.82,11,1.3,0.74
Simulations/DHP - ERECT - 4000x4000/DHP - ERECT - 4000x4000/Case 011/Plot04/test48.png,test48.png,DHP - ERECT - 4000x4000,ERECT,Case 011,Plot04,3.0999999999999996,2.2,0.82,11,1.3,0.74
Simulations/DHP - ERECT - 4000x4000/DHP - ERECT - 4000x4000/Case 011/Plot04/test49.png,test49.png,DHP - ERECT - 4000x4000,ERECT,Case 011,Plot04,3.0999999999999996,2.2,0.82,11,1.3,0.74
Simulations/DHP - ERECT - 4000x4000/DHP - ERECT - 4000x4000/Case 010/Plot04/test40.png,test40.png,DHP - ERECT - 4000x4000,ERECT,Case 010,Plot04,4.289999999999999,3.6,0.9,10,1.67,0.65
Simulations/DHP - ERECT - 4000x4000/DHP - ERECT - 4000x4000/Case 010/Plot04/test41.png,test41.png,DHP - ERECT - 4000x4000,ERECT,Case 010,Plot04,4.289999999999999,3.6,0.9,10,1.67,0.65
Simulations/DHP - ERECT - 4000x4000/DHP - ERECT - 4000x4000/Case 010/Plot04/test42.png,test42.png,DHP - ERECT - 4000x4000,ERECT,Case 010,Plot04,4.289999999999999,3.6,0.9,10,1.67,0.65
Simulations/DHP - ERECT - 4000x4000/DHP - ERECT - 4000x4000/Case 010/Plot04/test43.png,test43.png,DHP - ERECT - 4000x4000,ERECT,Case 010,Plot04,4.289999999999999,3.6,0.9,10,1.67,0.65
Simulations/DHP - ERECT - 4000x4000/DHP - ERECT - 4000x4000/Case 010/Plot04/test44.png,test44.png,DHP - ERECT - 4000x4000,ERECT,Case 010,Plot04,4.289999999999999,3.6,0.9,10,1.67,0.65
Simulations/DHP - ERECT - 4000x4000/DHP - ERECT - 4000x4000/Case 010/Plot04/test45.png,test45.png,DHP - ERECT - 4000x4000,ERECT,Case 010,Plot04,4.289999999999999,3.6,0.9,10,1.67,0.65
Simulations/DHP - ERECT - 4000x4000/DHP - ERECT - 4000x4000/Case 010/Plot04/test46.png,test46.png,DHP - ERECT - 4000x4000,ERECT,Case 010,Plot04,4.289999999999999,3.6,0.9,10,1.67,0.65
Simulations/DHP - ERECT - 4000x4000/DHP - ERECT - 4000x4000/Case 010/Plot04/test47.png,test47.png,DHP - ERECT - 4000x4000,ERECT,Case 010,Plot04,4.289999999999999,3.6,0.9,10,1.67,0.65
Simulations/DHP - ERECT - 4000x4000/DHP - ERECT - 4000x4000/Case 010/Plot04/test48.png,test48.png,DHP - ERECT - 4000x4000,ERECT,Case 010,Plot04,4.289999999999999,3.6,0.9,10,1.67,0.65
Simulations/DHP - ERECT - 4000x4000/DHP - ERECT - 4000x4000/Case 010/Plot04/test49.png,test49.png,DHP - ERECT - 4000x4000,ERECT,Case 010,Plot04,4.289999999999999,3.6,0.9,10,1.67,0.65
Simulations/DHP - ERECT - 4000x4000/DHP - ERECT - 4000x4000/Case 009/Plot04/test40.png,test40.png,DHP - ERECT - 4000x4000,ERECT,Case 009,Plot04,2.635,2.5,0.97,9,1.06,0.6
Simulations/DHP - ERECT - 4000x4000/DHP - ERECT - 4000x4000/Case 009/Plot04/test41.png,test41.png,DHP - ERECT - 4000x4000,ERECT,Case 009,Plot04,2.635,2.5,0.97,9,1.06,0.6
Simulations/DHP - ERECT - 4000x4000/DHP - ERECT - 4000x4000/Case 009/Plot04/test42.png,test42.png,DHP - ERECT - 4000x4000,ERECT,Case 009,Plot04,2.635,2.5,0.97,9,1.06,0.6
Simulations/DHP - ERECT - 4000x4000/DHP - ERECT - 4000x4000/Case 009/Plot04/test43.png,test43.png,DHP - ERECT - 4000x4000,ERECT,Case 009,Plot04,2.635,2.5,0.97,9,1.06,0.6
Simulations/DHP - ERECT - 4000x4000/DHP - ERECT - 4000x4000/Case 009/Plot04/test44.png,test44.png,DHP - ERECT - 4000x4000,ERECT,Case 009,Plot04,2.635,2.5,0.97,9,1.06,0.6
Simulations/DHP - ERECT - 4000x4000/DHP - ERECT - 4000x4000/Case 009/Plot04/test45.png,test45.png,DHP - ERECT - 4000x4000,ERECT,Case 009,Plot04,2.635,2.5,0.97,9,1.06,0.6
Simulations/DHP - ERECT - 4000x4000/DHP - ERECT - 4000x4000/Case 009/Plot04/test46.png,test46.png,DHP - ERECT - 4000x4000,ERECT,Case 009,Plot04,2.635,2.5,0.97,9,1.06,0.6
Simulations/DHP - ERECT - 4000x4000/DHP - ERECT - 4000x4000/Case 009/Plot04/test47.png,test47.png,DHP - ERECT - 4000x4000,ERECT,Case 009,Plot04,2.635,2.5,0.97,9,1.06,0.6
Simulations/DHP - ERECT - 4000x4000/DHP - ERECT - 4000x4000/Case 009/Plot04/test48.png,test48.png,DHP - ERECT - 4000x4000,ERECT,Case 009,Plot04,2.635,2.5,0.97,9,1.06,0.6
Simulations/DHP - ERECT - 4000x4000/DHP - ERECT - 4000x4000/Case 009/Plot04/test49.png,test49.png,DHP - ERECT - 4000x4000,ERECT,Case 009,Plot04,2.635,2.5,0.97,9,1.06,0.6
Simulations/DHP - ERECT - 4000x4000/DHP - ERECT - 4000x4000/Case 008/Plot04/test40.png,test40.png,DHP - ERECT - 4000x4000,ERECT,Case 008,Plot04,0.56,0.5,0.93,8,0.36,0.95
Simulations/DHP - ERECT - 4000x4000/DHP - ERECT - 4000x4000/Case 008/Plot04/test41.png,test41.png,DHP - ERECT - 4000x4000,ERECT,Case 008,Plot04,0.56,0.5,0.93,8,0.36,0.95
Simulations/DHP - ERECT - 4000x4000/DHP - ERECT - 4000x4000/Case 008/Plot04/test42.png,test42.png,DHP - ERECT - 4000x4000,ERECT,Case 008,Plot04,0.56,0.5,0.93,8,0.36,0.95
Simulations/DHP - ERECT - 4000x4000/DHP - ERECT - 4000x4000/Case 008/Plot04/test43.png,test43.png,DHP - ERECT - 4000x4000,ERECT,Case 008,Plot04,0.56,0.5,0.93,8,0.36,0.95
Simulations/DHP - ERECT - 4000x4000/DHP - ERECT - 4000x4000/Case 008/Plot04/test44.png,test44.png,DHP - ERECT - 4000x4000,ERECT,Case 008,Plot04,0.56,0.5,0.93,8,0.36,0.95
Simulations/DHP - ERECT - 4000x4000/DHP - ERECT - 4000x4000/Case 008/Plot04/test45.png,test45.png,DHP - ERECT - 4000x4000,ERECT,Case 008,Plot04,0.56,0.5,0.93,8,0.36,0.95
Simulations/DHP - ERECT - 4000x4000/DHP - ERECT - 4000x4000/Case 008/Plot04/test46.png,test46.png,DHP - ERECT - 4000x4000,ERECT,Case 008,Plot04,0.56,0.5,0.93,8,0.36,0.95
Simulations/DHP - ERECT - 4000x4000/DHP - ERECT - 4000x4000/Case 008/Plot04/test47.png,test47.png,DHP - ERECT - 4000x4000,ERECT,Case 008,Plot04,0.56,0.5,0.93,8,0.36,0.95
Simulations/DHP - ERECT - 4000x4000/DHP - ERECT - 4000x4000/Case 008/Plot04/test48.png,test48.png,DHP - ERECT - 4000x4000,ERECT,Case 008,Plot04,0.56,0.5,0.93,8,0.36,0.95
Simulations/DHP - ERECT - 4000x4000/DHP - ERECT - 4000x4000/Case 008/Plot04/test49.png,test49.png,DHP - ERECT - 4000x4000,ERECT,Case 008,Plot04,0.56,0.5,0.93,8,0.36,0.95
Simulations/DHP - ERECT - 4000x4000/DHP - ERECT - 4000x4000/Case 007/Plot04/test40.png,test40.png,DHP - ERECT - 4000x4000,ERECT,Case 007,Plot04,2.06,2.0,0.98,7,0.88,0.63
Simulations/DHP - ERECT - 4000x4000/DHP - ERECT - 4000x4000/Case 007/Plot04/test41.png,test41.png,DHP - ERECT - 4000x4000,ERECT,Case 007,Plot04,2.06,2.0,0.98,7,0.88,0.63
Simulations/DHP - ERECT - 4000x4000/DHP - ERECT - 4000x4000/Case 007/Plot04/test42.png,test42.png,DHP - ERECT - 4000x4000,ERECT,Case 007,Plot04,2.06,2.0,0.98,7,0.88,0.63
Simulations/DHP - ERECT - 4000x4000/DHP - ERECT - 4000x4000/Case 007/Plot04/test43.png,test43.png,DHP - ERECT - 4000x4000,ERECT,Case 007,Plot04,2.06,2.0,0.98,7,0.88,0.63
Simulations/DHP - ERECT - 4000x4000/DHP - ERECT - 4000x4000/Case 007/Plot04/test44.png,test44.png,DHP - ERECT - 4000x4000,ERECT,Case 007,Plot04,2.06,2.0,0.98,7,0.88,0.63
Simulations/DHP - ERECT - 4000x4000/DHP - ERECT - 4000x4000/Case 007/Plot04/test45.png,test45.png,DHP - ERECT - 4000x4000,ERECT,Case 007,Plot04,2.06,2.0,0.98,7,0.88,0.63
Simulations/DHP - ERECT - 4000x4000/DHP - ERECT - 4000x4000/Case 007/Plot04/test46.png,test46.png,DHP - ERECT - 4000x4000,ERECT,Case 007,Plot04,2.06,2.0,0.98,7,0.88,0.63
Simulations/DHP - ERECT - 4000x4000/DHP - ERECT - 4000x4000/Case 007/Plot04/test47.png,test47.png,DHP - ERECT - 4000x4000,ERECT,Case 007,Plot04,2.06,2.0,0.98,7,0.88,0.63
Simulations/DHP - ERECT - 4000x4000/DHP - ERECT - 4000x4000/Case 007/Plot04/test48.png,test48.png,DHP - ERECT - 4000x4000,ERECT,Case 007,Plot04,2.06,2.0,0.98,7,0.88,0.63
Simulations/DHP - ERECT - 4000x4000/DHP - ERECT - 4000x4000/Case 007/Plot04/test49.png,test49.png,DHP - ERECT - 4000x4000,ERECT,Case 007,Plot04,2.06,2.0,0.98,7,0.88,0.63
Simulations/DHP - ERECT - 4000x4000/DHP - ERECT - 4000x4000/Case 006/Plot04/test40.png,test40.png,DHP - ERECT - 4000x4000,ERECT,Case 006,Plot04,2.135,2.0,0.96,6,0.97,0.79
Simulations/DHP - ERECT - 4000x4000/DHP - ERECT - 4000x4000/Case 006/Plot04/test41.png,test41.png,DHP - ERECT - 4000x4000,ERECT,Case 006,Plot04,2.135,2.0,0.96,6,0.97,0.79
Simulations/DHP - ERECT - 4000x4000/DHP - ERECT - 4000x4000/Case 006/Plot04/test42.png,test42.png,DHP - ERECT - 4000x4000,ERECT,Case 006,Plot04,2.135,2.0,0.96,6,0.97,0.79
Simulations/DHP - ERECT - 4000x4000/DHP - ERECT - 4000x4000/Case 006/Plot04/test43.png,test43.png,DHP - ERECT - 4000x4000,ERECT,Case 006,Plot04,2.135,2.0,0.96,6,0.97,0.79
Simulations/DHP - ERECT - 4000x4000/DHP - ERECT - 4000x4000/Case 006/Plot04/test44.png,test44.png,DHP - ERECT - 4000x4000,ERECT,Case 006,Plot04,2.135,2.0,0.96,6,0.97,0.79
Simulations/DHP - ERECT - 4000x4000/DHP - ERECT - 4000x4000/Case 006/Plot04/test45.png,test45.png,DHP - ERECT - 4000x4000,ERECT,Case 006,Plot04,2.135,2.0,0.96,6,0.97,0.79
Simulations/DHP - ERECT - 4000x4000/DHP - ERECT - 4000x4000/Case 006/Plot04/test46.png,test46.png,DHP - ERECT - 4000x4000,ERECT,Case 006,Plot04,2.135,2.0,0.96,6,0.97,0.79
Simulations/DHP - ERECT - 4000x4000/DHP - ERECT - 4000x4000/Case 006/Plot04/test47.png,test47.png,DHP - ERECT - 4000x4000,ERECT,Case 006,Plot04,2.135,2.0,0.96,6,0.97,0.79
Simulations/DHP - ERECT - 4000x4000/DHP - ERECT - 4000x4000/Case 006/Plot04/test48.png,test48.png,DHP - ERECT - 4000x4000,ERECT,Case 006,Plot04,2.135,2.0,0.96,6,0.97,0.79
Simulations/DHP - ERECT - 4000x4000/DHP - ERECT - 4000x4000/Case 006/Plot04/test49.png,test49.png,DHP - ERECT - 4000x4000,ERECT,Case 006,Plot04,2.135,2.0,0.96,6,0.97,0.79
Simulations/DHP - ERECT - 4000x4000/DHP - ERECT - 4000x4000/Case 005/Plot04/test40.png,test40.png,DHP - ERECT - 4000x4000,ERECT,Case 005,Plot04,2.135,2.0,0.96,5,1.13,0.85
Simulations/DHP - ERECT - 4000x4000/DHP - ERECT - 4000x4000/Case 005/Plot04/test41.png,test41.png,DHP - ERECT - 4000x4000,ERECT,Case 005,Plot04,2.135,2.0,0.96,5,1.13,0.85
Simulations/DHP - ERECT - 4000x4000/DHP - ERECT - 4000x4000/Case 005/Plot04/test42.png,test42.png,DHP - ERECT - 4000x4000,ERECT,Case 005,Plot04,2.135,2.0,0.96,5,1.13,0.85
Simulations/DHP - ERECT - 4000x4000/DHP - ERECT - 4000x4000/Case 005/Plot04/test43.png,test43.png,DHP - ERECT - 4000x4000,ERECT,Case 005,Plot04,2.135,2.0,0.96,5,1.13,0.85
Simulations/DHP - ERECT - 4000x4000/DHP - ERECT - 4000x4000/Case 005/Plot04/test44.png,test44.png,DHP - ERECT - 4000x4000,ERECT,Case 005,Plot04,2.135,2.0,0.96,5,1.13,0.85
Simulations/DHP - ERECT - 4000x4000/DHP - ERECT - 4000x4000/Case 005/Plot04/test45.png,test45.png,DHP - ERECT - 4000x4000,ERECT,Case 005,Plot04,2.135,2.0,0.96,5,1.13,0.85
Simulations/DHP - ERECT - 4000x4000/DHP - ERECT - 4000x4000/Case 005/Plot04/test46.png,test46.png,DHP - ERECT - 4000x4000,ERECT,Case 005,Plot04,2.135,2.0,0.96,5,1.13,0.85
Simulations/DHP - ERECT - 4000x4000/DHP - ERECT - 4000x4000/Case 005/Plot04/test47.png,test47.png,DHP - ERECT - 4000x4000,ERECT,Case 005,Plot04,2.135,2.0,0.96,5,1.13,0.85
Simulations/DHP - ERECT - 4000x4000/DHP - ERECT - 4000x4000/Case 005/Plot04/test48.png,test48.png,DHP - ERECT - 4000x4000,ERECT,Case 005,Plot04,2.135,2.0,0.96,5,1.13,0.85
Simulations/DHP - ERECT - 4000x4000/DHP - ERECT - 4000x4000/Case 005/Plot04/test49.png,test49.png,DHP - ERECT - 4000x4000,ERECT,Case 005,Plot04,2.135,2.0,0.96,5,1.13,0.85
Simulations/DHP - ERECT - 4000x4000/DHP - ERECT - 4000x4000/Case 004/Plot04/test40.png,test40.png,DHP - ERECT - 4000x4000,ERECT,Case 004,Plot04,2.135,2.0,0.96,4,1.3,0.924
Simulations/DHP - ERECT - 4000x4000/DHP - ERECT - 4000x4000/Case 004/Plot04/test41.png,test41.png,DHP - ERECT - 4000x4000,ERECT,Case 004,Plot04,2.135,2.0,0.96,4,1.3,0.924
Simulations/DHP - ERECT - 4000x4000/DHP - ERECT - 4000x4000/Case 004/Plot04/test42.png,test42.png,DHP - ERECT - 4000x4000,ERECT,Case 004,Plot04,2.135,2.0,0.96,4,1.3,0.924
Simulations/DHP - ERECT - 4000x4000/DHP - ERECT - 4000x4000/Case 004/Plot04/test43.png,test43.png,DHP - ERECT - 4000x4000,ERECT,Case 004,Plot04,2.135,2.0,0.96,4,1.3,0.924
Simulations/DHP - ERECT - 4000x4000/DHP - ERECT - 4000x4000/Case 004/Plot04/test44.png,test44.png,DHP - ERECT - 4000x4000,ERECT,Case 004,Plot04,2.135,2.0,0.96,4,1.3,0.924
Simulations/DHP - ERECT - 4000x4000/DHP - ERECT - 4000x4000/Case 004/Plot04/test45.png,test45.png,DHP - ERECT - 4000x4000,ERECT,Case 004,Plot04,2.135,2.0,0.96,4,1.3,0.924
Simulations/DHP - ERECT - 4000x4000/DHP - ERECT - 4000x4000/Case 004/Plot04/test46.png,test46.png,DHP - ERECT - 4000x4000,ERECT,Case 004,Plot04,2.135,2.0,0.96,4,1.3,0.924
Simulations/DHP - ERECT - 4000x4000/DHP - ERECT - 4000x4000/Case 004/Plot04/test47.png,test47.png,DHP - ERECT - 4000x4000,ERECT,Case 004,Plot04,2.135,2.0,0.96,4,1.3,0.924
Simulations/DHP - ERECT - 4000x4000/DHP - ERECT - 4000x4000/Case 004/Plot04/test48.png,test48.png,DHP - ERECT - 4000x4000,ERECT,Case 004,Plot04,2.135,2.0,0.96,4,1.3,0.924
Simulations/DHP - ERECT - 4000x4000/DHP - ERECT - 4000x4000/Case 004/Plot04/test49.png,test49.png,DHP - ERECT - 4000x4000,ERECT,Case 004,Plot04,2.135,2.0,0.96,4,1.3,0.924
Simulations/DHP - ERECT - 4000x4000/DHP - ERECT - 4000x4000/Case 003/Plot04/test40.png,test40.png,DHP - ERECT - 4000x4000,ERECT,Case 003,Plot04,1.135,1.0,0.92,3,0.706,0.93
Simulations/DHP - ERECT - 4000x4000/DHP - ERECT - 4000x4000/Case 003/Plot04/test41.png,test41.png,DHP - ERECT - 4000x4000,ERECT,Case 003,Plot04,1.135,1.0,0.92,3,0.706,0.93
Simulations/DHP - ERECT - 4000x4000/DHP - ERECT - 4000x4000/Case 003/Plot04/test42.png,test42.png,DHP - ERECT - 4000x4000,ERECT,Case 003,Plot04,1.135,1.0,0.92,3,0.706,0.93
Simulations/DHP - ERECT - 4000x4000/DHP - ERECT - 4000x4000/Case 003/Plot04/test43.png,test43.png,DHP - ERECT - 4000x4000,ERECT,Case 003,Plot04,1.135,1.0,0.92,3,0.706,0.93
Simulations/DHP - ERECT - 4000x4000/DHP - ERECT - 4000x4000/Case 003/Plot04/test44.png,test44.png,DHP - ERECT - 4000x4000,ERECT,Case 003,Plot04,1.135,1.0,0.92,3,0.706,0.93
Simulations/DHP - ERECT - 4000x4000/DHP - ERECT - 4000x4000/Case 003/Plot04/test45.png,test45.png,DHP - ERECT - 4000x4000,ERECT,Case 003,Plot04,1.135,1.0,0.92,3,0.706,0.93
Simulations/DHP - ERECT - 4000x4000/DHP - ERECT - 4000x4000/Case 003/Plot04/test46.png,test46.png,DHP - ERECT - 4000x4000,ERECT,Case 003,Plot04,1.135,1.0,0.92,3,0.706,0.93
Simulations/DHP - ERECT - 4000x4000/DHP - ERECT - 4000x4000/Case 003/Plot04/test47.png,test47.png,DHP - ERECT - 4000x4000,ERECT,Case 003,Plot04,1.135,1.0,0.92,3,0.706,0.93
Simulations/DHP - ERECT - 4000x4000/DHP - ERECT - 4000x4000/Case 003/Plot04/test48.png,test48.png,DHP - ERECT - 4000x4000,ERECT,Case 003,Plot04,1.135,1.0,0.92,3,0.706,0.93
Simulations/DHP - ERECT - 4000x4000/DHP - ERECT - 4000x4000/Case 003/Plot04/test49.png,test49.png,DHP - ERECT - 4000x4000,ERECT,Case 003,Plot04,1.135,1.0,0.92,3,0.706,0.93
Simulations/DHP - ERECT - 4000x4000/DHP - ERECT - 4000x4000/Case 002/Plot04/test40.png,test40.png,DHP - ERECT - 4000x4000,ERECT,Case 002,Plot04,2.135,2.0,0.96,2,1.24,0.87
Simulations/DHP - ERECT - 4000x4000/DHP - ERECT - 4000x4000/Case 002/Plot04/test41.png,test41.png,DHP - ERECT - 4000x4000,ERECT,Case 002,Plot04,2.135,2.0,0.96,2,1.24,0.87
Simulations/DHP - ERECT - 4000x4000/DHP - ERECT - 4000x4000/Case 002/Plot04/test42.png,test42.png,DHP - ERECT - 4000x4000,ERECT,Case 002,Plot04,2.135,2.0,0.96,2,1.24,0.87
Simulations/DHP - ERECT - 4000x4000/DHP - ERECT - 4000x4000/Case 002/Plot04/test43.png,test43.png,DHP - ERECT - 4000x4000,ERECT,Case 002,Plot04,2.135,2.0,0.96,2,1.24,0.87
Simulations/DHP - ERECT - 4000x4000/DHP - ERECT - 4000x4000/Case 002/Plot04/test44.png,test44.png,DHP - ERECT - 4000x4000,ERECT,Case 002,Plot04,2.135,2.0,0.96,2,1.24,0.87
Simulations/DHP - ERECT - 4000x4000/DHP - ERECT - 4000x4000/Case 002/Plot04/test45.png,test45.png,DHP - ERECT - 4000x4000,ERECT,Case 002,Plot04,2.135,2.0,0.96,2,1.24,0.87
Simulations/DHP - ERECT - 4000x4000/DHP - ERECT - 4000x4000/Case 002/Plot04/test46.png,test46.png,DHP - ERECT - 4000x4000,ERECT,Case 002,Plot04,2.135,2.0,0.96,2,1.24,0.87
Simulations/DHP - ERECT - 4000x4000/DHP - ERECT - 4000x4000/Case 002/Plot04/test47.png,test47.png,DHP - ERECT - 4000x4000,ERECT,Case 002,Plot04,2.135,2.0,0.96,2,1.24,0.87
Simulations/DHP - ERECT - 4000x4000/DHP - ERECT - 4000x4000/Case 002/Plot04/test48.png,test48.png,DHP - ERECT - 4000x4000,ERECT,Case 002,Plot04,2.135,2.0,0.96,2,1.24,0.87
Simulations/DHP - ERECT - 4000x4000/DHP - ERECT - 4000x4000/Case 002/Plot04/test49.png,test49.png,DHP - ERECT - 4000x4000,ERECT,Case 002,Plot04,2.135,2.0,0.96,2,1.24,0.87
Simulations/DHP - ERECT - 4000x4000/DHP - ERECT - 4000x4000/Case 001/Plot04/test40.png,test40.png,DHP - ERECT - 4000x4000,ERECT,Case 001,Plot04,3.135,3.0,0.97,1,1.66,0.83
Simulations/DHP - ERECT - 4000x4000/DHP - ERECT - 4000x4000/Case 001/Plot04/test41.png,test41.png,DHP - ERECT - 4000x4000,ERECT,Case 001,Plot04,3.135,3.0,0.97,1,1.66,0.83
Simulations/DHP - ERECT - 4000x4000/DHP - ERECT - 4000x4000/Case 001/Plot04/test42.png,test42.png,DHP - ERECT - 4000x4000,ERECT,Case 001,Plot04,3.135,3.0,0.97,1,1.66,0.83
Simulations/DHP - ERECT - 4000x4000/DHP - ERECT - 4000x4000/Case 001/Plot04/test43.png,test43.png,DHP - ERECT - 4000x4000,ERECT,Case 001,Plot04,3.135,3.0,0.97,1,1.66,0.83
Simulations/DHP - ERECT - 4000x4000/DHP - ERECT - 4000x4000/Case 001/Plot04/test44.png,test44.png,DHP - ERECT - 4000x4000,ERECT,Case 001,Plot04,3.135,3.0,0.97,1,1.66,0.83
Simulations/DHP - ERECT - 4000x4000/DHP - ERECT - 4000x4000/Case 001/Plot04/test45.png,test45.png,DHP - ERECT - 4000x4000,ERECT,Case 001,Plot04,3.135,3.0,0.97,1,1.66,0.83
Simulations/DHP - ERECT - 4000x4000/DHP - ERECT - 4000x4000/Case 001/Plot04/test46.png,test46.png,DHP - ERECT - 4000x4000,ERECT,Case 001,Plot04,3.135,3.0,0.97,1,1.66,0.83
Simulations/DHP - ERECT - 4000x4000/DHP - ERECT - 4000x4000/Case 001/Plot04/test47.png,test47.png,DHP - ERECT - 4000x4000,ERECT,Case 001,Plot04,3.135,3.0,0.97,1,1.66,0.83
Simulations/DHP - ERECT - 4000x4000/DHP - ERECT - 4000x4000/Case 001/Plot04/test48.png,test48.png,DHP - ERECT - 4000x4000,ERECT,Case 001,Plot04,3.135,3.0,0.97,1,1.66,0.83
Simulations/DHP - ERECT - 4000x4000/DHP - ERECT - 4000x4000/Case 001/Plot04/test49.png,test49.png,DHP - ERECT - 4000x4000,ERECT,Case 001,Plot04,3.135,3.0,0.97,1,1.66,0.83
