image_path,filename,simulation_set,orientation,case_norm,plot,truth_PAI,truth_LAI,truth_Clumping,truth_sim_id
Simulations/DHP - ERECT - 4000x4000/DHP - ERECT - 4000x4000/Case 001/Plot04/test40.png,test40.png,DHP - ERECT - 4000x4000,ERECT,Case 001,Plot04,3.135,3.0,0.97,1
Simulations/DHP - ERECT - 4000x4000/DHP - ERECT - 4000x4000/Case 001/Plot04/test41.png,test41.png,DHP - ERECT - 4000x4000,ERECT,Case 001,Plot04,3.135,3.0,0.97,1
Simulations/DHP - ERECT - 4000x4000/DHP - ERECT - 4000x4000/Case 001/Plot04/test42.png,test42.png,DHP - ERECT - 4000x4000,ERECT,Case 001,Plot04,3.135,3.0,0.97,1
Simulations/DHP - ERECT - 4000x4000/DHP - ERECT - 4000x4000/Case 001/Plot04/test43.png,test43.png,DHP - ERECT - 4000x4000,ERECT,Case 001,Plot04,3.135,3.0,0.97,1
Simulations/DHP - ERECT - 4000x4000/DHP - ERECT - 4000x4000/Case 001/Plot04/test44.png,test44.png,DHP - ERECT - 4000x4000,ERECT,Case 001,Plot04,3.135,3.0,0.97,1
Simulations/DHP - ERECT - 4000x4000/DHP - ERECT - 4000x4000/Case 001/Plot04/test45.png,test45.png,DHP - ERECT - 4000x4000,ERECT,Case 001,Plot04,3.135,3.0,0.97,1
Simulations/DHP - ERECT - 4000x4000/DHP - ERECT - 4000x4000/Case 001/Plot04/test46.png,test46.png,DHP - ERECT - 4000x4000,ERECT,Case 001,Plot04,3.135,3.0,0.97,1
Simulations/DHP - ERECT - 4000x4000/DHP - ERECT - 4000x4000/Case 001/Plot04/test47.png,test47.png,DHP - ERECT - 4000x4000,ERECT,Case 001,Plot04,3.135,3.0,0.97,1
Simulations/DHP - ERECT - 4000x4000/DHP - ERECT - 4000x4000/Case 001/Plot04/test48.png,test48.png,DHP - ERECT - 4000x4000,ERECT,Case 001,Plot04,3.135,3.0,0.97,1
Simulations/DHP - ERECT - 4000x4000/DHP - ERECT - 4000x4000/Case 001/Plot04/test49.png,test49.png,DHP - ERECT - 4000x4000,ERECT,Case 001,Plot04,3.135,3.0,0.97,1
Simulations/DHP - ERECT - 4000x4000/DHP - ERECT - 4000x4000/Case 002/Plot04/test40.png,test40.png,DHP - ERECT - 4000x4000,ERECT,Case 002,Plot04,2.135,2.0,0.96,2
Simulations/DHP - ERECT - 4000x4000/DHP - ERECT - 4000x4000/Case 002/Plot04/test41.png,test41.png,DHP - ERECT - 4000x4000,ERECT,Case 002,Plot04,2.135,2.0,0.96,2
Simulations/DHP - ERECT - 4000x4000/DHP - ERECT - 4000x4000/Case 002/Plot04/test42.png,test42.png,DHP - ERECT - 4000x4000,ERECT,Case 002,Plot04,2.135,2.0,0.96,2
Simulations/DHP - ERECT - 4000x4000/DHP - ERECT - 4000x4000/Case 002/Plot04/test43.png,test43.png,DHP - ERECT - 4000x4000,ERECT,Case 002,Plot04,2.135,2.0,0.96,2
Simulations/DHP - ERECT - 4000x4000/DHP - ERECT - 4000x4000/Case 002/Plot04/test44.png,test44.png,DHP - ERECT - 4000x4000,ERECT,Case 002,Plot04,2.135,2.0,0.96,2
Simulations/DHP - ERECT - 4000x4000/DHP - ERECT - 4000x4000/Case 002/Plot04/test45.png,test45.png,DHP - ERECT - 4000x4000,ERECT,Case 002,Plot04,2.135,2.0,0.96,2
Simulations/DHP - ERECT - 4000x4000/DHP - ERECT - 4000x4000/Case 002/Plot04/test46.png,test46.png,DHP - ERECT - 4000x4000,ERECT,Case 002,Plot04,2.135,2.0,0.96,2
Simulations/DHP - ERECT - 4000x4000/DHP - ERECT - 4000x4000/Case 002/Plot04/test47.png,test47.png,DHP - ERECT - 4000x4000,ERECT,Case 002,Plot04,2.135,2.0,0.96,2
Simulations/DHP - ERECT - 4000x4000/DHP - ERECT - 4000x4000/Case 002/Plot04/test48.png,test48.png,DHP - ERECT - 4000x4000,ERECT,Case 002,Plot04,2.135,2.0,0.96,2
Simulations/DHP - ERECT - 4000x4000/DHP - ERECT - 4000x4000/Case 002/Plot04/test49.png,test49.png,DHP - ERECT - 4000x4000,ERECT,Case 002,Plot04,2.135,2.0,0.96,2
Simulations/DHP - ERECT - 4000x4000/DHP - ERECT - 4000x4000/Case 003/Plot04/test40.png,test40.png,DHP - ERECT - 4000x4000,ERECT,Case 003,Plot04,1.135,1.0,0.92,3
Simulations/DHP - ERECT - 4000x4000/DHP - ERECT - 4000x4000/Case 003/Plot04/test41.png,test41.png,DHP - ERECT - 4000x4000,ERECT,Case 003,Plot04,1.135,1.0,0.92,3
Simulations/DHP - ERECT - 4000x4000/DHP - ERECT - 4000x4000/Case 003/Plot04/test42.png,test42.png,DHP - ERECT - 4000x4000,ERECT,Case 003,Plot04,1.135,1.0,0.92,3
Simulations/DHP - ERECT - 4000x4000/DHP - ERECT - 4000x4000/Case 003/Plot04/test43.png,test43.png,DHP - ERECT - 4000x4000,ERECT,Case 003,Plot04,1.135,1.0,0.92,3
Simulations/DHP - ERECT - 4000x4000/DHP - ERECT - 4000x4000/Case 003/Plot04/test44.png,test44.png,DHP - ERECT - 4000x4000,ERECT,Case 003,Plot04,1.135,1.0,0.92,3
Simulations/DHP - ERECT - 4000x4000/DHP - ERECT - 4000x4000/Case 003/Plot04/test45.png,test45.png,DHP - ERECT - 4000x4000,ERECT,Case 003,Plot04,1.135,1.0,0.92,3
Simulations/DHP - ERECT - 4000x4000/DHP - ERECT - 4000x4000/Case 003/Plot04/test46.png,test46.png,DHP - ERECT - 4000x4000,ERECT,Case 003,Plot04,1.135,1.0,0.92,3
Simulations/DHP - ERECT - 4000x4000/DHP - ERECT - 4000x4000/Case 003/Plot04/test47.png,test47.png,DHP - ERECT - 4000x4000,ERECT,Case 003,Plot04,1.135,1.0,0.92,3
Simulations/DHP - ERECT - 4000x4000/DHP - ERECT - 4000x4000/Case 003/Plot04/test48.png,test48.png,DHP - ERECT - 4000x4000,ERECT,Case 003,Plot04,1.135,1.0,0.92,3
Simulations/DHP - ERECT - 4000x4000/DHP - ERECT - 4000x4000/Case 003/Plot04/test49.png,test49.png,DHP - ERECT - 4000x4000,ERECT,Case 003,Plot04,1.135,1.0,0.92,3
Simulations/DHP - ERECT - 4000x4000/DHP - ERECT - 4000x4000/Case 004/Plot04/test40.png,test40.png,DHP - ERECT - 4000x4000,ERECT,Case 004,Plot04,2.135,2.0,0.96,4
Simulations/DHP - ERECT - 4000x4000/DHP - ERECT - 4000x4000/Case 004/Plot04/test41.png,test41.png,DHP - ERECT - 4000x4000,ERECT,Case 004,Plot04,2.135,2.0,0.96,4
Simulations/DHP - ERECT - 4000x4000/DHP - ERECT - 4000x4000/Case 004/Plot04/test42.png,test42.png,DHP - ERECT - 4000x4000,ERECT,Case 004,Plot04,2.135,2.0,0.96,4
Simulations/DHP - ERECT - 4000x4000/DHP - ERECT - 4000x4000/Case 004/Plot04/test43.png,test43.png,DHP - ERECT - 4000x4000,ERECT,Case 004,Plot04,2.135,2.0,0.96,4
Simulations/DHP - ERECT - 4000x4000/DHP - ERECT - 4000x4000/Case 004/Plot04/test44.png,test44.png,DHP - ERECT - 4000x4000,ERECT,Case 004,Plot04,2.135,2.0,0.96,4
Simulations/DHP - ERECT - 4000x4000/DHP - ERECT - 4000x4000/Case 004/Plot04/test45.png,test45.png,DHP - ERECT - 4000x4000,ERECT,Case 004,Plot04,2.135,2.0,0.96,4
Simulations/DHP - ERECT - 4000x4000/DHP - ERECT - 4000x4000/Case 004/Plot04/test46.png,test46.png,DHP - ERECT - 4000x4000,ERECT,Case 004,Plot04,2.135,2.0,0.96,4
Simulations/DHP - ERECT - 4000x4000/DHP - ERECT - 4000x4000/Case 004/Plot04/test47.png,test47.png,DHP - ERECT - 4000x4000,ERECT,Case 004,Plot04,2.135,2.0,0.96,4
Simulations/DHP - ERECT - 4000x4000/DHP - ERECT - 4000x4000/Case 004/Plot04/test48.png,test48.png,DHP - ERECT - 4000x4000,ERECT,Case 004,Plot04,2.135,2.0,0.96,4
Simulations/DHP - ERECT - 4000x4000/DHP - ERECT - 4000x4000/Case 004/Plot04/test49.png,test49.png,DHP - ERECT - 4000x4000,ERECT,Case 004,Plot04,2.135,2.0,0.96,4
Simulations/DHP - ERECT - 4000x4000/DHP - ERECT - 4000x4000/Case 005/Plot04/test40.png,test40.png,DHP - ERECT - 4000x4000,ERECT,Case 005,Plot04,2.135,2.0,0.96,5
Simulations/DHP - ERECT - 4000x4000/DHP - ERECT - 4000x4000/Case 005/Plot04/test41.png,test41.png,DHP - ERECT - 4000x4000,ERECT,Case 005,Plot04,2.135,2.0,0.96,5
Simulations/DHP - ERECT - 4000x4000/DHP - ERECT - 4000x4000/Case 005/Plot04/test42.png,test42.png,DHP - ERECT - 4000x4000,ERECT,Case 005,Plot04,2.135,2.0,0.96,5
Simulations/DHP - ERECT - 4000x4000/DHP - ERECT - 4000x4000/Case 005/Plot04/test43.png,test43.png,DHP - ERECT - 4000x4000,ERECT,Case 005,Plot04,2.135,2.0,0.96,5
Simulations/DHP - ERECT - 4000x4000/DHP - ERECT - 4000x4000/Case 005/Plot04/test44.png,test44.png,DHP - ERECT - 4000x4000,ERECT,Case 005,Plot04,2.135,2.0,0.96,5
Simulations/DHP - ERECT - 4000x4000/DHP - ERECT - 4000x4000/Case 005/Plot04/test45.png,test45.png,DHP - ERECT - 4000x4000,ERECT,Case 005,Plot04,2.135,2.0,0.96,5
Simulations/DHP - ERECT - 4000x4000/DHP - ERECT - 4000x4000/Case 005/Plot04/test46.png,test46.png,DHP - ERECT - 4000x4000,ERECT,Case 005,Plot04,2.135,2.0,0.96,5
Simulations/DHP - ERECT - 4000x4000/DHP - ERECT - 4000x4000/Case 005/Plot04/test47.png,test47.png,DHP - ERECT - 4000x4000,ERECT,Case 005,Plot04,2.135,2.0,0.96,5
Simulations/DHP - ERECT - 4000x4000/DHP - ERECT - 4000x4000/Case 005/Plot04/test48.png,test48.png,DHP - ERECT - 4000x4000,ERECT,Case 005,Plot04,2.135,2.0,0.96,5
Simulations/DHP - ERECT - 4000x4000/DHP - ERECT - 4000x4000/Case 005/Plot04/test49.png,test49.png,DHP - ERECT - 4000x4000,ERECT,Case 005,Plot04,2.135,2.0,0.96,5
Simulations/DHP - ERECT - 4000x4000/DHP - ERECT - 4000x4000/Case 006/Plot04/test40.png,test40.png,DHP - ERECT - 4000x4000,ERECT,Case 006,Plot04,2.135,2.0,0.96,6
Simulations/DHP - ERECT - 4000x4000/DHP - ERECT - 4000x4000/Case 006/Plot04/test41.png,test41.png,DHP - ERECT - 4000x4000,ERECT,Case 006,Plot04,2.135,2.0,0.96,6
Simulations/DHP - ERECT - 4000x4000/DHP - ERECT - 4000x4000/Case 006/Plot04/test42.png,test42.png,DHP - ERECT - 4000x4000,ERECT,Case 006,Plot04,2.135,2.0,0.96,6
Simulations/DHP - ERECT - 4000x4000/DHP - ERECT - 4000x4000/Case 006/Plot04/test43.png,test43.png,DHP - ERECT - 4000x4000,ERECT,Case 006,Plot04,2.135,2.0,0.96,6
Simulations/DHP - ERECT - 4000x4000/DHP - ERECT - 4000x4000/Case 006/Plot04/test44.png,test44.png,DHP - ERECT - 4000x4000,ERECT,Case 006,Plot04,2.135,2.0,0.96,6
Simulations/DHP - ERECT - 4000x4000/DHP - ERECT - 4000x4000/Case 006/Plot04/test45.png,test45.png,DHP - ERECT - 4000x4000,ERECT,Case 006,Plot04,2.135,2.0,0.96,6
Simulations/DHP - ERECT - 4000x4000/DHP - ERECT - 4000x4000/Case 006/Plot04/test46.png,test46.png,DHP - ERECT - 4000x4000,ERECT,Case 006,Plot04,2.135,2.0,0.96,6
Simulations/DHP - ERECT - 4000x4000/DHP - ERECT - 4000x4000/Case 006/Plot04/test47.png,test47.png,DHP - ERECT - 4000x4000,ERECT,Case 006,Plot04,2.135,2.0,0.96,6
Simulations/DHP - ERECT - 4000x4000/DHP - ERECT - 4000x4000/Case 006/Plot04/test48.png,test48.png,DHP - ERECT - 4000x4000,ERECT,Case 006,Plot04,2.135,2.0,0.96,6
Simulations/DHP - ERECT - 4000x4000/DHP - ERECT - 4000x4000/Case 006/Plot04/test49.png,test49.png,DHP - ERECT - 4000x4000,ERECT,Case 006,Plot04,2.135,2.0,0.96,6
Simulations/DHP - ERECT - 4000x4000/DHP - ERECT - 4000x4000/Case 007/Plot04/test40.png,test40.png,DHP - ERECT - 4000x4000,ERECT,Case 007,Plot04,2.06,2.0,0.98,7
Simulations/DHP - ERECT - 4000x4000/DHP - ERECT - 4000x4000/Case 007/Plot04/test41.png,test41.png,DHP - ERECT - 4000x4000,ERECT,Case 007,Plot04,2.06,2.0,0.98,7
Simulations/DHP - ERECT - 4000x4000/DHP - ERECT - 4000x4000/Case 007/Plot04/test42.png,test42.png,DHP - ERECT - 4000x4000,ERECT,Case 007,Plot04,2.06,2.0,0.98,7
Simulations/DHP - ERECT - 4000x4000/DHP - ERECT - 4000x4000/Case 007/Plot04/test43.png,test43.png,DHP - ERECT - 4000x4000,ERECT,Case 007,Plot04,2.06,2.0,0.98,7
Simulations/DHP - ERECT - 4000x4000/DHP - ERECT - 4000x4000/Case 007/Plot04/test44.png,test44.png,DHP - ERECT - 4000x4000,ERECT,Case 007,Plot04,2.06,2.0,0.98,7
Simulations/DHP - ERECT - 4000x4000/DHP - ERECT - 4000x4000/Case 007/Plot04/test45.png,test45.png,DHP - ERECT - 4000x4000,ERECT,Case 007,Plot04,2.06,2.0,0.98,7
Simulations/DHP - ERECT - 4000x4000/DHP - ERECT - 4000x4000/Case 007/Plot04/test46.png,test46.png,DHP - ERECT - 4000x4000,ERECT,Case 007,Plot04,2.06,2.0,0.98,7
Simulations/DHP - ERECT - 4000x4000/DHP - ERECT - 4000x4000/Case 007/Plot04/test47.png,test47.png,DHP - ERECT - 4000x4000,ERECT,Case 007,Plot04,2.06,2.0,0.98,7
Simulations/DHP - ERECT - 4000x4000/DHP - ERECT - 4000x4000/Case 007/Plot04/test48.png,test48.png,DHP - ERECT - 4000x4000,ERECT,Case 007,Plot04,2.06,2.0,0.98,7
Simulations/DHP - ERECT - 4000x4000/DHP - ERECT - 4000x4000/Case 007/Plot04/test49.png,test49.png,DHP - ERECT - 4000x4000,ERECT,Case 007,Plot04,2.06,2.0,0.98,7
Simulations/DHP - ERECT - 4000x4000/DHP - ERECT - 4000x4000/Case 008/Plot04/test40.png,test40.png,DHP - ERECT - 4000x4000,ERECT,Case 008,Plot04,0.56,0.5,0.93,8
Simulations/DHP - ERECT - 4000x4000/DHP - ERECT - 4000x4000/Case 008/Plot04/test41.png,test41.png,DHP - ERECT - 4000x4000,ERECT,Case 008,Plot04,0.56,0.5,0.93,8
Simulations/DHP - ERECT - 4000x4000/DHP - ERECT - 4000x4000/Case 008/Plot04/test42.png,test42.png,DHP - ERECT - 4000x4000,ERECT,Case 008,Plot04,0.56,0.5,0.93,8
Simulations/DHP - ERECT - 4000x4000/DHP - ERECT - 4000x4000/Case 008/Plot04/test43.png,test43.png,DHP - ERECT - 4000x4000,ERECT,Case 008,Plot04,0.56,0.5,0.93,8
Simulations/DHP - ERECT - 4000x4000/DHP - ERECT - 4000x4000/Case 008/Plot04/test44.png,test44.png,DHP - ERECT - 4000x4000,ERECT,Case 008,Plot04,0.56,0.5,0.93,8
Simulations/DHP - ERECT - 4000x4000/DHP - ERECT - 4000x4000/Case 008/Plot04/test45.png,test45.png,DHP - ERECT - 4000x4000,ERECT,Case 008,Plot04,0.56,0.5,0.93,8
Simulations/DHP - ERECT - 4000x4000/DHP - ERECT - 4000x4000/Case 008/Plot04/test46.png,test46.png,DHP - ERECT - 4000x4000,ERECT,Case 008,Plot04,0.56,0.5,0.93,8
Simulations/DHP - ERECT - 4000x4000/DHP - ERECT - 4000x4000/Case 008/Plot04/test47.png,test47.png,DHP - ERECT - 4000x4000,ERECT,Case 008,Plot04,0.56,0.5,0.93,8
Simulations/DHP - ERECT - 4000x4000/DHP - ERECT - 4000x4000/Case 008/Plot04/test48.png,test48.png,DHP - ERECT - 4000x4000,ERECT,Case 008,Plot04,0.56,0.5,0.93,8
Simulations/DHP - ERECT - 4000x4000/DHP - ERECT - 4000x4000/Case 008/Plot04/test49.png,test49.png,DHP - ERECT - 4000x4000,ERECT,Case 008,Plot04,0.56,0.5,0.93,8
Simulations/DHP - ERECT - 4000x4000/DHP - ERECT - 4000x4000/Case 009/Plot04/test40.png,test40.png,DHP - ERECT - 4000x4000,ERECT,Case 009,Plot04,2.635,2.5,0.97,9
Simulations/DHP - ERECT - 4000x4000/DHP - ERECT - 4000x4000/Case 009/Plot04/test41.png,test41.png,DHP - ERECT - 4000x4000,ERECT,Case 009,Plot04,2.635,2.5,0.97,9
Simulations/DHP - ERECT - 4000x4000/DHP - ERECT - 4000x4000/Case 009/Plot04/test42.png,test42.png,DHP - ERECT - 4000x4000,ERECT,Case 009,Plot04,2.635,2.5,0.97,9
Simulations/DHP - ERECT - 4000x4000/DHP - ERECT - 4000x4000/Case 009/Plot04/test43.png,test43.png,DHP - ERECT - 4000x4000,ERECT,Case 009,Plot04,2.635,2.5,0.97,9
Simulations/DHP - ERECT - 4000x4000/DHP - ERECT - 4000x4000/Case 009/Plot04/test44.png,test44.png,DHP - ERECT - 4000x4000,ERECT,Case 009,Plot04,2.635,2.5,0.97,9
Simulations/DHP - ERECT - 4000x4000/DHP - ERECT - 4000x4000/Case 009/Plot04/test45.png,test45.png,DHP - ERECT - 4000x4000,ERECT,Case 009,Plot04,2.635,2.5,0.97,9
Simulations/DHP - ERECT - 4000x4000/DHP - ERECT - 4000x4000/Case 009/Plot04/test46.png,test46.png,DHP - ERECT - 4000x4000,ERECT,Case 009,Plot04,2.635,2.5,0.97,9
Simulations/DHP - ERECT - 4000x4000/DHP - ERECT - 4000x4000/Case 009/Plot04/test47.png,test47.png,DHP - ERECT - 4000x4000,ERECT,Case 009,Plot04,2.635,2.5,0.97,9
Simulations/DHP - ERECT - 4000x4000/DHP - ERECT - 4000x4000/Case 009/Plot04/test48.png,test48.png,DHP - ERECT - 4000x4000,ERECT,Case 009,Plot04,2.635,2.5,0.97,9
Simulations/DHP - ERECT - 4000x4000/DHP - ERECT - 4000x4000/Case 009/Plot04/test49.png,test49.png,DHP - ERECT - 4000x4000,ERECT,Case 009,Plot04,2.635,2.5,0.97,9
Simulations/DHP - ERECT - 4000x4000/DHP - ERECT - 4000x4000/Case 010/Plot04/test40.png,test40.png,DHP - ERECT - 4000x4000,ERECT,Case 010,Plot04,4.289999999999999,3.6,0.9,10
Simulations/DHP - ERECT - 4000x4000/DHP - ERECT - 4000x4000/Case 010/Plot04/test41.png,test41.png,DHP - ERECT - 4000x4000,ERECT,Case 010,Plot04,4.289999999999999,3.6,0.9,10
Simulations/DHP - ERECT - 4000x4000/DHP - ERECT - 4000x4000/Case 010/Plot04/test42.png,test42.png,DHP - ERECT - 4000x4000,ERECT,Case 010,Plot04,4.289999999999999,3.6,0.9,10
Simulations/DHP - ERECT - 4000x4000/DHP - ERECT - 4000x4000/Case 010/Plot04/test43.png,test43.png,DHP - ERECT - 4000x4000,ERECT,Case 010,Plot04,4.289999999999999,3.6,0.9,10
Simulations/DHP - ERECT - 4000x4000/DHP - ERECT - 4000x4000/Case 010/Plot04/test44.png,test44.png,DHP - ERECT - 4000x4000,ERECT,Case 010,Plot04,4.289999999999999,3.6,0.9,10
Simulations/DHP - ERECT - 4000x4000/DHP - ERECT - 4000x4000/Case 010/Plot04/test45.png,test45.png,DHP - ERECT - 4000x4000,ERECT,Case 010,Plot04,4.289999999999999,3.6,0.9,10
Simulations/DHP - ERECT - 4000x4000/DHP - ERECT - 4000x4000/Case 010/Plot04/test46.png,test46.png,DHP - ERECT - 4000x4000,ERECT,Case 010,Plot04,4.289999999999999,3.6,0.9,10
Simulations/DHP - ERECT - 4000x4000/DHP - ERECT - 4000x4000/Case 010/Plot04/test47.png,test47.png,DHP - ERECT - 4000x4000,ERECT,Case 010,Plot04,4.289999999999999,3.6,0.9,10
Simulations/DHP - ERECT - 4000x4000/DHP - ERECT - 4000x4000/Case 010/Plot04/test48.png,test48.png,DHP - ERECT - 4000x4000,ERECT,Case 010,Plot04,4.289999999999999,3.6,0.9,10
Simulations/DHP - ERECT - 4000x4000/DHP - ERECT - 4000x4000/Case 010/Plot04/test49.png,test49.png,DHP - ERECT - 4000x4000,ERECT,Case 010,Plot04,4.289999999999999,3.6,0.9,10
Simulations/DHP - ERECT - 4000x4000/DHP - ERECT - 4000x4000/Case 011/Plot04/test40.png,test40.png,DHP - ERECT - 4000x4000,ERECT,Case 011,Plot04,3.0999999999999996,2.2,0.82,11
Simulations/DHP - ERECT - 4000x4000/DHP - ERECT - 4000x4000/Case 011/Plot04/test41.png,test41.png,DHP - ERECT - 4000x4000,ERECT,Case 011,Plot04,3.0999999999999996,2.2,0.82,11
Simulations/DHP - ERECT - 4000x4000/DHP - ERECT - 4000x4000/Case 011/Plot04/test42.png,test42.png,DHP - ERECT - 4000x4000,ERECT,Case 011,Plot04,3.0999999999999996,2.2,0.82,11
Simulations/DHP - ERECT - 4000x4000/DHP - ERECT - 4000x4000/Case 011/Plot04/test43.png,test43.png,DHP - ERECT - 4000x4000,ERECT,Case 011,Plot04,3.0999999999999996,2.2,0.82,11
Simulations/DHP - ERECT - 4000x4000/DHP - ERECT - 4000x4000/Case 011/Plot04/test44.png,test44.png,DHP - ERECT - 4000x4000,ERECT,Case 011,Plot04,3.0999999999999996,2.2,0.82,11
Simulations/DHP - ERECT - 4000x4000/DHP - ERECT - 4000x4000/Case 011/Plot04/test45.png,test45.png,DHP - ERECT - 4000x4000,ERECT,Case 011,Plot04,3.0999999999999996,2.2,0.82,11
Simulations/DHP - ERECT - 4000x4000/DHP - ERECT - 4000x4000/Case 011/Plot04/test46.png,test46.png,DHP - ERECT - 4000x4000,ERECT,Case 011,Plot04,3.0999999999999996,2.2,0.82,11
Simulations/DHP - ERECT - 4000x4000/DHP - ERECT - 4000x4000/Case 011/Plot04/test47.png,test47.png,DHP - ERECT - 4000x4000,ERECT,Case 011,Plot04,3.0999999999999996,2.2,0.82,11
Simulations/DHP - ERECT - 4000x4000/DHP - ERECT - 4000x4000/Case 011/Plot04/test48.png,test48.png,DHP - ERECT - 4000x4000,ERECT,Case 011,Plot04,3.0999999999999996,2.2,0.82,11
Simulations/DHP - ERECT - 4000x4000/DHP - ERECT - 4000x4000/Case 011/Plot04/test49.png,test49.png,DHP - ERECT - 4000x4000,ERECT,Case 011,Plot04,3.0999999999999996,2.2,0.82,11
Simulations/DHP - ERECT - 4000x4000/DHP - ERECT - 4000x4000/Case 012/Plot04/test40.png,test40.png,DHP - ERECT - 4000x4000,ERECT,Case 012,Plot04,3.205,2.5,0.86,12
Simulations/DHP - ERECT - 4000x4000/DHP - ERECT - 4000x4000/Case 012/Plot04/test41.png,test41.png,DHP - ERECT - 4000x4000,ERECT,Case 012,Plot04,3.205,2.5,0.86,12
Simulations/DHP - ERECT - 4000x4000/DHP - ERECT - 4000x4000/Case 012/Plot04/test42.png,test42.png,DHP - ERECT - 4000x4000,ERECT,Case 012,Plot04,3.205,2.5,0.86,12
Simulations/DHP - ERECT - 4000x4000/DHP - ERECT - 4000x4000/Case 012/Plot04/test43.png,test43.png,DHP - ERECT - 4000x4000,ERECT,Case 012,Plot04,3.205,2.5,0.86,12
Simulations/DHP - ERECT - 4000x4000/DHP - ERECT - 4000x4000/Case 012/Plot04/test44.png,test44.png,DHP - ERECT - 4000x4000,ERECT,Case 012,Plot04,3.205,2.5,0.86,12
Simulations/DHP - ERECT - 4000x4000/DHP - ERECT - 4000x4000/Case 012/Plot04/test45.png,test45.png,DHP - ERECT - 4000x4000,ERECT,Case 012,Plot04,3.205,2.5,0.86,12
Simulations/DHP - ERECT - 4000x4000/DHP - ERECT - 4000x4000/Case 012/Plot04/test46.png,test46.png,DHP - ERECT - 4000x4000,ERECT,Case 012,Plot04,3.205,2.5,0.86,12
Simulations/DHP - ERECT - 4000x4000/DHP - ERECT - 4000x4000/Case 012/Plot04/test47.png,test47.png,DHP - ERECT - 4000x4000,ERECT,Case 012,Plot04,3.205,2.5,0.86,12
Simulations/DHP - ERECT - 4000x4000/DHP - ERECT - 4000x4000/Case 012/Plot04/test48.png,test48.png,DHP - ERECT - 4000x4000,ERECT,Case 012,Plot04,3.205,2.5,0.86,12
Simulations/DHP - ERECT - 4000x4000/DHP - ERECT - 4000x4000/Case 012/Plot04/test49.png,test49.png,DHP - ERECT - 4000x4000,ERECT,Case 012,Plot04,3.205,2.5,0.86,12
Simulations/DHP - ERECT - 4000x4000/DHP - ERECT - 4000x4000/Case 013/Plot04/test40.png,test40.png,DHP - ERECT - 4000x4000,ERECT,Case 013,Plot04,4.24,4.0,0.96,13
Simulations/DHP - ERECT - 4000x4000/DHP - ERECT - 4000x4000/Case 013/Plot04/test41.png,test41.png,DHP - ERECT - 4000x4000,ERECT,Case 013,Plot04,4.24,4.0,0.96,13
Simulations/DHP - ERECT - 4000x4000/DHP - ERECT - 4000x4000/Case 013/Plot04/test42.png,test42.png,DHP - ERECT - 4000x4000,ERECT,Case 013,Plot04,4.24,4.0,0.96,13
Simulations/DHP - ERECT - 4000x4000/DHP - ERECT - 4000x4000/Case 013/Plot04/test43.png,test43.png,DHP - ERECT - 4000x4000,ERECT,Case 013,Plot04,4.24,4.0,0.96,13
Simulations/DHP - ERECT - 4000x4000/DHP - ERECT - 4000x4000/Case 013/Plot04/test44.png,test44.png,DHP - ERECT - 4000x4000,ERECT,Case 013,Plot04,4.24,4.0,0.96,13
Simulations/DHP - ERECT - 4000x4000/DHP - ERECT - 4000x4000/Case 013/Plot04/test45.png,test45.png,DHP - ERECT - 4000x4000,ERECT,Case 013,Plot04,4.24,4.0,0.96,13
Simulations/DHP - ERECT - 4000x4000/DHP - ERECT - 4000x4000/Case 013/Plot04/test46.png,test46.png,DHP - ERECT - 4000x4000,ERECT,Case 013,Plot04,4.24,4.0,0.96,13
Simulations/DHP - ERECT - 4000x4000/DHP - ERECT - 4000x4000/Case 013/Plot04/test47.png,test47.png,DHP - ERECT - 4000x4000,ERECT,Case 013,Plot04,4.24,4.0,0.96,13
Simulations/DHP - ERECT - 4000x4000/DHP - ERECT - 4000x4000/Case 013/Plot04/test48.png,test48.png,DHP - ERECT - 4000x4000,ERECT,Case 013,Plot04,4.24,4.0,0.96,13
Simulations/DHP - ERECT - 4000x4000/DHP - ERECT - 4000x4000/Case 013/Plot04/test49.png,test49.png,DHP - ERECT - 4000x4000,ERECT,Case 013,Plot04,4.24,4.0,0.96,13
Simulations/DHP - ERECT - 4000x4000/DHP - ERECT - 4000x4000/Case 014/Plot04/test40.png,test40.png,DHP - ERECT - 4000x4000,ERECT,Case 014,Plot04,2.82,2.1,1.0,14
Simulations/DHP - ERECT - 4000x4000/DHP - ERECT - 4000x4000/Case 014/Plot04/test41.png,test41.png,DHP - ERECT - 4000x4000,ERECT,Case 014,Plot04,2.82,2.1,1.0,14
Simulations/DHP - ERECT - 4000x4000/DHP - ERECT - 4000x4000/Case 014/Plot04/test42.png,test42.png,DHP - ERECT - 4000x4000,ERECT,Case 014,Plot04,2.82,2.1,1.0,14
Simulations/DHP - ERECT - 4000x4000/DHP - ERECT - 4000x4000/Case 014/Plot04/test43.png,test43.png,DHP - ERECT - 4000x4000,ERECT,Case 014,Plot04,2.82,2.1,1.0,14
Simulations/DHP - ERECT - 4000x4000/DHP - ERECT - 4000x4000/Case 014/Plot04/test44.png,test44.png,DHP - ERECT - 4000x4000,ERECT,Case 014,Plot04,2.82,2.1,1.0,14
Simulations/DHP - ERECT - 4000x4000/DHP - ERECT - 4000x4000/Case 014/Plot04/test45.png,test45.png,DHP - ERECT - 4000x4000,ERECT,Case 014,Plot04,2.82,2.1,1.0,14
Simulations/DHP - ERECT - 4000x4000/DHP - ERECT - 4000x4000/Case 014/Plot04/test46.png,test46.png,DHP - ERECT - 4000x4000,ERECT,Case 014,Plot04,2.82,2.1,1.0,14
Simulations/DHP - ERECT - 4000x4000/DHP - ERECT - 4000x4000/Case 014/Plot04/test47.png,test47.png,DHP - ERECT - 4000x4000,ERECT,Case 014,Plot04,2.82,2.1,1.0,14
Simulations/DHP - ERECT - 4000x4000/DHP - ERECT - 4000x4000/Case 014/Plot04/test48.png,test48.png,DHP - ERECT - 4000x4000,ERECT,Case 014,Plot04,2.82,2.1,1.0,14
Simulations/DHP - ERECT - 4000x4000/DHP - ERECT - 4000x4000/Case 014/Plot04/test49.png,test49.png,DHP - ERECT - 4000x4000,ERECT,Case 014,Plot04,2.82,2.1,1.0,14
Simulations/DHP - ERECT - 4000x4000/DHP - ERECT - 4000x4000/Case 015/Plot04/test40.png,test40.png,DHP - ERECT - 4000x4000,ERECT,Case 015,Plot04,3.42,2.7,1.0,15
Simulations/DHP - ERECT - 4000x4000/DHP - ERECT - 4000x4000/Case 015/Plot04/test41.png,test41.png,DHP - ERECT - 4000x4000,ERECT,Case 015,Plot04,3.42,2.7,1.0,15
Simulations/DHP - ERECT - 4000x4000/DHP - ERECT - 4000x4000/Case 015/Plot04/test42.png,test42.png,DHP - ERECT - 4000x4000,ERECT,Case 015,Plot04,3.42,2.7,1.0,15
Simulations/DHP - ERECT - 4000x4000/DHP - ERECT - 4000x4000/Case 015/Plot04/test43.png,test43.png,DHP - ERECT - 4000x4000,ERECT,Case 015,Plot04,3.42,2.7,1.0,15
Simulations/DHP - ERECT - 4000x4000/DHP - ERECT - 4000x4000/Case 015/Plot04/test44.png,test44.png,DHP - ERECT - 4000x4000,ERECT,Case 015,Plot04,3.42,2.7,1.0,15
Simulations/DHP - ERECT - 4000x4000/DHP - ERECT - 4000x4000/Case 015/Plot04/test45.png,test45.png,DHP - ERECT - 4000x4000,ERECT,Case 015,Plot04,3.42,2.7,1.0,15
Simulations/DHP - ERECT - 4000x4000/DHP - ERECT - 4000x4000/Case 015/Plot04/test46.png,test46.png,DHP - ERECT - 4000x4000,ERECT,Case 015,Plot04,3.42,2.7,1.0,15
Simulations/DHP - ERECT - 4000x4000/DHP - ERECT - 4000x4000/Case 015/Plot04/test47.png,test47.png,DHP - ERECT - 4000x4000,ERECT,Case 015,Plot04,3.42,2.7,1.0,15
Simulations/DHP - ERECT - 4000x4000/DHP - ERECT - 4000x4000/Case 015/Plot04/test48.png,test48.png,DHP - ERECT - 4000x4000,ERECT,Case 015,Plot04,3.42,2.7,1.0,15
Simulations/DHP - ERECT - 4000x4000/DHP - ERECT - 4000x4000/Case 015/Plot04/test49.png,test49.png,DHP - ERECT - 4000x4000,ERECT,Case 015,Plot04,3.42,2.7,1.0,15
Simulations/DHP - ERECT - 4000x4000/DHP - ERECT - 4000x4000/Case 016/Plot04/test40.png,test40.png,DHP - ERECT - 4000x4000,ERECT,Case 016,Plot04,5.725,5.5,0.97,16
Simulations/DHP - ERECT - 4000x4000/DHP - ERECT - 4000x4000/Case 016/Plot04/test41.png,test41.png,DHP - ERECT - 4000x4000,ERECT,Case 016,Plot04,5.725,5.5,0.97,16
Simulations/DHP - ERECT - 4000x4000/DHP - ERECT - 4000x4000/Case 016/Plot04/test42.png,test42.png,DHP - ERECT - 4000x4000,ERECT,Case 016,Plot04,5.725,5.5,0.97,16
Simulations/DHP - ERECT - 4000x4000/DHP - ERECT - 4000x4000/Case 016/Plot04/test43.png,test43.png,DHP - ERECT - 4000x4000,ERECT,Case 016,Plot04,5.725,5.5,0.97,16
Simulations/DHP - ERECT - 4000x4000/DHP - ERECT - 4000x4000/Case 016/Plot04/test44.png,test44.png,DHP - ERECT - 4000x4000,ERECT,Case 016,Plot04,5.725,5.5,0.97,16
Simulations/DHP - ERECT - 4000x4000/DHP - ERECT - 4000x4000/Case 016/Plot04/test45.png,test45.png,DHP - ERECT - 4000x4000,ERECT,Case 016,Plot04,5.725,5.5,0.97,16
Simulations/DHP - ERECT - 4000x4000/DHP - ERECT - 4000x4000/Case 016/Plot04/test46.png,test46.png,DHP - ERECT - 4000x4000,ERECT,Case 016,Plot04,5.725,5.5,0.97,16
Simulations/DHP - ERECT - 4000x4000/DHP - ERECT - 4000x4000/Case 016/Plot04/test47.png,test47.png,DHP - ERECT - 4000x4000,ERECT,Case 016,Plot04,5.725,5.5,0.97,16
Simulations/DHP - ERECT - 4000x4000/DHP - ERECT - 4000x4000/Case 016/Plot04/test48.png,test48.png,DHP - ERECT - 4000x4000,ERECT,Case 016,Plot04,5.725,5.5,0.97,16
Simulations/DHP - ERECT - 4000x4000/DHP - ERECT - 4000x4000/Case 016/Plot04/test49.png,test49.png,DHP - ERECT - 4000x4000,ERECT,Case 016,Plot04,5.725,5.5,0.97,16
Simulations/DHP - ERECT - 4000x4000/DHP - ERECT - 4000x4000/Case 017/Plot04/test40.png,test40.png,DHP - ERECT - 4000x4000,ERECT,Case 017,Plot04,5.300000000000001,5.0,0.96,17
Simulations/DHP - ERECT - 4000x4000/DHP - ERECT - 4000x4000/Case 017/Plot04/test41.png,test41.png,DHP - ERECT - 4000x4000,ERECT,Case 017,Plot04,5.300000000000001,5.0,0.96,17
Simulations/DHP - ERECT - 4000x4000/DHP - ERECT - 4000x4000/Case 017/Plot04/test42.png,test42.png,DHP - ERECT - 4000x4000,ERECT,Case 017,Plot04,5.300000000000001,5.0,0.96,17
Simulations/DHP - ERECT - 4000x4000/DHP - ERECT - 4000x4000/Case 017/Plot04/test43.png,test43.png,DHP - ERECT - 4000x4000,ERECT,Case 017,Plot04,5.300000000000001,5.0,0.96,17
Simulations/DHP - ERECT - 4000x4000/DHP - ERECT - 4000x4000/Case 017/Plot04/test44.png,test44.png,DHP - ERECT - 4000x4000,ERECT,Case 017,Plot04,5.300000000000001,5.0,0.96,17
Simulations/DHP - ERECT - 4000x4000/DHP - ERECT - 4000x4000/Case 017/Plot04/test45.png,test45.png,DHP - ERECT - 4000x4000,ERECT,Case 017,Plot04,5.300000000000001,5.0,0.96,17
Simulations/DHP - ERECT - 4000x4000/DHP - ERECT - 4000x4000/Case 017/Plot04/test46.png,test46.png,DHP - ERECT - 4000x4000,ERECT,Case 017,Plot04,5.300000000000001,5.0,0.96,17
Simulations/DHP - ERECT - 4000x4000/DHP - ERECT - 4000x4000/Case 017/Plot04/test47.png,test47.png,DHP - ERECT - 4000x4000,ERECT,Case 017,Plot04,5.300000000000001,5.0,0.96,17
Simulations/DHP - ERECT - 4000x4000/DHP - ERECT - 4000x4000/Case 017/Plot04/test48.png,test48.png,DHP - ERECT - 4000x4000,ERECT,Case 017,Plot04,5.300000000000001,5.0,0.96,17
Simulations/DHP - ERECT - 4000x4000/DHP - ERECT - 4000x4000/Case 017/Plot04/test49.png,test49.png,DHP - ERECT - 4000x4000,ERECT,Case 017,Plot04,5.300000000000001,5.0,0.96,17
Simulations/DHP - ERECT - 4000x4000/DHP - ERECT - 4000x4000/Case 018/Plot04/test40.png,test40.png,DHP - ERECT - 4000x4000,ERECT,Case 018,Plot04,1.165,1.0,0.91,18
Simulations/DHP - ERECT - 4000x4000/DHP - ERECT - 4000x4000/Case 018/Plot04/test41.png,test41.png,DHP - ERECT - 4000x4000,ERECT,Case 018,Plot04,1.165,1.0,0.91,18
Simulations/DHP - ERECT - 4000x4000/DHP - ERECT - 4000x4000/Case 018/Plot04/test42.png,test42.png,DHP - ERECT - 4000x4000,ERECT,Case 018,Plot04,1.165,1.0,0.91,18
Simulations/DHP - ERECT - 4000x4000/DHP - ERECT - 4000x4000/Case 018/Plot04/test43.png,test43.png,DHP - ERECT - 4000x4000,ERECT,Case 018,Plot04,1.165,1.0,0.91,18
Simulations/DHP - ERECT - 4000x4000/DHP - ERECT - 4000x4000/Case 018/Plot04/test44.png,test44.png,DHP - ERECT - 4000x4000,ERECT,Case 018,Plot04,1.165,1.0,0.91,18
Simulations/DHP - ERECT - 4000x4000/DHP - ERECT - 4000x4000/Case 018/Plot04/test45.png,test45.png,DHP - ERECT - 4000x4000,ERECT,Case 018,Plot04,1.165,1.0,0.91,18
Simulations/DHP - ERECT - 4000x4000/DHP - ERECT - 4000x4000/Case 018/Plot04/test46.png,test46.png,DHP - ERECT - 4000x4000,ERECT,Case 018,Plot04,1.165,1.0,0.91,18
Simulations/DHP - ERECT - 4000x4000/DHP - ERECT - 4000x4000/Case 018/Plot04/test47.png,test47.png,DHP - ERECT - 4000x4000,ERECT,Case 018,Plot04,1.165,1.0,0.91,18
Simulations/DHP - ERECT - 4000x4000/DHP - ERECT - 4000x4000/Case 018/Plot04/test48.png,test48.png,DHP - ERECT - 4000x4000,ERECT,Case 018,Plot04,1.165,1.0,0.91,18
Simulations/DHP - ERECT - 4000x4000/DHP - ERECT - 4000x4000/Case 018/Plot04/test49.png,test49.png,DHP - ERECT - 4000x4000,ERECT,Case 018,Plot04,1.165,1.0,0.91,18
Simulations/DHP - ERECT - 4000x4000/DHP - ERECT - 4000x4000/Case 019/Plot04/test40.png,test40.png,DHP - ERECT - 4000x4000,ERECT,Case 019,Plot04,3.195,3.0,0.96,19
Simulations/DHP - ERECT - 4000x4000/DHP - ERECT - 4000x4000/Case 019/Plot04/test41.png,test41.png,DHP - ERECT - 4000x4000,ERECT,Case 019,Plot04,3.195,3.0,0.96,19
Simulations/DHP - ERECT - 4000x4000/DHP - ERECT - 4000x4000/Case 019/Plot04/test42.png,test42.png,DHP - ERECT - 4000x4000,ERECT,Case 019,Plot04,3.195,3.0,0.96,19
Simulations/DHP - ERECT - 4000x4000/DHP - ERECT - 4000x4000/Case 019/Plot04/test43.png,test43.png,DHP - ERECT - 4000x4000,ERECT,Case 019,Plot04,3.195,3.0,0.96,19
Simulations/DHP - ERECT - 4000x4000/DHP - ERECT - 4000x4000/Case 019/Plot04/test44.png,test44.png,DHP - ERECT - 4000x4000,ERECT,Case 019,Plot04,3.195,3.0,0.96,19
Simulations/DHP - ERECT - 4000x4000/DHP - ERECT - 4000x4000/Case 019/Plot04/test45.png,test45.png,DHP - ERECT - 4000x4000,ERECT,Case 019,Plot04,3.195,3.0,0.96,19
Simulations/DHP - ERECT - 4000x4000/DHP - ERECT - 4000x4000/Case 019/Plot04/test46.png,test46.png,DHP - ERECT - 4000x4000,ERECT,Case 019,Plot04,3.195,3.0,0.96,19
Simulations/DHP - ERECT - 4000x4000/DHP - ERECT - 4000x4000/Case 019/Plot04/test47.png,test47.png,DHP - ERECT - 4000x4000,ERECT,Case 019,Plot04,3.195,3.0,0.96,19
Simulations/DHP - ERECT - 4000x4000/DHP - ERECT - 4000x4000/Case 019/Plot04/test48.png,test48.png,DHP - ERECT - 4000x4000,ERECT,Case 019,Plot04,3.195,3.0,0.96,19
Simulations/DHP - ERECT - 4000x4000/DHP - ERECT - 4000x4000/Case 019/Plot04/test49.png,test49.png,DHP - ERECT - 4000x4000,ERECT,Case 019,Plot04,3.195,3.0,0.96,19
Simulations/DHP - ERECT - 4000x4000/DHP - ERECT - 4000x4000/Case 020/Plot04/test40.png,test40.png,DHP - ERECT - 4000x4000,ERECT,Case 020,Plot04,1.415,1.25,0.93,20
Simulations/DHP - ERECT - 4000x4000/DHP - ERECT - 4000x4000/Case 020/Plot04/test41.png,test41.png,DHP - ERECT - 4000x4000,ERECT,Case 020,Plot04,1.415,1.25,0.93,20
Simulations/DHP - ERECT - 4000x4000/DHP - ERECT - 4000x4000/Case 020/Plot04/test42.png,test42.png,DHP - ERECT - 4000x4000,ERECT,Case 020,Plot04,1.415,1.25,0.93,20
Simulations/DHP - ERECT - 4000x4000/DHP - ERECT - 4000x4000/Case 020/Plot04/test43.png,test43.png,DHP - ERECT - 4000x4000,ERECT,Case 020,Plot04,1.415,1.25,0.93,20
Simulations/DHP - ERECT - 4000x4000/DHP - ERECT - 4000x4000/Case 020/Plot04/test44.png,test44.png,DHP - ERECT - 4000x4000,ERECT,Case 020,Plot04,1.415,1.25,0.93,20
Simulations/DHP - ERECT - 4000x4000/DHP - ERECT - 4000x4000/Case 020/Plot04/test45.png,test45.png,DHP - ERECT - 4000x4000,ERECT,Case 020,Plot04,1.415,1.25,0.93,20
Simulations/DHP - ERECT - 4000x4000/DHP - ERECT - 4000x4000/Case 020/Plot04/test46.png,test46.png,DHP - ERECT - 4000x4000,ERECT,Case 020,Plot04,1.415,1.25,0.93,20
Simulations/DHP - ERECT - 4000x4000/DHP - ERECT - 4000x4000/Case 020/Plot04/test47.png,test47.png,DHP - ERECT - 4000x4000,ERECT,Case 020,Plot04,1.415,1.25,0.93,20
Simulations/DHP - ERECT - 4000x4000/DHP - ERECT - 4000x4000/Case 020/Plot04/test48.png,test48.png,DHP - ERECT - 4000x4000,ERECT,Case 020,Plot04,1.415,1.25,0.93,20
Simulations/DHP - ERECT - 4000x4000/DHP - ERECT - 4000x4000/Case 020/Plot04/test49.png,test49.png,DHP - ERECT - 4000x4000,ERECT,Case 020,Plot04,1.415,1.25,0.93,20
Simulations/DHP - ERECT - 4000x4000/DHP - ERECT - 4000x4000/Case 021/Plot04/test40.png,test40.png,DHP - ERECT - 4000x4000,ERECT,Case 021,Plot04,1.415,1.25,0.93,21
Simulations/DHP - ERECT - 4000x4000/DHP - ERECT - 4000x4000/Case 021/Plot04/test41.png,test41.png,DHP - ERECT - 4000x4000,ERECT,Case 021,Plot04,1.415,1.25,0.93,21
Simulations/DHP - ERECT - 4000x4000/DHP - ERECT - 4000x4000/Case 021/Plot04/test42.png,test42.png,DHP - ERECT - 4000x4000,ERECT,Case 021,Plot04,1.415,1.25,0.93,21
Simulations/DHP - ERECT - 4000x4000/DHP - ERECT - 4000x4000/Case 021/Plot04/test43.png,test43.png,DHP - ERECT - 4000x4000,ERECT,Case 021,Plot04,1.415,1.25,0.93,21
Simulations/DHP - ERECT - 4000x4000/DHP - ERECT - 4000x4000/Case 021/Plot04/test44.png,test44.png,DHP - ERECT - 4000x4000,ERECT,Case 021,Plot04,1.415,1.25,0.93,21
Simulations/DHP - ERECT - 4000x4000/DHP - ERECT - 4000x4000/Case 021/Plot04/test45.png,test45.png,DHP - ERECT - 4000x4000,ERECT,Case 021,Plot04,1.415,1.25,0.93,21
Simulations/DHP - ERECT - 4000x4000/DHP - ERECT - 4000x4000/Case 021/Plot04/test46.png,test46.png,DHP - ERECT - 4000x4000,ERECT,Case 021,Plot04,1.415,1.25,0.93,21
Simulations/DHP - ERECT - 4000x4000/DHP - ERECT - 4000x4000/Case 021/Plot04/test47.png,test47.png,DHP - ERECT - 4000x4000,ERECT,Case 021,Plot04,1.415,1.25,0.93,21
Simulations/DHP - ERECT - 4000x4000/DHP - ERECT - 4000x4000/Case 021/Plot04/test48.png,test48.png,DHP - ERECT - 4000x4000,ERECT,Case 021,Plot04,1.415,1.25,0.93,21
Simulations/DHP - ERECT - 4000x4000/DHP - ERECT - 4000x4000/Case 021/Plot04/test49.png,test49.png,DHP - ERECT - 4000x4000,ERECT,Case 021,Plot04,1.415,1.25,0.93,21
Simulations/DHP - ERECT - 4000x4000/DHP - ERECT - 4000x4000/Case 022/Plot04/test40.png,test40.png,DHP - ERECT - 4000x4000,ERECT,Case 022,Plot04,0.31,0.25,0.88,22
Simulations/DHP - ERECT - 4000x4000/DHP - ERECT - 4000x4000/Case 022/Plot04/test41.png,test41.png,DHP - ERECT - 4000x4000,ERECT,Case 022,Plot04,0.31,0.25,0.88,22
Simulations/DHP - ERECT - 4000x4000/DHP - ERECT - 4000x4000/Case 022/Plot04/test42.png,test42.png,DHP - ERECT - 4000x4000,ERECT,Case 022,Plot04,0.31,0.25,0.88,22
Simulations/DHP - ERECT - 4000x4000/DHP - ERECT - 4000x4000/Case 022/Plot04/test43.png,test43.png,DHP - ERECT - 4000x4000,ERECT,Case 022,Plot04,0.31,0.25,0.88,22
Simulations/DHP - ERECT - 4000x4000/DHP - ERECT - 4000x4000/Case 022/Plot04/test44.png,test44.png,DHP - ERECT - 4000x4000,ERECT,Case 022,Plot04,0.31,0.25,0.88,22
Simulations/DHP - ERECT - 4000x4000/DHP - ERECT - 4000x4000/Case 022/Plot04/test45.png,test45.png,DHP - ERECT - 4000x4000,ERECT,Case 022,Plot04,0.31,0.25,0.88,22
Simulations/DHP - ERECT - 4000x4000/DHP - ERECT - 4000x4000/Case 022/Plot04/test46.png,test46.png,DHP - ERECT - 4000x4000,ERECT,Case 022,Plot04,0.31,0.25,0.88,22
Simulations/DHP - ERECT - 4000x4000/DHP - ERECT - 4000x4000/Case 022/Plot04/test47.png,test47.png,DHP - ERECT - 4000x4000,ERECT,Case 022,Plot04,0.31,0.25,0.88,22
Simulations/DHP - ERECT - 4000x4000/DHP - ERECT - 4000x4000/Case 022/Plot04/test48.png,test48.png,DHP - ERECT - 4000x4000,ERECT,Case 022,Plot04,0.31,0.25,0.88,22
Simulations/DHP - ERECT - 4000x4000/DHP - ERECT - 4000x4000/Case 022/Plot04/test49.png,test49.png,DHP - ERECT - 4000x4000,ERECT,Case 022,Plot04,0.31,0.25,0.88,22
Simulations/DHP - ERECT - 4000x4000/DHP - ERECT - 4000x4000/Case 023/Plot04/test40.png,test40.png,DHP - ERECT - 4000x4000,ERECT,Case 023,Plot04,0.31,0.25,0.88,23
Simulations/DHP - ERECT - 4000x4000/DHP - ERECT - 4000x4000/Case 023/Plot04/test41.png,test41.png,DHP - ERECT - 4000x4000,ERECT,Case 023,Plot04,0.31,0.25,0.88,23
Simulations/DHP - ERECT - 4000x4000/DHP - ERECT - 4000x4000/Case 023/Plot04/test42.png,test42.png,DHP - ERECT - 4000x4000,ERECT,Case 023,Plot04,0.31,0.25,0.88,23
Simulations/DHP - ERECT - 4000x4000/DHP - ERECT - 4000x4000/Case 023/Plot04/test43.png,test43.png,DHP - ERECT - 4000x4000,ERECT,Case 023,Plot04,0.31,0.25,0.88,23
Simulations/DHP - ERECT - 4000x4000/DHP - ERECT - 4000x4000/Case 023/Plot04/test44.png,test44.png,DHP - ERECT - 4000x4000,ERECT,Case 023,Plot04,0.31,0.25,0.88,23
Simulations/DHP - ERECT - 4000x4000/DHP - ERECT - 4000x4000/Case 023/Plot04/test45.png,test45.png,DHP - ERECT - 4000x4000,ERECT,Case 023,Plot04,0.31,0.25,0.88,23
Simulations/DHP - ERECT - 4000x4000/DHP - ERECT - 4000x4000/Case 023/Plot04/test46.png,test46.png,DHP - ERECT - 4000x4000,ERECT,Case 023,Plot04,0.31,0.25,0.88,23
Simulations/DHP - ERECT - 4000x4000/DHP - ERECT - 4000x4000/Case 023/Plot04/test47.png,test47.png,DHP - ERECT - 4000x4000,ERECT,Case 023,Plot04,0.31,0.25,0.88,23
Simulations/DHP - ERECT - 4000x4000/DHP - ERECT - 4000x4000/Case 023/Plot04/test48.png,test48.png,DHP - ERECT - 4000x4000,ERECT,Case 023,Plot04,0.31,0.25,0.88,23
Simulations/DHP - ERECT - 4000x4000/DHP - ERECT - 4000x4000/Case 023/Plot04/test49.png,test49.png,DHP - ERECT - 4000x4000,ERECT,Case 023,Plot04,0.31,0.25,0.88,23
Simulations/DHP - ERECT - 4000x4000/DHP - ERECT - 4000x4000/Case 024/Plot04/test40.png,test40.png,DHP - ERECT - 4000x4000,ERECT,Case 024,Plot04,4.735,4.0,0.9,24
Simulations/DHP - ERECT - 4000x4000/DHP - ERECT - 4000x4000/Case 024/Plot04/test41.png,test41.png,DHP - ERECT - 4000x4000,ERECT,Case 024,Plot04,4.735,4.0,0.9,24
Simulations/DHP - ERECT - 4000x4000/DHP - ERECT - 4000x4000/Case 024/Plot04/test42.png,test42.png,DHP - ERECT - 4000x4000,ERECT,Case 024,Plot04,4.735,4.0,0.9,24
Simulations/DHP - ERECT - 4000x4000/DHP - ERECT - 4000x4000/Case 024/Plot04/test43.png,test43.png,DHP - ERECT - 4000x4000,ERECT,Case 024,Plot04,4.735,4.0,0.9,24
Simulations/DHP - ERECT - 4000x4000/DHP - ERECT - 4000x4000/Case 024/Plot04/test44.png,test44.png,DHP - ERECT - 4000x4000,ERECT,Case 024,Plot04,4.735,4.0,0.9,24
Simulations/DHP - ERECT - 4000x4000/DHP - ERECT - 4000x4000/Case 024/Plot04/test45.png,test45.png,DHP - ERECT - 4000x4000,ERECT,Case 024,Plot04,4.735,4.0,0.9,24
Simulations/DHP - ERECT - 4000x4000/DHP - ERECT - 4000x4000/Case 024/Plot04/test46.png,test46.png,DHP - ERECT - 4000x4000,ERECT,Case 024,Plot04,4.735,4.0,0.9,24
Simulations/DHP - ERECT - 4000x4000/DHP - ERECT - 4000x4000/Case 024/Plot04/test47.png,test47.png,DHP - ERECT - 4000x4000,ERECT,Case 024,Plot04,4.735,4.0,0.9,24
Simulations/DHP - ERECT - 4000x4000/DHP - ERECT - 4000x4000/Case 024/Plot04/test48.png,test48.png,DHP - ERECT - 4000x4000,ERECT,Case 024,Plot04,4.735,4.0,0.9,24
Simulations/DHP - ERECT - 4000x4000/DHP - ERECT - 4000x4000/Case 024/Plot04/test49.png,test49.png,DHP - ERECT - 4000x4000,ERECT,Case 024,Plot04,4.735,4.0,0.9,24
Simulations/DHP - ERECT - 4000x4000/DHP - ERECT - 4000x4000/Case 025/Plot04/test40.png,test40.png,DHP - ERECT - 4000x4000,ERECT,Case 025,Plot04,4.074999999999999,4.0,0.99,25
Simulations/DHP - ERECT - 4000x4000/DHP - ERECT - 4000x4000/Case 025/Plot04/test41.png,test41.png,DHP - ERECT - 4000x4000,ERECT,Case 025,Plot04,4.074999999999999,4.0,0.99,25
Simulations/DHP - ERECT - 4000x4000/DHP - ERECT - 4000x4000/Case 025/Plot04/test42.png,test42.png,DHP - ERECT - 4000x4000,ERECT,Case 025,Plot04,4.074999999999999,4.0,0.99,25
Simulations/DHP - ERECT - 4000x4000/DHP - ERECT - 4000x4000/Case 025/Plot04/test43.png,test43.png,DHP - ERECT - 4000x4000,ERECT,Case 025,Plot04,4.074999999999999,4.0,0.99,25
Simulations/DHP - ERECT - 4000x4000/DHP - ERECT - 4000x4000/Case 025/Plot04/test44.png,test44.png,DHP - ERECT - 4000x4000,ERECT,Case 025,Plot04,4.074999999999999,4.0,0.99,25
Simulations/DHP - ERECT - 4000x4000/DHP - ERECT - 4000x4000/Case 025/Plot04/test45.png,test45.png,DHP - ERECT - 4000x4000,ERECT,Case 025,Plot04,4.074999999999999,4.0,0.99,25
Simulations/DHP - ERECT - 4000x4000/DHP - ERECT - 4000x4000/Case 025/Plot04/test46.png,test46.png,DHP - ERECT - 4000x4000,ERECT,Case 025,Plot04,4.074999999999999,4.0,0.99,25
Simulations/DHP - ERECT - 4000x4000/DHP - ERECT - 4000x4000/Case 025/Plot04/test47.png,test47.png,DHP - ERECT - 4000x4000,ERECT,Case 025,Plot04,4.074999999999999,4.0,0.99,25
Simulations/DHP - ERECT - 4000x4000/DHP - ERECT - 4000x4000/Case 025/Plot04/test48.png,test48.png,DHP - ERECT - 4000x4000,ERECT,Case 025,Plot04,4.074999999999999,4.0,0.99,25
Simulations/DHP - ERECT - 4000x4000/DHP - ERECT - 4000x4000/Case 025/Plot04/test49.png,test49.png,DHP - ERECT - 4000x4000,ERECT,Case 025,Plot04,4.074999999999999,4.0,0.99,25
Simulations/DHP - ERECT - 4000x4000/DHP - ERECT - 4000x4000/Case 026/Plot04/test40.png,test40.png,DHP - ERECT - 4000x4000,ERECT,Case 026,Plot04,5.074999999999999,5.0,0.99,26
Simulations/DHP - ERECT - 4000x4000/DHP - ERECT - 4000x4000/Case 026/Plot04/test41.png,test41.png,DHP - ERECT - 4000x4000,ERECT,Case 026,Plot04,5.074999999999999,5.0,0.99,26
Simulations/DHP - ERECT - 4000x4000/DHP - ERECT - 4000x4000/Case 026/Plot04/test42.png,test42.png,DHP - ERECT - 4000x4000,ERECT,Case 026,Plot04,5.074999999999999,5.0,0.99,26
Simulations/DHP - ERECT - 4000x4000/DHP - ERECT - 4000x4000/Case 026/Plot04/test43.png,test43.png,DHP - ERECT - 4000x4000,ERECT,Case 026,Plot04,5.074999999999999,5.0,0.99,26
Simulations/DHP - ERECT - 4000x4000/DHP - ERECT - 4000x4000/Case 026/Plot04/test44.png,test44.png,DHP - ERECT - 4000x4000,ERECT,Case 026,Plot04,5.074999999999999,5.0,0.99,26
Simulations/DHP - ERECT - 4000x4000/DHP - ERECT - 4000x4000/Case 026/Plot04/test45.png,test45.png,DHP - ERECT - 4000x4000,ERECT,Case 026,Plot04,5.074999999999999,5.0,0.99,26
Simulations/DHP - ERECT - 4000x4000/DHP - ERECT - 4000x4000/Case 026/Plot04/test46.png,test46.png,DHP - ERECT - 4000x4000,ERECT,Case 026,Plot04,5.074999999999999,5.0,0.99,26
Simulations/DHP - ERECT - 4000x4000/DHP - ERECT - 4000x4000/Case 026/Plot04/test47.png,test47.png,DHP - ERECT - 4000x4000,ERECT,Case 026,Plot04,5.074999999999999,5.0,0.99,26
Simulations/DHP - ERECT - 4000x4000/DHP - ERECT - 4000x4000/Case 026/Plot04/test48.png,test48.png,DHP - ERECT - 4000x4000,ERECT,Case 026,Plot04,5.074999999999999,5.0,0.99,26
Simulations/DHP - ERECT - 4000x4000/DHP - ERECT - 4000x4000/Case 026/Plot04/test49.png,test49.png,DHP - ERECT - 4000x4000,ERECT,Case 026,Plot04,5.074999999999999,5.0,0.99,26
Simulations/DHP - ERECT - 4000x4000/DHP - ERECT - 4000x4000/Case 027/Plot04/test40.png,test40.png,DHP - ERECT - 4000x4000,ERECT,Case 027,Plot04,6.074999999999999,6.0,0.99,27
Simulations/DHP - ERECT - 4000x4000/DHP - ERECT - 4000x4000/Case 027/Plot04/test41.png,test41.png,DHP - ERECT - 4000x4000,ERECT,Case 027,Plot04,6.074999999999999,6.0,0.99,27
Simulations/DHP - ERECT - 4000x4000/DHP - ERECT - 4000x4000/Case 027/Plot04/test42.png,test42.png,DHP - ERECT - 4000x4000,ERECT,Case 027,Plot04,6.074999999999999,6.0,0.99,27
Simulations/DHP - ERECT - 4000x4000/DHP - ERECT - 4000x4000/Case 027/Plot04/test43.png,test43.png,DHP - ERECT - 4000x4000,ERECT,Case 027,Plot04,6.074999999999999,6.0,0.99,27
Simulations/DHP - ERECT - 4000x4000/DHP - ERECT - 4000x4000/Case 027/Plot04/test44.png,test44.png,DHP - ERECT - 4000x4000,ERECT,Case 027,Plot04,6.074999999999999,6.0,0.99,27
Simulations/DHP - ERECT - 4000x4000/DHP - ERECT - 4000x4000/Case 027/Plot04/test45.png,test45.png,DHP - ERECT - 4000x4000,ERECT,Case 027,Plot04,6.074999999999999,6.0,0.99,27
Simulations/DHP - ERECT - 4000x4000/DHP - ERECT - 4000x4000/Case 027/Plot04/test46.png,test46.png,DHP - ERECT - 4000x4000,ERECT,Case 027,Plot04,6.074999999999999,6.0,0.99,27
Simulations/DHP - ERECT - 4000x4000/DHP - ERECT - 4000x4000/Case 027/Plot04/test47.png,test47.png,DHP - ERECT - 4000x4000,ERECT,Case 027,Plot04,6.074999999999999,6.0,0.99,27
Simulations/DHP - ERECT - 4000x4000/DHP - ERECT - 4000x4000/Case 027/Plot04/test48.png,test48.png,DHP - ERECT - 4000x4000,ERECT,Case 027,Plot04,6.074999999999999,6.0,0.99,27
Simulations/DHP - ERECT - 4000x4000/DHP - ERECT - 4000x4000/Case 027/Plot04/test49.png,test49.png,DHP - ERECT - 4000x4000,ERECT,Case 027,Plot04,6.074999999999999,6.0,0.99,27
Simulations/DHP - ERECT - 4000x4000/DHP - ERECT - 4000x4000/Case 028/Plot04/test40.png,test40.png,DHP - ERECT - 4000x4000,ERECT,Case 028,Plot04,7.735,7.0,0.94,28
Simulations/DHP - ERECT - 4000x4000/DHP - ERECT - 4000x4000/Case 028/Plot04/test41.png,test41.png,DHP - ERECT - 4000x4000,ERECT,Case 028,Plot04,7.735,7.0,0.94,28
Simulations/DHP - ERECT - 4000x4000/DHP - ERECT - 4000x4000/Case 028/Plot04/test42.png,test42.png,DHP - ERECT - 4000x4000,ERECT,Case 028,Plot04,7.735,7.0,0.94,28
Simulations/DHP - ERECT - 4000x4000/DHP - ERECT - 4000x4000/Case 028/Plot04/test43.png,test43.png,DHP - ERECT - 4000x4000,ERECT,Case 028,Plot04,7.735,7.0,0.94,28
Simulations/DHP - ERECT - 4000x4000/DHP - ERECT - 4000x4000/Case 028/Plot04/test44.png,test44.png,DHP - ERECT - 4000x4000,ERECT,Case 028,Plot04,7.735,7.0,0.94,28
Simulations/DHP - ERECT - 4000x4000/DHP - ERECT - 4000x4000/Case 028/Plot04/test45.png,test45.png,DHP - ERECT - 4000x4000,ERECT,Case 028,Plot04,7.735,7.0,0.94,28
Simulations/DHP - ERECT - 4000x4000/DHP - ERECT - 4000x4000/Case 028/Plot04/test46.png,test46.png,DHP - ERECT - 4000x4000,ERECT,Case 028,Plot04,7.735,7.0,0.94,28
Simulations/DHP - ERECT - 4000x4000/DHP - ERECT - 4000x4000/Case 028/Plot04/test47.png,test47.png,DHP - ERECT - 4000x4000,ERECT,Case 028,Plot04,7.735,7.0,0.94,28
Simulations/DHP - ERECT - 4000x4000/DHP - ERECT - 4000x4000/Case 028/Plot04/test48.png,test48.png,DHP - ERECT - 4000x4000,ERECT,Case 028,Plot04,7.735,7.0,0.94,28
Simulations/DHP - ERECT - 4000x4000/DHP - ERECT - 4000x4000/Case 028/Plot04/test49.png,test49.png,DHP - ERECT - 4000x4000,ERECT,Case 028,Plot04,7.735,7.0,0.94,28
Simulations/DHP - ERECT - 4000x4000/DHP - ERECT - 4000x4000/Case 029/Plot04/test40.png,test40.png,DHP - ERECT - 4000x4000,ERECT,Case 029,Plot04,3.21,2.85,1.0,29
Simulations/DHP - ERECT - 4000x4000/DHP - ERECT - 4000x4000/Case 029/Plot04/test41.png,test41.png,DHP - ERECT - 4000x4000,ERECT,Case 029,Plot04,3.21,2.85,1.0,29
Simulations/DHP - ERECT - 4000x4000/DHP - ERECT - 4000x4000/Case 029/Plot04/test42.png,test42.png,DHP - ERECT - 4000x4000,ERECT,Case 029,Plot04,3.21,2.85,1.0,29
Simulations/DHP - ERECT - 4000x4000/DHP - ERECT - 4000x4000/Case 029/Plot04/test43.png,test43.png,DHP - ERECT - 4000x4000,ERECT,Case 029,Plot04,3.21,2.85,1.0,29
Simulations/DHP - ERECT - 4000x4000/DHP - ERECT - 4000x4000/Case 029/Plot04/test44.png,test44.png,DHP - ERECT - 4000x4000,ERECT,Case 029,Plot04,3.21,2.85,1.0,29
Simulations/DHP - ERECT - 4000x4000/DHP - ERECT - 4000x4000/Case 029/Plot04/test45.png,test45.png,DHP - ERECT - 4000x4000,ERECT,Case 029,Plot04,3.21,2.85,1.0,29
Simulations/DHP - ERECT - 4000x4000/DHP - ERECT - 4000x4000/Case 029/Plot04/test46.png,test46.png,DHP - ERECT - 4000x4000,ERECT,Case 029,Plot04,3.21,2.85,1.0,29
Simulations/DHP - ERECT - 4000x4000/DHP - ERECT - 4000x4000/Case 029/Plot04/test47.png,test47.png,DHP - ERECT - 4000x4000,ERECT,Case 029,Plot04,3.21,2.85,1.0,29
Simulations/DHP - ERECT - 4000x4000/DHP - ERECT - 4000x4000/Case 029/Plot04/test48.png,test48.png,DHP - ERECT - 4000x4000,ERECT,Case 029,Plot04,3.21,2.85,1.0,29
Simulations/DHP - ERECT - 4000x4000/DHP - ERECT - 4000x4000/Case 029/Plot04/test49.png,test49.png,DHP - ERECT - 4000x4000,ERECT,Case 029,Plot04,3.21,2.85,1.0,29
Simulations/DHP - ERECT - 4000x4000/DHP - ERECT - 4000x4000/Case 030/Plot04/test40.png,test40.png,DHP - ERECT - 4000x4000,ERECT,Case 030,Plot04,3.55,2.2,0.78,30
Simulations/DHP - ERECT - 4000x4000/DHP - ERECT - 4000x4000/Case 030/Plot04/test41.png,test41.png,DHP - ERECT - 4000x4000,ERECT,Case 030,Plot04,3.55,2.2,0.78,30
Simulations/DHP - ERECT - 4000x4000/DHP - ERECT - 4000x4000/Case 030/Plot04/test42.png,test42.png,DHP - ERECT - 4000x4000,ERECT,Case 030,Plot04,3.55,2.2,0.78,30
Simulations/DHP - ERECT - 4000x4000/DHP - ERECT - 4000x4000/Case 030/Plot04/test43.png,test43.png,DHP - ERECT - 4000x4000,ERECT,Case 030,Plot04,3.55,2.2,0.78,30
Simulations/DHP - ERECT - 4000x4000/DHP - ERECT - 4000x4000/Case 030/Plot04/test44.png,test44.png,DHP - ERECT - 4000x4000,ERECT,Case 030,Plot04,3.55,2.2,0.78,30
Simulations/DHP - ERECT - 4000x4000/DHP - ERECT - 4000x4000/Case 030/Plot04/test45.png,test45.png,DHP - ERECT - 4000x4000,ERECT,Case 030,Plot04,3.55,2.2,0.78,30
Simulations/DHP - ERECT - 4000x4000/DHP - ERECT - 4000x4000/Case 030/Plot04/test46.png,test46.png,DHP - ERECT - 4000x4000,ERECT,Case 030,Plot04,3.55,2.2,0.78,30
Simulations/DHP - ERECT - 4000x4000/DHP - ERECT - 4000x4000/Case 030/Plot04/test47.png,test47.png,DHP - ERECT - 4000x4000,ERECT,Case 030,Plot04,3.55,2.2,0.78,30
Simulations/DHP - ERECT - 4000x4000/DHP - ERECT - 4000x4000/Case 030/Plot04/test48.png,test48.png,DHP - ERECT - 4000x4000,ERECT,Case 030,Plot04,3.55,2.2,0.78,30
Simulations/DHP - ERECT - 4000x4000/DHP - ERECT - 4000x4000/Case 030/Plot04/test49.png,test49.png,DHP - ERECT - 4000x4000,ERECT,Case 030,Plot04,3.55,2.2,0.78,30
Simulations/DHP - ERECT - 4000x4000/DHP - ERECT - 4000x4000/Case 031/Plot04/test40.png,test40.png,DHP - ERECT - 4000x4000,ERECT,Case 031,Plot04,3.79,3.1,0.89,31
Simulations/DHP - ERECT - 4000x4000/DHP - ERECT - 4000x4000/Case 031/Plot04/test41.png,test41.png,DHP - ERECT - 4000x4000,ERECT,Case 031,Plot04,3.79,3.1,0.89,31
Simulations/DHP - ERECT - 4000x4000/DHP - ERECT - 4000x4000/Case 031/Plot04/test42.png,test42.png,DHP - ERECT - 4000x4000,ERECT,Case 031,Plot04,3.79,3.1,0.89,31
Simulations/DHP - ERECT - 4000x4000/DHP - ERECT - 4000x4000/Case 031/Plot04/test43.png,test43.png,DHP - ERECT - 4000x4000,ERECT,Case 031,Plot04,3.79,3.1,0.89,31
Simulations/DHP - ERECT - 4000x4000/DHP - ERECT - 4000x4000/Case 031/Plot04/test44.png,test44.png,DHP - ERECT - 4000x4000,ERECT,Case 031,Plot04,3.79,3.1,0.89,31
Simulations/DHP - ERECT - 4000x4000/DHP - ERECT - 4000x4000/Case 031/Plot04/test45.png,test45.png,DHP - ERECT - 4000x4000,ERECT,Case 031,Plot04,3.79,3.1,0.89,31
Simulations/DHP - ERECT - 4000x4000/DHP - ERECT - 4000x4000/Case 031/Plot04/test46.png,test46.png,DHP - ERECT - 4000x4000,ERECT,Case 031,Plot04,3.79,3.1,0.89,31
Simulations/DHP - ERECT - 4000x4000/DHP - ERECT - 4000x4000/Case 031/Plot04/test47.png,test47.png,DHP - ERECT - 4000x4000,ERECT,Case 031,Plot04,3.79,3.1,0.89,31
Simulations/DHP - ERECT - 4000x4000/DHP - ERECT - 4000x4000/Case 031/Plot04/test48.png,test48.png,DHP - ERECT - 4000x4000,ERECT,Case 031,Plot04,3.79,3.1,0.89,31
Simulations/DHP - ERECT - 4000x4000/DHP - ERECT - 4000x4000/Case 031/Plot04/test49.png,test49.png,DHP - ERECT - 4000x4000,ERECT,Case 031,Plot04,3.79,3.1,0.89,31
Simulations/DHP - ERECT - 4000x4000/DHP - ERECT - 4000x4000/Case 032/Plot04/test40.png,test40.png,DHP - ERECT - 4000x4000,ERECT,Case 032,Plot04,3.55,2.2,0.78,32
Simulations/DHP - ERECT - 4000x4000/DHP - ERECT - 4000x4000/Case 032/Plot04/test41.png,test41.png,DHP - ERECT - 4000x4000,ERECT,Case 032,Plot04,3.55,2.2,0.78,32
Simulations/DHP - ERECT - 4000x4000/DHP - ERECT - 4000x4000/Case 032/Plot04/test42.png,test42.png,DHP - ERECT - 4000x4000,ERECT,Case 032,Plot04,3.55,2.2,0.78,32
Simulations/DHP - ERECT - 4000x4000/DHP - ERECT - 4000x4000/Case 032/Plot04/test43.png,test43.png,DHP - ERECT - 4000x4000,ERECT,Case 032,Plot04,3.55,2.2,0.78,32
Simulations/DHP - ERECT - 4000x4000/DHP - ERECT - 4000x4000/Case 032/Plot04/test44.png,test44.png,DHP - ERECT - 4000x4000,ERECT,Case 032,Plot04,3.55,2.2,0.78,32
Simulations/DHP - ERECT - 4000x4000/DHP - ERECT - 4000x4000/Case 032/Plot04/test45.png,test45.png,DHP - ERECT - 4000x4000,ERECT,Case 032,Plot04,3.55,2.2,0.78,32
Simulations/DHP - ERECT - 4000x4000/DHP - ERECT - 4000x4000/Case 032/Plot04/test46.png,test46.png,DHP - ERECT - 4000x4000,ERECT,Case 032,Plot04,3.55,2.2,0.78,32
Simulations/DHP - ERECT - 4000x4000/DHP - ERECT - 4000x4000/Case 032/Plot04/test47.png,test47.png,DHP - ERECT - 4000x4000,ERECT,Case 032,Plot04,3.55,2.2,0.78,32
Simulations/DHP - ERECT - 4000x4000/DHP - ERECT - 4000x4000/Case 032/Plot04/test48.png,test48.png,DHP - ERECT - 4000x4000,ERECT,Case 032,Plot04,3.55,2.2,0.78,32
Simulations/DHP - ERECT - 4000x4000/DHP - ERECT - 4000x4000/Case 032/Plot04/test49.png,test49.png,DHP - ERECT - 4000x4000,ERECT,Case 032,Plot04,3.55,2.2,0.78,32
Simulations/DHP - ERECT - 4000x4000/DHP - ERECT - 4000x4000/Case 033/Plot04/test40.png,test40.png,DHP - ERECT - 4000x4000,ERECT,Case 033,Plot04,3.0,3.0,1.0,33
Simulations/DHP - ERECT - 4000x4000/DHP - ERECT - 4000x4000/Case 033/Plot04/test41.png,test41.png,DHP - ERECT - 4000x4000,ERECT,Case 033,Plot04,3.0,3.0,1.0,33
Simulations/DHP - ERECT - 4000x4000/DHP - ERECT - 4000x4000/Case 033/Plot04/test42.png,test42.png,DHP - ERECT - 4000x4000,ERECT,Case 033,Plot04,3.0,3.0,1.0,33
Simulations/DHP - ERECT - 4000x4000/DHP - ERECT - 4000x4000/Case 033/Plot04/test43.png,test43.png,DHP - ERECT - 4000x4000,ERECT,Case 033,Plot04,3.0,3.0,1.0,33
Simulations/DHP - ERECT - 4000x4000/DHP - ERECT - 4000x4000/Case 033/Plot04/test44.png,test44.png,DHP - ERECT - 4000x4000,ERECT,Case 033,Plot04,3.0,3.0,1.0,33
Simulations/DHP - ERECT - 4000x4000/DHP - ERECT - 4000x4000/Case 033/Plot04/test45.png,test45.png,DHP - ERECT - 4000x4000,ERECT,Case 033,Plot04,3.0,3.0,1.0,33
Simulations/DHP - ERECT - 4000x4000/DHP - ERECT - 4000x4000/Case 033/Plot04/test46.png,test46.png,DHP - ERECT - 4000x4000,ERECT,Case 033,Plot04,3.0,3.0,1.0,33
Simulations/DHP - ERECT - 4000x4000/DHP - ERECT - 4000x4000/Case 033/Plot04/test47.png,test47.png,DHP - ERECT - 4000x4000,ERECT,Case 033,Plot04,3.0,3.0,1.0,33
Simulations/DHP - ERECT - 4000x4000/DHP - ERECT - 4000x4000/Case 033/Plot04/test48.png,test48.png,DHP - ERECT - 4000x4000,ERECT,Case 033,Plot04,3.0,3.0,1.0,33
Simulations/DHP - ERECT - 4000x4000/DHP - ERECT - 4000x4000/Case 033/Plot04/test49.png,test49.png,DHP - ERECT - 4000x4000,ERECT,Case 033,Plot04,3.0,3.0,1.0,33
Simulations/DHP - ERECT - 4000x4000/DHP - ERECT - 4000x4000/Case 034/Plot04/test40.png,test40.png,DHP - ERECT - 4000x4000,ERECT,Case 034,Plot04,2.0,2.0,1.0,34
Simulations/DHP - ERECT - 4000x4000/DHP - ERECT - 4000x4000/Case 034/Plot04/test41.png,test41.png,DHP - ERECT - 4000x4000,ERECT,Case 034,Plot04,2.0,2.0,1.0,34
Simulations/DHP - ERECT - 4000x4000/DHP - ERECT - 4000x4000/Case 034/Plot04/test42.png,test42.png,DHP - ERECT - 4000x4000,ERECT,Case 034,Plot04,2.0,2.0,1.0,34
Simulations/DHP - ERECT - 4000x4000/DHP - ERECT - 4000x4000/Case 034/Plot04/test43.png,test43.png,DHP - ERECT - 4000x4000,ERECT,Case 034,Plot04,2.0,2.0,1.0,34
Simulations/DHP - ERECT - 4000x4000/DHP - ERECT - 4000x4000/Case 034/Plot04/test44.png,test44.png,DHP - ERECT - 4000x4000,ERECT,Case 034,Plot04,2.0,2.0,1.0,34
Simulations/DHP - ERECT - 4000x4000/DHP - ERECT - 4000x4000/Case 034/Plot04/test45.png,test45.png,DHP - ERECT - 4000x4000,ERECT,Case 034,Plot04,2.0,2.0,1.0,34
Simulations/DHP - ERECT - 4000x4000/DHP - ERECT - 4000x4000/Case 034/Plot04/test46.png,test46.png,DHP - ERECT - 4000x4000,ERECT,Case 034,Plot04,2.0,2.0,1.0,34
Simulations/DHP - ERECT - 4000x4000/DHP - ERECT - 4000x4000/Case 034/Plot04/test47.png,test47.png,DHP - ERECT - 4000x4000,ERECT,Case 034,Plot04,2.0,2.0,1.0,34
Simulations/DHP - ERECT - 4000x4000/DHP - ERECT - 4000x4000/Case 034/Plot04/test48.png,test48.png,DHP - ERECT - 4000x4000,ERECT,Case 034,Plot04,2.0,2.0,1.0,34
Simulations/DHP - ERECT - 4000x4000/DHP - ERECT - 4000x4000/Case 034/Plot04/test49.png,test49.png,DHP - ERECT - 4000x4000,ERECT,Case 034,Plot04,2.0,2.0,1.0,34
Simulations/DHP - ERECT - 4000x4000/DHP - ERECT - 4000x4000/Case 035/Plot04/test40.png,test40.png,DHP - ERECT - 4000x4000,ERECT,Case 035,Plot04,6.51,6.0,0.95,35
Simulations/DHP - ERECT - 4000x4000/DHP - ERECT - 4000x4000/Case 035/Plot04/test41.png,test41.png,DHP - ERECT - 4000x4000,ERECT,Case 035,Plot04,6.51,6.0,0.95,35
Simulations/DHP - ERECT - 4000x4000/DHP - ERECT - 4000x4000/Case 035/Plot04/test42.png,test42.png,DHP - ERECT - 4000x4000,ERECT,Case 035,Plot04,6.51,6.0,0.95,35
Simulations/DHP - ERECT - 4000x4000/DHP - ERECT - 4000x4000/Case 035/Plot04/test43.png,test43.png,DHP - ERECT - 4000x4000,ERECT,Case 035,Plot04,6.51,6.0,0.95,35
Simulations/DHP - ERECT - 4000x4000/DHP - ERECT - 4000x4000/Case 035/Plot04/test44.png,test44.png,DHP - ERECT - 4000x4000,ERECT,Case 035,Plot04,6.51,6.0,0.95,35
Simulations/DHP - ERECT - 4000x4000/DHP - ERECT - 4000x4000/Case 035/Plot04/test45.png,test45.png,DHP - ERECT - 4000x4000,ERECT,Case 035,Plot04,6.51,6.0,0.95,35
Simulations/DHP - ERECT - 4000x4000/DHP - ERECT - 4000x4000/Case 035/Plot04/test46.png,test46.png,DHP - ERECT - 4000x4000,ERECT,Case 035,Plot04,6.51,6.0,0.95,35
Simulations/DHP - ERECT - 4000x4000/DHP - ERECT - 4000x4000/Case 035/Plot04/test47.png,test47.png,DHP - ERECT - 4000x4000,ERECT,Case 035,Plot04,6.51,6.0,0.95,35
Simulations/DHP - ERECT - 4000x4000/DHP - ERECT - 4000x4000/Case 035/Plot04/test48.png,test48.png,DHP - ERECT - 4000x4000,ERECT,Case 035,Plot04,6.51,6.0,0.95,35
Simulations/DHP - ERECT - 4000x4000/DHP - ERECT - 4000x4000/Case 035/Plot04/test49.png,test49.png,DHP - ERECT - 4000x4000,ERECT,Case 035,Plot04,6.51,6.0,0.95,35
Simulations/DHP - ERECT - 4000x4000/DHP - ERECT - 4000x4000/Case 036/Plot04/test40.png,test40.png,DHP - ERECT - 4000x4000,ERECT,Case 036,Plot04,3.135,3.0,0.97,36
Simulations/DHP - ERECT - 4000x4000/DHP - ERECT - 4000x4000/Case 036/Plot04/test41.png,test41.png,DHP - ERECT - 4000x4000,ERECT,Case 036,Plot04,3.135,3.0,0.97,36
Simulations/DHP - ERECT - 4000x4000/DHP - ERECT - 4000x4000/Case 036/Plot04/test42.png,test42.png,DHP - ERECT - 4000x4000,ERECT,Case 036,Plot04,3.135,3.0,0.97,36
Simulations/DHP - ERECT - 4000x4000/DHP - ERECT - 4000x4000/Case 036/Plot04/test43.png,test43.png,DHP - ERECT - 4000x4000,ERECT,Case 036,Plot04,3.135,3.0,0.97,36
Simulations/DHP - ERECT - 4000x4000/DHP - ERECT - 4000x4000/Case 036/Plot04/test44.png,test44.png,DHP - ERECT - 4000x4000,ERECT,Case 036,Plot04,3.135,3.0,0.97,36
Simulations/DHP - ERECT - 4000x4000/DHP - ERECT - 4000x4000/Case 036/Plot04/test45.png,test45.png,DHP - ERECT - 4000x4000,ERECT,Case 036,Plot04,3.135,3.0,0.97,36
Simulations/DHP - ERECT - 4000x4000/DHP - ERECT - 4000x4000/Case 036/Plot04/test46.png,test46.png,DHP - ERECT - 4000x4000,ERECT,Case 036,Plot04,3.135,3.0,0.97,36
Simulations/DHP - ERECT - 4000x4000/DHP - ERECT - 4000x4000/Case 036/Plot04/test47.png,test47.png,DHP - ERECT - 4000x4000,ERECT,Case 036,Plot04,3.135,3.0,0.97,36
Simulations/DHP - ERECT - 4000x4000/DHP - ERECT - 4000x4000/Case 036/Plot04/test48.png,test48.png,DHP - ERECT - 4000x4000,ERECT,Case 036,Plot04,3.135,3.0,0.97,36
Simulations/DHP - ERECT - 4000x4000/DHP - ERECT - 4000x4000/Case 036/Plot04/test49.png,test49.png,DHP - ERECT - 4000x4000,ERECT,Case 036,Plot04,3.135,3.0,0.97,36
Simulations/DHP - ERECT - 4000x4000/DHP - ERECT - 4000x4000/Case 037/Plot04/test40.png,test40.png,DHP - ERECT - 4000x4000,ERECT,Case 037,Plot04,3.93,3.0,0.85,37
Simulations/DHP - ERECT - 4000x4000/DHP - ERECT - 4000x4000/Case 037/Plot04/test41.png,test41.png,DHP - ERECT - 4000x4000,ERECT,Case 037,Plot04,3.93,3.0,0.85,37
Simulations/DHP - ERECT - 4000x4000/DHP - ERECT - 4000x4000/Case 037/Plot04/test42.png,test42.png,DHP - ERECT - 4000x4000,ERECT,Case 037,Plot04,3.93,3.0,0.85,37
Simulations/DHP - ERECT - 4000x4000/DHP - ERECT - 4000x4000/Case 037/Plot04/test43.png,test43.png,DHP - ERECT - 4000x4000,ERECT,Case 037,Plot04,3.93,3.0,0.85,37
Simulations/DHP - ERECT - 4000x4000/DHP - ERECT - 4000x4000/Case 037/Plot04/test44.png,test44.png,DHP - ERECT - 4000x4000,ERECT,Case 037,Plot04,3.93,3.0,0.85,37
Simulations/DHP - ERECT - 4000x4000/DHP - ERECT - 4000x4000/Case 037/Plot04/test45.png,test45.png,DHP - ERECT - 4000x4000,ERECT,Case 037,Plot04,3.93,3.0,0.85,37
Simulations/DHP - ERECT - 4000x4000/DHP - ERECT - 4000x4000/Case 037/Plot04/test46.png,test46.png,DHP - ERECT - 4000x4000,ERECT,Case 037,Plot04,3.93,3.0,0.85,37
Simulations/DHP - ERECT - 4000x4000/DHP - ERECT - 4000x4000/Case 037/Plot04/test47.png,test47.png,DHP - ERECT - 4000x4000,ERECT,Case 037,Plot04,3.93,3.0,0.85,37
Simulations/DHP - ERECT - 4000x4000/DHP - ERECT - 4000x4000/Case 037/Plot04/test48.png,test48.png,DHP - ERECT - 4000x4000,ERECT,Case 037,Plot04,3.93,3.0,0.85,37
Simulations/DHP - ERECT - 4000x4000/DHP - ERECT - 4000x4000/Case 037/Plot04/test49.png,test49.png,DHP - ERECT - 4000x4000,ERECT,Case 037,Plot04,3.93,3.0,0.85,37
Simulations/DHP - ERECT - 4000x4000/DHP - ERECT - 4000x4000/Case 038/Plot04/test40.png,test40.png,DHP - ERECT - 4000x4000,ERECT,Case 038,Plot04,2.4050000000000002,2.15,0.93,38
Simulations/DHP - ERECT - 4000x4000/DHP - ERECT - 4000x4000/Case 038/Plot04/test41.png,test41.png,DHP - ERECT - 4000x4000,ERECT,Case 038,Plot04,2.4050000000000002,2.15,0.93,38
Simulations/DHP - ERECT - 4000x4000/DHP - ERECT - 4000x4000/Case 038/Plot04/test42.png,test42.png,DHP - ERECT - 4000x4000,ERECT,Case 038,Plot04,2.4050000000000002,2.15,0.93,38
Simulations/DHP - ERECT - 4000x4000/DHP - ERECT - 4000x4000/Case 038/Plot04/test43.png,test43.png,DHP - ERECT - 4000x4000,ERECT,Case 038,Plot04,2.4050000000000002,2.15,0.93,38
Simulations/DHP - ERECT - 4000x4000/DHP - ERECT - 4000x4000/Case 038/Plot04/test44.png,test44.png,DHP - ERECT - 4000x4000,ERECT,Case 038,Plot04,2.4050000000000002,2.15,0.93,38
Simulations/DHP - ERECT - 4000x4000/DHP - ERECT - 4000x4000/Case 038/Plot04/test45.png,test45.png,DHP - ERECT - 4000x4000,ERECT,Case 038,Plot04,2.4050000000000002,2.15,0.93,38
Simulations/DHP - ERECT - 4000x4000/DHP - ERECT - 4000x4000/Case 038/Plot04/test46.png,test46.png,DHP - ERECT - 4000x4000,ERECT,Case 038,Plot04,2.4050000000000002,2.15,0.93,38
Simulations/DHP - ERECT - 4000x4000/DHP - ERECT - 4000x4000/Case 038/Plot04/test47.png,test47.png,DHP - ERECT - 4000x4000,ERECT,Case 038,Plot04,2.4050000000000002,2.15,0.93,38
Simulations/DHP - ERECT - 4000x4000/DHP - ERECT - 4000x4000/Case 038/Plot04/test48.png,test48.png,DHP - ERECT - 4000x4000,ERECT,Case 038,Plot04,2.4050000000000002,2.15,0.93,38
Simulations/DHP - ERECT - 4000x4000/DHP - ERECT - 4000x4000/Case 038/Plot04/test49.png,test49.png,DHP - ERECT - 4000x4000,ERECT,Case 038,Plot04,2.4050000000000002,2.15,0.93,38
Simulations/DHP - ERECT - 4000x4000/DHP - ERECT - 4000x4000/Case 039/Plot04/test40.png,test40.png,DHP - ERECT - 4000x4000,ERECT,Case 039,Plot04,4.0,4.0,1.0,39
Simulations/DHP - ERECT - 4000x4000/DHP - ERECT - 4000x4000/Case 039/Plot04/test41.png,test41.png,DHP - ERECT - 4000x4000,ERECT,Case 039,Plot04,4.0,4.0,1.0,39
Simulations/DHP - ERECT - 4000x4000/DHP - ERECT - 4000x4000/Case 039/Plot04/test42.png,test42.png,DHP - ERECT - 4000x4000,ERECT,Case 039,Plot04,4.0,4.0,1.0,39
Simulations/DHP - ERECT - 4000x4000/DHP - ERECT - 4000x4000/Case 039/Plot04/test43.png,test43.png,DHP - ERECT - 4000x4000,ERECT,Case 039,Plot04,4.0,4.0,1.0,39
Simulations/DHP - ERECT - 4000x4000/DHP - ERECT - 4000x4000/Case 039/Plot04/test44.png,test44.png,DHP - ERECT - 4000x4000,ERECT,Case 039,Plot04,4.0,4.0,1.0,39
Simulations/DHP - ERECT - 4000x4000/DHP - ERECT - 4000x4000/Case 039/Plot04/test45.png,test45.png,DHP - ERECT - 4000x4000,ERECT,Case 039,Plot04,4.0,4.0,1.0,39
Simulations/DHP - ERECT - 4000x4000/DHP - ERECT - 4000x4000/Case 039/Plot04/test46.png,test46.png,DHP - ERECT - 4000x4000,ERECT,Case 039,Plot04,4.0,4.0,1.0,39
Simulations/DHP - ERECT - 4000x4000/DHP - ERECT - 4000x4000/Case 039/Plot04/test47.png,test47.png,DHP - ERECT - 4000x4000,ERECT,Case 039,Plot04,4.0,4.0,1.0,39
Simulations/DHP - ERECT - 4000x4000/DHP - ERECT - 4000x4000/Case 039/Plot04/test48.png,test48.png,DHP - ERECT - 4000x4000,ERECT,Case 039,Plot04,4.0,4.0,1.0,39
Simulations/DHP - ERECT - 4000x4000/DHP - ERECT - 4000x4000/Case 039/Plot04/test49.png,test49.png,DHP - ERECT - 4000x4000,ERECT,Case 039,Plot04,4.0,4.0,1.0,39
Simulations/DHP - ERECT - 4000x4000/DHP - ERECT - 4000x4000/Case 040/Plot04/test40.png,test40.png,DHP - ERECT - 4000x4000,ERECT,Case 040,Plot04,5.0,5.0,1.0,40
Simulations/DHP - ERECT - 4000x4000/DHP - ERECT - 4000x4000/Case 040/Plot04/test41.png,test41.png,DHP - ERECT - 4000x4000,ERECT,Case 040,Plot04,5.0,5.0,1.0,40
Simulations/DHP - ERECT - 4000x4000/DHP - ERECT - 4000x4000/Case 040/Plot04/test42.png,test42.png,DHP - ERECT - 4000x4000,ERECT,Case 040,Plot04,5.0,5.0,1.0,40
Simulations/DHP - ERECT - 4000x4000/DHP - ERECT - 4000x4000/Case 040/Plot04/test43.png,test43.png,DHP - ERECT - 4000x4000,ERECT,Case 040,Plot04,5.0,5.0,1.0,40
Simulations/DHP - ERECT - 4000x4000/DHP - ERECT - 4000x4000/Case 040/Plot04/test44.png,test44.png,DHP - ERECT - 4000x4000,ERECT,Case 040,Plot04,5.0,5.0,1.0,40
Simulations/DHP - ERECT - 4000x4000/DHP - ERECT - 4000x4000/Case 040/Plot04/test45.png,test45.png,DHP - ERECT - 4000x4000,ERECT,Case 040,Plot04,5.0,5.0,1.0,40
Simulations/DHP - ERECT - 4000x4000/DHP - ERECT - 4000x4000/Case 040/Plot04/test46.png,test46.png,DHP - ERECT - 4000x4000,ERECT,Case 040,Plot04,5.0,5.0,1.0,40
Simulations/DHP - ERECT - 4000x4000/DHP - ERECT - 4000x4000/Case 040/Plot04/test47.png,test47.png,DHP - ERECT - 4000x4000,ERECT,Case 040,Plot04,5.0,5.0,1.0,40
Simulations/DHP - ERECT - 4000x4000/DHP - ERECT - 4000x4000/Case 040/Plot04/test48.png,test48.png,DHP - ERECT - 4000x4000,ERECT,Case 040,Plot04,5.0,5.0,1.0,40
Simulations/DHP - ERECT - 4000x4000/DHP - ERECT - 4000x4000/Case 040/Plot04/test49.png,test49.png,DHP - ERECT - 4000x4000,ERECT,Case 040,Plot04,5.0,5.0,1.0,40
Simulations/DHP - ERECT - 4000x4000/DHP - ERECT - 4000x4000/Case 041/Plot04/test40.png,test40.png,DHP - ERECT - 4000x4000,ERECT,Case 041,Plot04,6.0,6.0,1.0,41
Simulations/DHP - ERECT - 4000x4000/DHP - ERECT - 4000x4000/Case 041/Plot04/test41.png,test41.png,DHP - ERECT - 4000x4000,ERECT,Case 041,Plot04,6.0,6.0,1.0,41
Simulations/DHP - ERECT - 4000x4000/DHP - ERECT - 4000x4000/Case 041/Plot04/test42.png,test42.png,DHP - ERECT - 4000x4000,ERECT,Case 041,Plot04,6.0,6.0,1.0,41
Simulations/DHP - ERECT - 4000x4000/DHP - ERECT - 4000x4000/Case 041/Plot04/test43.png,test43.png,DHP - ERECT - 4000x4000,ERECT,Case 041,Plot04,6.0,6.0,1.0,41
Simulations/DHP - ERECT - 4000x4000/DHP - ERECT - 4000x4000/Case 041/Plot04/test44.png,test44.png,DHP - ERECT - 4000x4000,ERECT,Case 041,Plot04,6.0,6.0,1.0,41
Simulations/DHP - ERECT - 4000x4000/DHP - ERECT - 4000x4000/Case 041/Plot04/test45.png,test45.png,DHP - ERECT - 4000x4000,ERECT,Case 041,Plot04,6.0,6.0,1.0,41
Simulations/DHP - ERECT - 4000x4000/DHP - ERECT - 4000x4000/Case 041/Plot04/test46.png,test46.png,DHP - ERECT - 4000x4000,ERECT,Case 041,Plot04,6.0,6.0,1.0,41
Simulations/DHP - ERECT - 4000x4000/DHP - ERECT - 4000x4000/Case 041/Plot04/test47.png,test47.png,DHP - ERECT - 4000x4000,ERECT,Case 041,Plot04,6.0,6.0,1.0,41
Simulations/DHP - ERECT - 4000x4000/DHP - ERECT - 4000x4000/Case 041/Plot04/test48.png,test48.png,DHP - ERECT - 4000x4000,ERECT,Case 041,Plot04,6.0,6.0,1.0,41
Simulations/DHP - ERECT - 4000x4000/DHP - ERECT - 4000x4000/Case 041/Plot04/test49.png,test49.png,DHP - ERECT - 4000x4000,ERECT,Case 041,Plot04,6.0,6.0,1.0,41
Simulations/DHP - ERECT - 4000x4000/DHP - ERECT - 4000x4000/Case 042/Plot04/test40.png,test40.png,DHP - ERECT - 4000x4000,ERECT,Case 042,Plot04,4.51,4.0,0.93,42
Simulations/DHP - ERECT - 4000x4000/DHP - ERECT - 4000x4000/Case 042/Plot04/test41.png,test41.png,DHP - ERECT - 4000x4000,ERECT,Case 042,Plot04,4.51,4.0,0.93,42
Simulations/DHP - ERECT - 4000x4000/DHP - ERECT - 4000x4000/Case 042/Plot04/test42.png,test42.png,DHP - ERECT - 4000x4000,ERECT,Case 042,Plot04,4.51,4.0,0.93,42
Simulations/DHP - ERECT - 4000x4000/DHP - ERECT - 4000x4000/Case 042/Plot04/test43.png,test43.png,DHP - ERECT - 4000x4000,ERECT,Case 042,Plot04,4.51,4.0,0.93,42
Simulations/DHP - ERECT - 4000x4000/DHP - ERECT - 4000x4000/Case 042/Plot04/test44.png,test44.png,DHP - ERECT - 4000x4000,ERECT,Case 042,Plot04,4.51,4.0,0.93,42
Simulations/DHP - ERECT - 4000x4000/DHP - ERECT - 4000x4000/Case 042/Plot04/test45.png,test45.png,DHP - ERECT - 4000x4000,ERECT,Case 042,Plot04,4.51,4.0,0.93,42
Simulations/DHP - ERECT - 4000x4000/DHP - ERECT - 4000x4000/Case 042/Plot04/test46.png,test46.png,DHP - ERECT - 4000x4000,ERECT,Case 042,Plot04,4.51,4.0,0.93,42
Simulations/DHP - ERECT - 4000x4000/DHP - ERECT - 4000x4000/Case 042/Plot04/test47.png,test47.png,DHP - ERECT - 4000x4000,ERECT,Case 042,Plot04,4.51,4.0,0.93,42
Simulations/DHP - ERECT - 4000x4000/DHP - ERECT - 4000x4000/Case 042/Plot04/test48.png,test48.png,DHP - ERECT - 4000x4000,ERECT,Case 042,Plot04,4.51,4.0,0.93,42
Simulations/DHP - ERECT - 4000x4000/DHP - ERECT - 4000x4000/Case 042/Plot04/test49.png,test49.png,DHP - ERECT - 4000x4000,ERECT,Case 042,Plot04,4.51,4.0,0.93,42
Simulations/DHP - ERECT - 4000x4000/DHP - ERECT - 4000x4000/Case 043/Plot04/test40.png,test40.png,DHP - ERECT - 4000x4000,ERECT,Case 043,Plot04,5.32,4.75,1.0,43
Simulations/DHP - ERECT - 4000x4000/DHP - ERECT - 4000x4000/Case 043/Plot04/test41.png,test41.png,DHP - ERECT - 4000x4000,ERECT,Case 043,Plot04,5.32,4.75,1.0,43
Simulations/DHP - ERECT - 4000x4000/DHP - ERECT - 4000x4000/Case 043/Plot04/test42.png,test42.png,DHP - ERECT - 4000x4000,ERECT,Case 043,Plot04,5.32,4.75,1.0,43
Simulations/DHP - ERECT - 4000x4000/DHP - ERECT - 4000x4000/Case 043/Plot04/test43.png,test43.png,DHP - ERECT - 4000x4000,ERECT,Case 043,Plot04,5.32,4.75,1.0,43
Simulations/DHP - ERECT - 4000x4000/DHP - ERECT - 4000x4000/Case 043/Plot04/test44.png,test44.png,DHP - ERECT - 4000x4000,ERECT,Case 043,Plot04,5.32,4.75,1.0,43
Simulations/DHP - ERECT - 4000x4000/DHP - ERECT - 4000x4000/Case 043/Plot04/test45.png,test45.png,DHP - ERECT - 4000x4000,ERECT,Case 043,Plot04,5.32,4.75,1.0,43
Simulations/DHP - ERECT - 4000x4000/DHP - ERECT - 4000x4000/Case 043/Plot04/test46.png,test46.png,DHP - ERECT - 4000x4000,ERECT,Case 043,Plot04,5.32,4.75,1.0,43
Simulations/DHP - ERECT - 4000x4000/DHP - ERECT - 4000x4000/Case 043/Plot04/test47.png,test47.png,DHP - ERECT - 4000x4000,ERECT,Case 043,Plot04,5.32,4.75,1.0,43
Simulations/DHP - ERECT - 4000x4000/DHP - ERECT - 4000x4000/Case 043/Plot04/test48.png,test48.png,DHP - ERECT - 4000x4000,ERECT,Case 043,Plot04,5.32,4.75,1.0,43
Simulations/DHP - ERECT - 4000x4000/DHP - ERECT - 4000x4000/Case 043/Plot04/test49.png,test49.png,DHP - ERECT - 4000x4000,ERECT,Case 043,Plot04,5.32,4.75,1.0,43
Simulations/DHP - ERECT - 4000x4000/DHP - ERECT - 4000x4000/Case 044/Plot04/test40.png,test40.png,DHP - ERECT - 4000x4000,ERECT,Case 044,Plot04,4.79,4.5,1.0,44
Simulations/DHP - ERECT - 4000x4000/DHP - ERECT - 4000x4000/Case 044/Plot04/test41.png,test41.png,DHP - ERECT - 4000x4000,ERECT,Case 044,Plot04,4.79,4.5,1.0,44
Simulations/DHP - ERECT - 4000x4000/DHP - ERECT - 4000x4000/Case 044/Plot04/test42.png,test42.png,DHP - ERECT - 4000x4000,ERECT,Case 044,Plot04,4.79,4.5,1.0,44
Simulations/DHP - ERECT - 4000x4000/DHP - ERECT - 4000x4000/Case 044/Plot04/test43.png,test43.png,DHP - ERECT - 4000x4000,ERECT,Case 044,Plot04,4.79,4.5,1.0,44
Simulations/DHP - ERECT - 4000x4000/DHP - ERECT - 4000x4000/Case 044/Plot04/test44.png,test44.png,DHP - ERECT - 4000x4000,ERECT,Case 044,Plot04,4.79,4.5,1.0,44
Simulations/DHP - ERECT - 4000x4000/DHP - ERECT - 4000x4000/Case 044/Plot04/test45.png,test45.png,DHP - ERECT - 4000x4000,ERECT,Case 044,Plot04,4.79,4.5,1.0,44
Simulations/DHP - ERECT - 4000x4000/DHP - ERECT - 4000x4000/Case 044/Plot04/test46.png,test46.png,DHP - ERECT - 4000x4000,ERECT,Case 044,Plot04,4.79,4.5,1.0,44
Simulations/DHP - ERECT - 4000x4000/DHP - ERECT - 4000x4000/Case 044/Plot04/test47.png,test47.png,DHP - ERECT - 4000x4000,ERECT,Case 044,Plot04,4.79,4.5,1.0,44
Simulations/DHP - ERECT - 4000x4000/DHP - ERECT - 4000x4000/Case 044/Plot04/test48.png,test48.png,DHP - ERECT - 4000x4000,ERECT,Case 044,Plot04,4.79,4.5,1.0,44
Simulations/DHP - ERECT - 4000x4000/DHP - ERECT - 4000x4000/Case 044/Plot04/test49.png,test49.png,DHP - ERECT - 4000x4000,ERECT,Case 044,Plot04,4.79,4.5,1.0,44
Simulations/DHP - ERECT - 4000x4000/DHP - ERECT - 4000x4000/Case 045/Plot04/test40.png,test40.png,DHP - ERECT - 4000x4000,ERECT,Case 045,Plot04,4.79,4.5,1.0,45
Simulations/DHP - ERECT - 4000x4000/DHP - ERECT - 4000x4000/Case 045/Plot04/test41.png,test41.png,DHP - ERECT - 4000x4000,ERECT,Case 045,Plot04,4.79,4.5,1.0,45
Simulations/DHP - ERECT - 4000x4000/DHP - ERECT - 4000x4000/Case 045/Plot04/test42.png,test42.png,DHP - ERECT - 4000x4000,ERECT,Case 045,Plot04,4.79,4.5,1.0,45
Simulations/DHP - ERECT - 4000x4000/DHP - ERECT - 4000x4000/Case 045/Plot04/test43.png,test43.png,DHP - ERECT - 4000x4000,ERECT,Case 045,Plot04,4.79,4.5,1.0,45
Simulations/DHP - ERECT - 4000x4000/DHP - ERECT - 4000x4000/Case 045/Plot04/test44.png,test44.png,DHP - ERECT - 4000x4000,ERECT,Case 045,Plot04,4.79,4.5,1.0,45
Simulations/DHP - ERECT - 4000x4000/DHP - ERECT - 4000x4000/Case 045/Plot04/test45.png,test45.png,DHP - ERECT - 4000x4000,ERECT,Case 045,Plot04,4.79,4.5,1.0,45
Simulations/DHP - ERECT - 4000x4000/DHP - ERECT - 4000x4000/Case 045/Plot04/test46.png,test46.png,DHP - ERECT - 4000x4000,ERECT,Case 045,Plot04,4.79,4.5,1.0,45
Simulations/DHP - ERECT - 4000x4000/DHP - ERECT - 4000x4000/Case 045/Plot04/test47.png,test47.png,DHP - ERECT - 4000x4000,ERECT,Case 045,Plot04,4.79,4.5,1.0,45
Simulations/DHP - ERECT - 4000x4000/DHP - ERECT - 4000x4000/Case 045/Plot04/test48.png,test48.png,DHP - ERECT - 4000x4000,ERECT,Case 045,Plot04,4.79,4.5,1.0,45
Simulations/DHP - ERECT - 4000x4000/DHP - ERECT - 4000x4000/Case 045/Plot04/test49.png,test49.png,DHP - ERECT - 4000x4000,ERECT,Case 045,Plot04,4.79,4.5,1.0,45
Simulations/DHP - ERECT - 4000x4000/DHP - ERECT - 4000x4000/Case 046/Plot04/test40.png,test40.png,DHP - ERECT - 4000x4000,ERECT,Case 046,Plot04,4.9350000000000005,4.5,0.94,46
Simulations/DHP - ERECT - 4000x4000/DHP - ERECT - 4000x4000/Case 046/Plot04/test41.png,test41.png,DHP - ERECT - 4000x4000,ERECT,Case 046,Plot04,4.9350000000000005,4.5,0.94,46
Simulations/DHP - ERECT - 4000x4000/DHP - ERECT - 4000x4000/Case 046/Plot04/test42.png,test42.png,DHP - ERECT - 4000x4000,ERECT,Case 046,Plot04,4.9350000000000005,4.5,0.94,46
Simulations/DHP - ERECT - 4000x4000/DHP - ERECT - 4000x4000/Case 046/Plot04/test43.png,test43.png,DHP - ERECT - 4000x4000,ERECT,Case 046,Plot04,4.9350000000000005,4.5,0.94,46
Simulations/DHP - ERECT - 4000x4000/DHP - ERECT - 4000x4000/Case 046/Plot04/test44.png,test44.png,DHP - ERECT - 4000x4000,ERECT,Case 046,Plot04,4.9350000000000005,4.5,0.94,46
Simulations/DHP - ERECT - 4000x4000/DHP - ERECT - 4000x4000/Case 046/Plot04/test45.png,test45.png,DHP - ERECT - 4000x4000,ERECT,Case 046,Plot04,4.9350000000000005,4.5,0.94,46
Simulations/DHP - ERECT - 4000x4000/DHP - ERECT - 4000x4000/Case 046/Plot04/test46.png,test46.png,DHP - ERECT - 4000x4000,ERECT,Case 046,Plot04,4.9350000000000005,4.5,0.94,46
Simulations/DHP - ERECT - 4000x4000/DHP - ERECT - 4000x4000/Case 046/Plot04/test47.png,test47.png,DHP - ERECT - 4000x4000,ERECT,Case 046,Plot04,4.9350000000000005,4.5,0.94,46
Simulations/DHP - ERECT - 4000x4000/DHP - ERECT - 4000x4000/Case 046/Plot04/test48.png,test48.png,DHP - ERECT - 4000x4000,ERECT,Case 046,Plot04,4.9350000000000005,4.5,0.94,46
Simulations/DHP - ERECT - 4000x4000/DHP - ERECT - 4000x4000/Case 046/Plot04/test49.png,test49.png,DHP - ERECT - 4000x4000,ERECT,Case 046,Plot04,4.9350000000000005,4.5,0.94,46
Simulations/DHP - ERECT - 4000x4000/DHP - ERECT - 4000x4000/Case 047/Plot04/test40.png,test40.png,DHP - ERECT - 4000x4000,ERECT,Case 047,Plot04,3.0,3.0,1.0,47
Simulations/DHP - ERECT - 4000x4000/DHP - ERECT - 4000x4000/Case 047/Plot04/test41.png,test41.png,DHP - ERECT - 4000x4000,ERECT,Case 047,Plot04,3.0,3.0,1.0,47
Simulations/DHP - ERECT - 4000x4000/DHP - ERECT - 4000x4000/Case 047/Plot04/test42.png,test42.png,DHP - ERECT - 4000x4000,ERECT,Case 047,Plot04,3.0,3.0,1.0,47
Simulations/DHP - ERECT - 4000x4000/DHP - ERECT - 4000x4000/Case 047/Plot04/test43.png,test43.png,DHP - ERECT - 4000x4000,ERECT,Case 047,Plot04,3.0,3.0,1.0,47
Simulations/DHP - ERECT - 4000x4000/DHP - ERECT - 4000x4000/Case 047/Plot04/test44.png,test44.png,DHP - ERECT - 4000x4000,ERECT,Case 047,Plot04,3.0,3.0,1.0,47
Simulations/DHP - ERECT - 4000x4000/DHP - ERECT - 4000x4000/Case 047/Plot04/test45.png,test45.png,DHP - ERECT - 4000x4000,ERECT,Case 047,Plot04,3.0,3.0,1.0,47
Simulations/DHP - ERECT - 4000x4000/DHP - ERECT - 4000x4000/Case 047/Plot04/test46.png,test46.png,DHP - ERECT - 4000x4000,ERECT,Case 047,Plot04,3.0,3.0,1.0,47
Simulations/DHP - ERECT - 4000x4000/DHP - ERECT - 4000x4000/Case 047/Plot04/test47.png,test47.png,DHP - ERECT - 4000x4000,ERECT,Case 047,Plot04,3.0,3.0,1.0,47
Simulations/DHP - ERECT - 4000x4000/DHP - ERECT - 4000x4000/Case 047/Plot04/test48.png,test48.png,DHP - ERECT - 4000x4000,ERECT,Case 047,Plot04,3.0,3.0,1.0,47
Simulations/DHP - ERECT - 4000x4000/DHP - ERECT - 4000x4000/Case 047/Plot04/test49.png,test49.png,DHP - ERECT - 4000x4000,ERECT,Case 047,Plot04,3.0,3.0,1.0,47
Simulations/DHP - ERECT - 4000x4000/DHP - ERECT - 4000x4000/Case 048/Plot04/test40.png,test40.png,DHP - ERECT - 4000x4000,ERECT,Case 048,Plot04,3.0,3.0,1.0,48
Simulations/DHP - ERECT - 4000x4000/DHP - ERECT - 4000x4000/Case 048/Plot04/test41.png,test41.png,DHP - ERECT - 4000x4000,ERECT,Case 048,Plot04,3.0,3.0,1.0,48
Simulations/DHP - ERECT - 4000x4000/DHP - ERECT - 4000x4000/Case 048/Plot04/test42.png,test42.png,DHP - ERECT - 4000x4000,ERECT,Case 048,Plot04,3.0,3.0,1.0,48
Simulations/DHP - ERECT - 4000x4000/DHP - ERECT - 4000x4000/Case 048/Plot04/test43.png,test43.png,DHP - ERECT - 4000x4000,ERECT,Case 048,Plot04,3.0,3.0,1.0,48
Simulations/DHP - ERECT - 4000x4000/DHP - ERECT - 4000x4000/Case 048/Plot04/test44.png,test44.png,DHP - ERECT - 4000x4000,ERECT,Case 048,Plot04,3.0,3.0,1.0,48
Simulations/DHP - ERECT - 4000x4000/DHP - ERECT - 4000x4000/Case 048/Plot04/test45.png,test45.png,DHP - ERECT - 4000x4000,ERECT,Case 048,Plot04,3.0,3.0,1.0,48
Simulations/DHP - ERECT - 4000x4000/DHP - ERECT - 4000x4000/Case 048/Plot04/test46.png,test46.png,DHP - ERECT - 4000x4000,ERECT,Case 048,Plot04,3.0,3.0,1.0,48
Simulations/DHP - ERECT - 4000x4000/DHP - ERECT - 4000x4000/Case 048/Plot04/test47.png,test47.png,DHP - ERECT - 4000x4000,ERECT,Case 048,Plot04,3.0,3.0,1.0,48
Simulations/DHP - ERECT - 4000x4000/DHP - ERECT - 4000x4000/Case 048/Plot04/test48.png,test48.png,DHP - ERECT - 4000x4000,ERECT,Case 048,Plot04,3.0,3.0,1.0,48
Simulations/DHP - ERECT - 4000x4000/DHP - ERECT - 4000x4000/Case 048/Plot04/test49.png,test49.png,DHP - ERECT - 4000x4000,ERECT,Case 048,Plot04,3.0,3.0,1.0,48
Simulations/DHP - ERECT - 4000x4000/DHP - ERECT - 4000x4000/Case 049/Plot04/test40.png,test40.png,DHP - ERECT - 4000x4000,ERECT,Case 049,Plot04,3.2,2.9,0.94,49
Simulations/DHP - ERECT - 4000x4000/DHP - ERECT - 4000x4000/Case 049/Plot04/test41.png,test41.png,DHP - ERECT - 4000x4000,ERECT,Case 049,Plot04,3.2,2.9,0.94,49
Simulations/DHP - ERECT - 4000x4000/DHP - ERECT - 4000x4000/Case 049/Plot04/test42.png,test42.png,DHP - ERECT - 4000x4000,ERECT,Case 049,Plot04,3.2,2.9,0.94,49
Simulations/DHP - ERECT - 4000x4000/DHP - ERECT - 4000x4000/Case 049/Plot04/test43.png,test43.png,DHP - ERECT - 4000x4000,ERECT,Case 049,Plot04,3.2,2.9,0.94,49
Simulations/DHP - ERECT - 4000x4000/DHP - ERECT - 4000x4000/Case 049/Plot04/test44.png,test44.png,DHP - ERECT - 4000x4000,ERECT,Case 049,Plot04,3.2,2.9,0.94,49
Simulations/DHP - ERECT - 4000x4000/DHP - ERECT - 4000x4000/Case 049/Plot04/test45.png,test45.png,DHP - ERECT - 4000x4000,ERECT,Case 049,Plot04,3.2,2.9,0.94,49
Simulations/DHP - ERECT - 4000x4000/DHP - ERECT - 4000x4000/Case 049/Plot04/test46.png,test46.png,DHP - ERECT - 4000x4000,ERECT,Case 049,Plot04,3.2,2.9,0.94,49
Simulations/DHP - ERECT - 4000x4000/DHP - ERECT - 4000x4000/Case 049/Plot04/test47.png,test47.png,DHP - ERECT - 4000x4000,ERECT,Case 049,Plot04,3.2,2.9,0.94,49
Simulations/DHP - ERECT - 4000x4000/DHP - ERECT - 4000x4000/Case 049/Plot04/test48.png,test48.png,DHP - ERECT - 4000x4000,ERECT,Case 049,Plot04,3.2,2.9,0.94,49
Simulations/DHP - ERECT - 4000x4000/DHP - ERECT - 4000x4000/Case 049/Plot04/test49.png,test49.png,DHP - ERECT - 4000x4000,ERECT,Case 049,Plot04,3.2,2.9,0.94,49
Simulations/DHP - ERECT - 4000x4000/DHP - ERECT - 4000x4000/Case 050/Plot04/test40.png,test40.png,DHP - ERECT - 4000x4000,ERECT,Case 050,Plot04,3.2,2.9,0.94,50
Simulations/DHP - ERECT - 4000x4000/DHP - ERECT - 4000x4000/Case 050/Plot04/test41.png,test41.png,DHP - ERECT - 4000x4000,ERECT,Case 050,Plot04,3.2,2.9,0.94,50
Simulations/DHP - ERECT - 4000x4000/DHP - ERECT - 4000x4000/Case 050/Plot04/test42.png,test42.png,DHP - ERECT - 4000x4000,ERECT,Case 050,Plot04,3.2,2.9,0.94,50
Simulations/DHP - ERECT - 4000x4000/DHP - ERECT - 4000x4000/Case 050/Plot04/test43.png,test43.png,DHP - ERECT - 4000x4000,ERECT,Case 050,Plot04,3.2,2.9,0.94,50
Simulations/DHP - ERECT - 4000x4000/DHP - ERECT - 4000x4000/Case 050/Plot04/test44.png,test44.png,DHP - ERECT - 4000x4000,ERECT,Case 050,Plot04,3.2,2.9,0.94,50
Simulations/DHP - ERECT - 4000x4000/DHP - ERECT - 4000x4000/Case 050/Plot04/test45.png,test45.png,DHP - ERECT - 4000x4000,ERECT,Case 050,Plot04,3.2,2.9,0.94,50
Simulations/DHP - ERECT - 4000x4000/DHP - ERECT - 4000x4000/Case 050/Plot04/test46.png,test46.png,DHP - ERECT - 4000x4000,ERECT,Case 050,Plot04,3.2,2.9,0.94,50
Simulations/DHP - ERECT - 4000x4000/DHP - ERECT - 4000x4000/Case 050/Plot04/test47.png,test47.png,DHP - ERECT - 4000x4000,ERECT,Case 050,Plot04,3.2,2.9,0.94,50
Simulations/DHP - ERECT - 4000x4000/DHP - ERECT - 4000x4000/Case 050/Plot04/test48.png,test48.png,DHP - ERECT - 4000x4000,ERECT,Case 050,Plot04,3.2,2.9,0.94,50
Simulations/DHP - ERECT - 4000x4000/DHP - ERECT - 4000x4000/Case 050/Plot04/test49.png,test49.png,DHP - ERECT - 4000x4000,ERECT,Case 050,Plot04,3.2,2.9,0.94,50
Simulations/DHP - ERECT - 4000x4000/DHP - ERECT - 4000x4000/Case 051/Plot04/test40.png,test40.png,DHP - ERECT - 4000x4000,ERECT,Case 051,Plot04,3.08,2.9,0.96,51
Simulations/DHP - ERECT - 4000x4000/DHP - ERECT - 4000x4000/Case 051/Plot04/test41.png,test41.png,DHP - ERECT - 4000x4000,ERECT,Case 051,Plot04,3.08,2.9,0.96,51
Simulations/DHP - ERECT - 4000x4000/DHP - ERECT - 4000x4000/Case 051/Plot04/test42.png,test42.png,DHP - ERECT - 4000x4000,ERECT,Case 051,Plot04,3.08,2.9,0.96,51
Simulations/DHP - ERECT - 4000x4000/DHP - ERECT - 4000x4000/Case 051/Plot04/test43.png,test43.png,DHP - ERECT - 4000x4000,ERECT,Case 051,Plot04,3.08,2.9,0.96,51
Simulations/DHP - ERECT - 4000x4000/DHP - ERECT - 4000x4000/Case 051/Plot04/test44.png,test44.png,DHP - ERECT - 4000x4000,ERECT,Case 051,Plot04,3.08,2.9,0.96,51
Simulations/DHP - ERECT - 4000x4000/DHP - ERECT - 4000x4000/Case 051/Plot04/test45.png,test45.png,DHP - ERECT - 4000x4000,ERECT,Case 051,Plot04,3.08,2.9,0.96,51
Simulations/DHP - ERECT - 4000x4000/DHP - ERECT - 4000x4000/Case 051/Plot04/test46.png,test46.png,DHP - ERECT - 4000x4000,ERECT,Case 051,Plot04,3.08,2.9,0.96,51
Simulations/DHP - ERECT - 4000x4000/DHP - ERECT - 4000x4000/Case 051/Plot04/test47.png,test47.png,DHP - ERECT - 4000x4000,ERECT,Case 051,Plot04,3.08,2.9,0.96,51
Simulations/DHP - ERECT - 4000x4000/DHP - ERECT - 4000x4000/Case 051/Plot04/test48.png,test48.png,DHP - ERECT - 4000x4000,ERECT,Case 051,Plot04,3.08,2.9,0.96,51
Simulations/DHP - ERECT - 4000x4000/DHP - ERECT - 4000x4000/Case 051/Plot04/test49.png,test49.png,DHP - ERECT - 4000x4000,ERECT,Case 051,Plot04,3.08,2.9,0.96,51
Simulations/DHP - ERECT - 4000x4000/DHP - ERECT - 4000x4000/Case 052/Plot04/test40.png,test40.png,DHP - ERECT - 4000x4000,ERECT,Case 052,Plot04,3.02,2.9,0.97,52
Simulations/DHP - ERECT - 4000x4000/DHP - ERECT - 4000x4000/Case 052/Plot04/test41.png,test41.png,DHP - ERECT - 4000x4000,ERECT,Case 052,Plot04,3.02,2.9,0.97,52
Simulations/DHP - ERECT - 4000x4000/DHP - ERECT - 4000x4000/Case 052/Plot04/test42.png,test42.png,DHP - ERECT - 4000x4000,ERECT,Case 052,Plot04,3.02,2.9,0.97,52
Simulations/DHP - ERECT - 4000x4000/DHP - ERECT - 4000x4000/Case 052/Plot04/test43.png,test43.png,DHP - ERECT - 4000x4000,ERECT,Case 052,Plot04,3.02,2.9,0.97,52
Simulations/DHP - ERECT - 4000x4000/DHP - ERECT - 4000x4000/Case 052/Plot04/test44.png,test44.png,DHP - ERECT - 4000x4000,ERECT,Case 052,Plot04,3.02,2.9,0.97,52
Simulations/DHP - ERECT - 4000x4000/DHP - ERECT - 4000x4000/Case 052/Plot04/test45.png,test45.png,DHP - ERECT - 4000x4000,ERECT,Case 052,Plot04,3.02,2.9,0.97,52
Simulations/DHP - ERECT - 4000x4000/DHP - ERECT - 4000x4000/Case 052/Plot04/test46.png,test46.png,DHP - ERECT - 4000x4000,ERECT,Case 052,Plot04,3.02,2.9,0.97,52
Simulations/DHP - ERECT - 4000x4000/DHP - ERECT - 4000x4000/Case 052/Plot04/test47.png,test47.png,DHP - ERECT - 4000x4000,ERECT,Case 052,Plot04,3.02,2.9,0.97,52
Simulations/DHP - ERECT - 4000x4000/DHP - ERECT - 4000x4000/Case 052/Plot04/test48.png,test48.png,DHP - ERECT - 4000x4000,ERECT,Case 052,Plot04,3.02,2.9,0.97,52
Simulations/DHP - ERECT - 4000x4000/DHP - ERECT - 4000x4000/Case 052/Plot04/test49.png,test49.png,DHP - ERECT - 4000x4000,ERECT,Case 052,Plot04,3.02,2.9,0.97,52
Simulations/DHP - ERECT - 4000x4000/DHP - ERECT - 4000x4000/Case 053/Plot04/test40.png,test40.png,DHP - ERECT - 4000x4000,ERECT,Case 053,Plot04,2.0,2.0,1.0,53
Simulations/DHP - ERECT - 4000x4000/DHP - ERECT - 4000x4000/Case 053/Plot04/test41.png,test41.png,DHP - ERECT - 4000x4000,ERECT,Case 053,Plot04,2.0,2.0,1.0,53
Simulations/DHP - ERECT - 4000x4000/DHP - ERECT - 4000x4000/Case 053/Plot04/test42.png,test42.png,DHP - ERECT - 4000x4000,ERECT,Case 053,Plot04,2.0,2.0,1.0,53
Simulations/DHP - ERECT - 4000x4000/DHP - ERECT - 4000x4000/Case 053/Plot04/test43.png,test43.png,DHP - ERECT - 4000x4000,ERECT,Case 053,Plot04,2.0,2.0,1.0,53
Simulations/DHP - ERECT - 4000x4000/DHP - ERECT - 4000x4000/Case 053/Plot04/test44.png,test44.png,DHP - ERECT - 4000x4000,ERECT,Case 053,Plot04,2.0,2.0,1.0,53
Simulations/DHP - ERECT - 4000x4000/DHP - ERECT - 4000x4000/Case 053/Plot04/test45.png,test45.png,DHP - ERECT - 4000x4000,ERECT,Case 053,Plot04,2.0,2.0,1.0,53
Simulations/DHP - ERECT - 4000x4000/DHP - ERECT - 4000x4000/Case 053/Plot04/test46.png,test46.png,DHP - ERECT - 4000x4000,ERECT,Case 053,Plot04,2.0,2.0,1.0,53
Simulations/DHP - ERECT - 4000x4000/DHP - ERECT - 4000x4000/Case 053/Plot04/test47.png,test47.png,DHP - ERECT - 4000x4000,ERECT,Case 053,Plot04,2.0,2.0,1.0,53
Simulations/DHP - ERECT - 4000x4000/DHP - ERECT - 4000x4000/Case 053/Plot04/test48.png,test48.png,DHP - ERECT - 4000x4000,ERECT,Case 053,Plot04,2.0,2.0,1.0,53
Simulations/DHP - ERECT - 4000x4000/DHP - ERECT - 4000x4000/Case 053/Plot04/test49.png,test49.png,DHP - ERECT - 4000x4000,ERECT,Case 053,Plot04,2.0,2.0,1.0,53
Simulations/DHP - ERECT - 4000x4000/DHP - ERECT - 4000x4000/Case 054/Plot04/test40.png,test40.png,DHP - ERECT - 4000x4000,ERECT,Case 054,Plot04,5.44,4.75,1.0,54
Simulations/DHP - ERECT - 4000x4000/DHP - ERECT - 4000x4000/Case 054/Plot04/test41.png,test41.png,DHP - ERECT - 4000x4000,ERECT,Case 054,Plot04,5.44,4.75,1.0,54
Simulations/DHP - ERECT - 4000x4000/DHP - ERECT - 4000x4000/Case 054/Plot04/test42.png,test42.png,DHP - ERECT - 4000x4000,ERECT,Case 054,Plot04,5.44,4.75,1.0,54
Simulations/DHP - ERECT - 4000x4000/DHP - ERECT - 4000x4000/Case 054/Plot04/test43.png,test43.png,DHP - ERECT - 4000x4000,ERECT,Case 054,Plot04,5.44,4.75,1.0,54
Simulations/DHP - ERECT - 4000x4000/DHP - ERECT - 4000x4000/Case 054/Plot04/test44.png,test44.png,DHP - ERECT - 4000x4000,ERECT,Case 054,Plot04,5.44,4.75,1.0,54
Simulations/DHP - ERECT - 4000x4000/DHP - ERECT - 4000x4000/Case 054/Plot04/test45.png,test45.png,DHP - ERECT - 4000x4000,ERECT,Case 054,Plot04,5.44,4.75,1.0,54
Simulations/DHP - ERECT - 4000x4000/DHP - ERECT - 4000x4000/Case 054/Plot04/test46.png,test46.png,DHP - ERECT - 4000x4000,ERECT,Case 054,Plot04,5.44,4.75,1.0,54
Simulations/DHP - ERECT - 4000x4000/DHP - ERECT - 4000x4000/Case 054/Plot04/test47.png,test47.png,DHP - ERECT - 4000x4000,ERECT,Case 054,Plot04,5.44,4.75,1.0,54
Simulations/DHP - ERECT - 4000x4000/DHP - ERECT - 4000x4000/Case 054/Plot04/test48.png,test48.png,DHP - ERECT - 4000x4000,ERECT,Case 054,Plot04,5.44,4.75,1.0,54
Simulations/DHP - ERECT - 4000x4000/DHP - ERECT - 4000x4000/Case 054/Plot04/test49.png,test49.png,DHP - ERECT - 4000x4000,ERECT,Case 054,Plot04,5.44,4.75,1.0,54
Simulations/DHP - ERECT - 4000x4000/DHP - ERECT - 4000x4000/Case 055/Plot04/test40.png,test40.png,DHP - ERECT - 4000x4000,ERECT,Case 055,Plot04,3.99,3.4,1.0,55
Simulations/DHP - ERECT - 4000x4000/DHP - ERECT - 4000x4000/Case 055/Plot04/test41.png,test41.png,DHP - ERECT - 4000x4000,ERECT,Case 055,Plot04,3.99,3.4,1.0,55
Simulations/DHP - ERECT - 4000x4000/DHP - ERECT - 4000x4000/Case 055/Plot04/test42.png,test42.png,DHP - ERECT - 4000x4000,ERECT,Case 055,Plot04,3.99,3.4,1.0,55
Simulations/DHP - ERECT - 4000x4000/DHP - ERECT - 4000x4000/Case 055/Plot04/test43.png,test43.png,DHP - ERECT - 4000x4000,ERECT,Case 055,Plot04,3.99,3.4,1.0,55
Simulations/DHP - ERECT - 4000x4000/DHP - ERECT - 4000x4000/Case 055/Plot04/test44.png,test44.png,DHP - ERECT - 4000x4000,ERECT,Case 055,Plot04,3.99,3.4,1.0,55
Simulations/DHP - ERECT - 4000x4000/DHP - ERECT - 4000x4000/Case 055/Plot04/test45.png,test45.png,DHP - ERECT - 4000x4000,ERECT,Case 055,Plot04,3.99,3.4,1.0,55
Simulations/DHP - ERECT - 4000x4000/DHP - ERECT - 4000x4000/Case 055/Plot04/test46.png,test46.png,DHP - ERECT - 4000x4000,ERECT,Case 055,Plot04,3.99,3.4,1.0,55
Simulations/DHP - ERECT - 4000x4000/DHP - ERECT - 4000x4000/Case 055/Plot04/test47.png,test47.png,DHP - ERECT - 4000x4000,ERECT,Case 055,Plot04,3.99,3.4,1.0,55
Simulations/DHP - ERECT - 4000x4000/DHP - ERECT - 4000x4000/Case 055/Plot04/test48.png,test48.png,DHP - ERECT - 4000x4000,ERECT,Case 055,Plot04,3.99,3.4,1.0,55
Simulations/DHP - ERECT - 4000x4000/DHP - ERECT - 4000x4000/Case 055/Plot04/test49.png,test49.png,DHP - ERECT - 4000x4000,ERECT,Case 055,Plot04,3.99,3.4,1.0,55
Simulations/DHP - ERECT - 4000x4000/DHP - ERECT - 4000x4000/Case 056/Plot04/test40.png,test40.png,DHP - ERECT - 4000x4000,ERECT,Case 056,Plot04,2.07,1.5,1.0,56
Simulations/DHP - ERECT - 4000x4000/DHP - ERECT - 4000x4000/Case 056/Plot04/test41.png,test41.png,DHP - ERECT - 4000x4000,ERECT,Case 056,Plot04,2.07,1.5,1.0,56
Simulations/DHP - ERECT - 4000x4000/DHP - ERECT - 4000x4000/Case 056/Plot04/test42.png,test42.png,DHP - ERECT - 4000x4000,ERECT,Case 056,Plot04,2.07,1.5,1.0,56
Simulations/DHP - ERECT - 4000x4000/DHP - ERECT - 4000x4000/Case 056/Plot04/test43.png,test43.png,DHP - ERECT - 4000x4000,ERECT,Case 056,Plot04,2.07,1.5,1.0,56
Simulations/DHP - ERECT - 4000x4000/DHP - ERECT - 4000x4000/Case 056/Plot04/test44.png,test44.png,DHP - ERECT - 4000x4000,ERECT,Case 056,Plot04,2.07,1.5,1.0,56
Simulations/DHP - ERECT - 4000x4000/DHP - ERECT - 4000x4000/Case 056/Plot04/test45.png,test45.png,DHP - ERECT - 4000x4000,ERECT,Case 056,Plot04,2.07,1.5,1.0,56
Simulations/DHP - ERECT - 4000x4000/DHP - ERECT - 4000x4000/Case 056/Plot04/test46.png,test46.png,DHP - ERECT - 4000x4000,ERECT,Case 056,Plot04,2.07,1.5,1.0,56
Simulations/DHP - ERECT - 4000x4000/DHP - ERECT - 4000x4000/Case 056/Plot04/test47.png,test47.png,DHP - ERECT - 4000x4000,ERECT,Case 056,Plot04,2.07,1.5,1.0,56
Simulations/DHP - ERECT - 4000x4000/DHP - ERECT - 4000x4000/Case 056/Plot04/test48.png,test48.png,DHP - ERECT - 4000x4000,ERECT,Case 056,Plot04,2.07,1.5,1.0,56
Simulations/DHP - ERECT - 4000x4000/DHP - ERECT - 4000x4000/Case 056/Plot04/test49.png,test49.png,DHP - ERECT - 4000x4000,ERECT,Case 056,Plot04,2.07,1.5,1.0,56
Simulations/DHP - ERECT - 4000x4000/DHP - ERECT - 4000x4000/Case 057/Plot04/test40.png,test40.png,DHP - ERECT - 4000x4000,ERECT,Case 057,Plot04,1.98,1.5,1.0,57
Simulations/DHP - ERECT - 4000x4000/DHP - ERECT - 4000x4000/Case 057/Plot04/test41.png,test41.png,DHP - ERECT - 4000x4000,ERECT,Case 057,Plot04,1.98,1.5,1.0,57
Simulations/DHP - ERECT - 4000x4000/DHP - ERECT - 4000x4000/Case 057/Plot04/test42.png,test42.png,DHP - ERECT - 4000x4000,ERECT,Case 057,Plot04,1.98,1.5,1.0,57
Simulations/DHP - ERECT - 4000x4000/DHP - ERECT - 4000x4000/Case 057/Plot04/test43.png,test43.png,DHP - ERECT - 4000x4000,ERECT,Case 057,Plot04,1.98,1.5,1.0,57
Simulations/DHP - ERECT - 4000x4000/DHP - ERECT - 4000x4000/Case 057/Plot04/test44.png,test44.png,DHP - ERECT - 4000x4000,ERECT,Case 057,Plot04,1.98,1.5,1.0,57
Simulations/DHP - ERECT - 4000x4000/DHP - ERECT - 4000x4000/Case 057/Plot04/test45.png,test45.png,DHP - ERECT - 4000x4000,ERECT,Case 057,Plot04,1.98,1.5,1.0,57
Simulations/DHP - ERECT - 4000x4000/DHP - ERECT - 4000x4000/Case 057/Plot04/test46.png,test46.png,DHP - ERECT - 4000x4000,ERECT,Case 057,Plot04,1.98,1.5,1.0,57
Simulations/DHP - ERECT - 4000x4000/DHP - ERECT - 4000x4000/Case 057/Plot04/test47.png,test47.png,DHP - ERECT - 4000x4000,ERECT,Case 057,Plot04,1.98,1.5,1.0,57
Simulations/DHP - ERECT - 4000x4000/DHP - ERECT - 4000x4000/Case 057/Plot04/test48.png,test48.png,DHP - ERECT - 4000x4000,ERECT,Case 057,Plot04,1.98,1.5,1.0,57
Simulations/DHP - ERECT - 4000x4000/DHP - ERECT - 4000x4000/Case 057/Plot04/test49.png,test49.png,DHP - ERECT - 4000x4000,ERECT,Case 057,Plot04,1.98,1.5,1.0,57
Simulations/DHP - ERECT - 4000x4000/DHP - ERECT - 4000x4000/Case 058/Plot04/test40.png,test40.png,DHP - ERECT - 4000x4000,ERECT,Case 058,Plot04,1.93,1.4,1.0,58
Simulations/DHP - ERECT - 4000x4000/DHP - ERECT - 4000x4000/Case 058/Plot04/test41.png,test41.png,DHP - ERECT - 4000x4000,ERECT,Case 058,Plot04,1.93,1.4,1.0,58
Simulations/DHP - ERECT - 4000x4000/DHP - ERECT - 4000x4000/Case 058/Plot04/test42.png,test42.png,DHP - ERECT - 4000x4000,ERECT,Case 058,Plot04,1.93,1.4,1.0,58
Simulations/DHP - ERECT - 4000x4000/DHP - ERECT - 4000x4000/Case 058/Plot04/test43.png,test43.png,DHP - ERECT - 4000x4000,ERECT,Case 058,Plot04,1.93,1.4,1.0,58
Simulations/DHP - ERECT - 4000x4000/DHP - ERECT - 4000x4000/Case 058/Plot04/test44.png,test44.png,DHP - ERECT - 4000x4000,ERECT,Case 058,Plot04,1.93,1.4,1.0,58
Simulations/DHP - ERECT - 4000x4000/DHP - ERECT - 4000x4000/Case 058/Plot04/test45.png,test45.png,DHP - ERECT - 4000x4000,ERECT,Case 058,Plot04,1.93,1.4,1.0,58
Simulations/DHP - ERECT - 4000x4000/DHP - ERECT - 4000x4000/Case 058/Plot04/test46.png,test46.png,DHP - ERECT - 4000x4000,ERECT,Case 058,Plot04,1.93,1.4,1.0,58
Simulations/DHP - ERECT - 4000x4000/DHP - ERECT - 4000x4000/Case 058/Plot04/test47.png,test47.png,DHP - ERECT - 4000x4000,ERECT,Case 058,Plot04,1.93,1.4,1.0,58
Simulations/DHP - ERECT - 4000x4000/DHP - ERECT - 4000x4000/Case 058/Plot04/test48.png,test48.png,DHP - ERECT - 4000x4000,ERECT,Case 058,Plot04,1.93,1.4,1.0,58
Simulations/DHP - ERECT - 4000x4000/DHP - ERECT - 4000x4000/Case 058/Plot04/test49.png,test49.png,DHP - ERECT - 4000x4000,ERECT,Case 058,Plot04,1.93,1.4,1.0,58
Simulations/DHP - ERECT - 4000x4000/DHP - ERECT - 4000x4000/Case 059/Plot04/test40.png,test40.png,DHP - ERECT - 4000x4000,ERECT,Case 059,Plot04,1.99,1.4,1.0,59
Simulations/DHP - ERECT - 4000x4000/DHP - ERECT - 4000x4000/Case 059/Plot04/test41.png,test41.png,DHP - ERECT - 4000x4000,ERECT,Case 059,Plot04,1.99,1.4,1.0,59
Simulations/DHP - ERECT - 4000x4000/DHP - ERECT - 4000x4000/Case 059/Plot04/test42.png,test42.png,DHP - ERECT - 4000x4000,ERECT,Case 059,Plot04,1.99,1.4,1.0,59
Simulations/DHP - ERECT - 4000x4000/DHP - ERECT - 4000x4000/Case 059/Plot04/test43.png,test43.png,DHP - ERECT - 4000x4000,ERECT,Case 059,Plot04,1.99,1.4,1.0,59
Simulations/DHP - ERECT - 4000x4000/DHP - ERECT - 4000x4000/Case 059/Plot04/test44.png,test44.png,DHP - ERECT - 4000x4000,ERECT,Case 059,Plot04,1.99,1.4,1.0,59
Simulations/DHP - ERECT - 4000x4000/DHP - ERECT - 4000x4000/Case 059/Plot04/test45.png,test45.png,DHP - ERECT - 4000x4000,ERECT,Case 059,Plot04,1.99,1.4,1.0,59
Simulations/DHP - ERECT - 4000x4000/DHP - ERECT - 4000x4000/Case 059/Plot04/test46.png,test46.png,DHP - ERECT - 4000x4000,ERECT,Case 059,Plot04,1.99,1.4,1.0,59
Simulations/DHP - ERECT - 4000x4000/DHP - ERECT - 4000x4000/Case 059/Plot04/test47.png,test47.png,DHP - ERECT - 4000x4000,ERECT,Case 059,Plot04,1.99,1.4,1.0,59
Simulations/DHP - ERECT - 4000x4000/DHP - ERECT - 4000x4000/Case 059/Plot04/test48.png,test48.png,DHP - ERECT - 4000x4000,ERECT,Case 059,Plot04,1.99,1.4,1.0,59
Simulations/DHP - ERECT - 4000x4000/DHP - ERECT - 4000x4000/Case 059/Plot04/test49.png,test49.png,DHP - ERECT - 4000x4000,ERECT,Case 059,Plot04,1.99,1.4,1.0,59
Simulations/DHP - ERECT - 4000x4000/DHP - ERECT - 4000x4000/Case 060/Plot04/test40.png,test40.png,DHP - ERECT - 4000x4000,ERECT,Case 060,Plot04,3.91,3.2,1.0,60
Simulations/DHP - ERECT - 4000x4000/DHP - ERECT - 4000x4000/Case 060/Plot04/test41.png,test41.png,DHP - ERECT - 4000x4000,ERECT,Case 060,Plot04,3.91,3.2,1.0,60
Simulations/DHP - ERECT - 4000x4000/DHP - ERECT - 4000x4000/Case 060/Plot04/test42.png,test42.png,DHP - ERECT - 4000x4000,ERECT,Case 060,Plot04,3.91,3.2,1.0,60
Simulations/DHP - ERECT - 4000x4000/DHP - ERECT - 4000x4000/Case 060/Plot04/test43.png,test43.png,DHP - ERECT - 4000x4000,ERECT,Case 060,Plot04,3.91,3.2,1.0,60
Simulations/DHP - ERECT - 4000x4000/DHP - ERECT - 4000x4000/Case 060/Plot04/test44.png,test44.png,DHP - ERECT - 4000x4000,ERECT,Case 060,Plot04,3.91,3.2,1.0,60
Simulations/DHP - ERECT - 4000x4000/DHP - ERECT - 4000x4000/Case 060/Plot04/test45.png,test45.png,DHP - ERECT - 4000x4000,ERECT,Case 060,Plot04,3.91,3.2,1.0,60
Simulations/DHP - ERECT - 4000x4000/DHP - ERECT - 4000x4000/Case 060/Plot04/test46.png,test46.png,DHP - ERECT - 4000x4000,ERECT,Case 060,Plot04,3.91,3.2,1.0,60
Simulations/DHP - ERECT - 4000x4000/DHP - ERECT - 4000x4000/Case 060/Plot04/test47.png,test47.png,DHP - ERECT - 4000x4000,ERECT,Case 060,Plot04,3.91,3.2,1.0,60
Simulations/DHP - ERECT - 4000x4000/DHP - ERECT - 4000x4000/Case 060/Plot04/test48.png,test48.png,DHP - ERECT - 4000x4000,ERECT,Case 060,Plot04,3.91,3.2,1.0,60
Simulations/DHP - ERECT - 4000x4000/DHP - ERECT - 4000x4000/Case 060/Plot04/test49.png,test49.png,DHP - ERECT - 4000x4000,ERECT,Case 060,Plot04,3.91,3.2,1.0,60
Simulations/DHP - ERECT - 4000x4000/DHP - ERECT - 4000x4000/Case 061/Plot04/test40.png,test40.png,DHP - ERECT - 4000x4000,ERECT,Case 061,Plot04,3.87,3.3,1.0,61
Simulations/DHP - ERECT - 4000x4000/DHP - ERECT - 4000x4000/Case 061/Plot04/test41.png,test41.png,DHP - ERECT - 4000x4000,ERECT,Case 061,Plot04,3.87,3.3,1.0,61
Simulations/DHP - ERECT - 4000x4000/DHP - ERECT - 4000x4000/Case 061/Plot04/test42.png,test42.png,DHP - ERECT - 4000x4000,ERECT,Case 061,Plot04,3.87,3.3,1.0,61
Simulations/DHP - ERECT - 4000x4000/DHP - ERECT - 4000x4000/Case 061/Plot04/test43.png,test43.png,DHP - ERECT - 4000x4000,ERECT,Case 061,Plot04,3.87,3.3,1.0,61
Simulations/DHP - ERECT - 4000x4000/DHP - ERECT - 4000x4000/Case 061/Plot04/test44.png,test44.png,DHP - ERECT - 4000x4000,ERECT,Case 061,Plot04,3.87,3.3,1.0,61
Simulations/DHP - ERECT - 4000x4000/DHP - ERECT - 4000x4000/Case 061/Plot04/test45.png,test45.png,DHP - ERECT - 4000x4000,ERECT,Case 061,Plot04,3.87,3.3,1.0,61
Simulations/DHP - ERECT - 4000x4000/DHP - ERECT - 4000x4000/Case 061/Plot04/test46.png,test46.png,DHP - ERECT - 4000x4000,ERECT,Case 061,Plot04,3.87,3.3,1.0,61
Simulations/DHP - ERECT - 4000x4000/DHP - ERECT - 4000x4000/Case 061/Plot04/test47.png,test47.png,DHP - ERECT - 4000x4000,ERECT,Case 061,Plot04,3.87,3.3,1.0,61
Simulations/DHP - ERECT - 4000x4000/DHP - ERECT - 4000x4000/Case 061/Plot04/test48.png,test48.png,DHP - ERECT - 4000x4000,ERECT,Case 061,Plot04,3.87,3.3,1.0,61
Simulations/DHP - ERECT - 4000x4000/DHP - ERECT - 4000x4000/Case 061/Plot04/test49.png,test49.png,DHP - ERECT - 4000x4000,ERECT,Case 061,Plot04,3.87,3.3,1.0,61
Simulations/DHP - ERECT - 4000x4000/DHP - ERECT - 4000x4000/Case 062/Plot04/test40.png,test40.png,DHP - ERECT - 4000x4000,ERECT,Case 062,Plot04,5.78,5.1,1.0,62
Simulations/DHP - ERECT - 4000x4000/DHP - ERECT - 4000x4000/Case 062/Plot04/test41.png,test41.png,DHP - ERECT - 4000x4000,ERECT,Case 062,Plot04,5.78,5.1,1.0,62
Simulations/DHP - ERECT - 4000x4000/DHP - ERECT - 4000x4000/Case 062/Plot04/test42.png,test42.png,DHP - ERECT - 4000x4000,ERECT,Case 062,Plot04,5.78,5.1,1.0,62
Simulations/DHP - ERECT - 4000x4000/DHP - ERECT - 4000x4000/Case 062/Plot04/test43.png,test43.png,DHP - ERECT - 4000x4000,ERECT,Case 062,Plot04,5.78,5.1,1.0,62
Simulations/DHP - ERECT - 4000x4000/DHP - ERECT - 4000x4000/Case 062/Plot04/test44.png,test44.png,DHP - ERECT - 4000x4000,ERECT,Case 062,Plot04,5.78,5.1,1.0,62
Simulations/DHP - ERECT - 4000x4000/DHP - ERECT - 4000x4000/Case 062/Plot04/test45.png,test45.png,DHP - ERECT - 4000x4000,ERECT,Case 062,Plot04,5.78,5.1,1.0,62
Simulations/DHP - ERECT - 4000x4000/DHP - ERECT - 4000x4000/Case 062/Plot04/test46.png,test46.png,DHP - ERECT - 4000x4000,ERECT,Case 062,Plot04,5.78,5.1,1.0,62
Simulations/DHP - ERECT - 4000x4000/DHP - ERECT - 4000x4000/Case 062/Plot04/test47.png,test47.png,DHP - ERECT - 4000x4000,ERECT,Case 062,Plot04,5.78,5.1,1.0,62
Simulations/DHP - ERECT - 4000x4000/DHP - ERECT - 4000x4000/Case 062/Plot04/test48.png,test48.png,DHP - ERECT - 4000x4000,ERECT,Case 062,Plot04,5.78,5.1,1.0,62
Simulations/DHP - ERECT - 4000x4000/DHP - ERECT - 4000x4000/Case 062/Plot04/test49.png,test49.png,DHP - ERECT - 4000x4000,ERECT,Case 062,Plot04,5.78,5.1,1.0,62
Simulations/DHP - ERECT - 4000x4000/DHP - ERECT - 4000x4000/Case 063/Plot04/test40.png,test40.png,DHP - ERECT - 4000x4000,ERECT,Case 063,Plot04,0.94,0.9,1.0,63
Simulations/DHP - ERECT - 4000x4000/DHP - ERECT - 4000x4000/Case 063/Plot04/test41.png,test41.png,DHP - ERECT - 4000x4000,ERECT,Case 063,Plot04,0.94,0.9,1.0,63
Simulations/DHP - ERECT - 4000x4000/DHP - ERECT - 4000x4000/Case 063/Plot04/test42.png,test42.png,DHP - ERECT - 4000x4000,ERECT,Case 063,Plot04,0.94,0.9,1.0,63
Simulations/DHP - ERECT - 4000x4000/DHP - ERECT - 4000x4000/Case 063/Plot04/test43.png,test43.png,DHP - ERECT - 4000x4000,ERECT,Case 063,Plot04,0.94,0.9,1.0,63
Simulations/DHP - ERECT - 4000x4000/DHP - ERECT - 4000x4000/Case 063/Plot04/test44.png,test44.png,DHP - ERECT - 4000x4000,ERECT,Case 063,Plot04,0.94,0.9,1.0,63
Simulations/DHP - ERECT - 4000x4000/DHP - ERECT - 4000x4000/Case 063/Plot04/test45.png,test45.png,DHP - ERECT - 4000x4000,ERECT,Case 063,Plot04,0.94,0.9,1.0,63
Simulations/DHP - ERECT - 4000x4000/DHP - ERECT - 4000x4000/Case 063/Plot04/test46.png,test46.png,DHP - ERECT - 4000x4000,ERECT,Case 063,Plot04,0.94,0.9,1.0,63
Simulations/DHP - ERECT - 4000x4000/DHP - ERECT - 4000x4000/Case 063/Plot04/test47.png,test47.png,DHP - ERECT - 4000x4000,ERECT,Case 063,Plot04,0.94,0.9,1.0,63
Simulations/DHP - ERECT - 4000x4000/DHP - ERECT - 4000x4000/Case 063/Plot04/test48.png,test48.png,DHP - ERECT - 4000x4000,ERECT,Case 063,Plot04,0.94,0.9,1.0,63
Simulations/DHP - ERECT - 4000x4000/DHP - ERECT - 4000x4000/Case 063/Plot04/test49.png,test49.png,DHP - ERECT - 4000x4000,ERECT,Case 063,Plot04,0.94,0.9,1.0,63
Simulations/DHP - ERECT - 4000x4000/DHP - ERECT - 4000x4000/Case 064/Plot04/test40.png,test40.png,DHP - ERECT - 4000x4000,ERECT,Case 064,Plot04,0.92,0.9,1.0,64
Simulations/DHP - ERECT - 4000x4000/DHP - ERECT - 4000x4000/Case 064/Plot04/test41.png,test41.png,DHP - ERECT - 4000x4000,ERECT,Case 064,Plot04,0.92,0.9,1.0,64
Simulations/DHP - ERECT - 4000x4000/DHP - ERECT - 4000x4000/Case 064/Plot04/test42.png,test42.png,DHP - ERECT - 4000x4000,ERECT,Case 064,Plot04,0.92,0.9,1.0,64
Simulations/DHP - ERECT - 4000x4000/DHP - ERECT - 4000x4000/Case 064/Plot04/test43.png,test43.png,DHP - ERECT - 4000x4000,ERECT,Case 064,Plot04,0.92,0.9,1.0,64
Simulations/DHP - ERECT - 4000x4000/DHP - ERECT - 4000x4000/Case 064/Plot04/test44.png,test44.png,DHP - ERECT - 4000x4000,ERECT,Case 064,Plot04,0.92,0.9,1.0,64
Simulations/DHP - ERECT - 4000x4000/DHP - ERECT - 4000x4000/Case 064/Plot04/test45.png,test45.png,DHP - ERECT - 4000x4000,ERECT,Case 064,Plot04,0.92,0.9,1.0,64
Simulations/DHP - ERECT - 4000x4000/DHP - ERECT - 4000x4000/Case 064/Plot04/test46.png,test46.png,DHP - ERECT - 4000x4000,ERECT,Case 064,Plot04,0.92,0.9,1.0,64
Simulations/DHP - ERECT - 4000x4000/DHP - ERECT - 4000x4000/Case 064/Plot04/test47.png,test47.png,DHP - ERECT - 4000x4000,ERECT,Case 064,Plot04,0.92,0.9,1.0,64
Simulations/DHP - ERECT - 4000x4000/DHP - ERECT - 4000x4000/Case 064/Plot04/test48.png,test48.png,DHP - ERECT - 4000x4000,ERECT,Case 064,Plot04,0.92,0.9,1.0,64
Simulations/DHP - ERECT - 4000x4000/DHP - ERECT - 4000x4000/Case 064/Plot04/test49.png,test49.png,DHP - ERECT - 4000x4000,ERECT,Case 064,Plot04,0.92,0.9,1.0,64
Simulations/DHP - ERECT - 4000x4000/DHP - ERECT - 4000x4000/Case 065/Plot04/test40.png,test40.png,DHP - ERECT - 4000x4000,ERECT,Case 065,Plot04,6.78,6.7,1.0,65
Simulations/DHP - ERECT - 4000x4000/DHP - ERECT - 4000x4000/Case 065/Plot04/test41.png,test41.png,DHP - ERECT - 4000x4000,ERECT,Case 065,Plot04,6.78,6.7,1.0,65
Simulations/DHP - ERECT - 4000x4000/DHP - ERECT - 4000x4000/Case 065/Plot04/test42.png,test42.png,DHP - ERECT - 4000x4000,ERECT,Case 065,Plot04,6.78,6.7,1.0,65
Simulations/DHP - ERECT - 4000x4000/DHP - ERECT - 4000x4000/Case 065/Plot04/test43.png,test43.png,DHP - ERECT - 4000x4000,ERECT,Case 065,Plot04,6.78,6.7,1.0,65
Simulations/DHP - ERECT - 4000x4000/DHP - ERECT - 4000x4000/Case 065/Plot04/test44.png,test44.png,DHP - ERECT - 4000x4000,ERECT,Case 065,Plot04,6.78,6.7,1.0,65
Simulations/DHP - ERECT - 4000x4000/DHP - ERECT - 4000x4000/Case 065/Plot04/test45.png,test45.png,DHP - ERECT - 4000x4000,ERECT,Case 065,Plot04,6.78,6.7,1.0,65
Simulations/DHP - ERECT - 4000x4000/DHP - ERECT - 4000x4000/Case 065/Plot04/test46.png,test46.png,DHP - ERECT - 4000x4000,ERECT,Case 065,Plot04,6.78,6.7,1.0,65
Simulations/DHP - ERECT - 4000x4000/DHP - ERECT - 4000x4000/Case 065/Plot04/test47.png,test47.png,DHP - ERECT - 4000x4000,ERECT,Case 065,Plot04,6.78,6.7,1.0,65
Simulations/DHP - ERECT - 4000x4000/DHP - ERECT - 4000x4000/Case 065/Plot04/test48.png,test48.png,DHP - ERECT - 4000x4000,ERECT,Case 065,Plot04,6.78,6.7,1.0,65
Simulations/DHP - ERECT - 4000x4000/DHP - ERECT - 4000x4000/Case 065/Plot04/test49.png,test49.png,DHP - ERECT - 4000x4000,ERECT,Case 065,Plot04,6.78,6.7,1.0,65
Simulations/DHP - ERECT - 4000x4000/DHP - ERECT - 4000x4000/Case 066/Plot04/test40.png,test40.png,DHP - ERECT - 4000x4000,ERECT,Case 066,Plot04,3.88,3.8,1.0,66
Simulations/DHP - ERECT - 4000x4000/DHP - ERECT - 4000x4000/Case 066/Plot04/test41.png,test41.png,DHP - ERECT - 4000x4000,ERECT,Case 066,Plot04,3.88,3.8,1.0,66
Simulations/DHP - ERECT - 4000x4000/DHP - ERECT - 4000x4000/Case 066/Plot04/test42.png,test42.png,DHP - ERECT - 4000x4000,ERECT,Case 066,Plot04,3.88,3.8,1.0,66
Simulations/DHP - ERECT - 4000x4000/DHP - ERECT - 4000x4000/Case 066/Plot04/test43.png,test43.png,DHP - ERECT - 4000x4000,ERECT,Case 066,Plot04,3.88,3.8,1.0,66
Simulations/DHP - ERECT - 4000x4000/DHP - ERECT - 4000x4000/Case 066/Plot04/test44.png,test44.png,DHP - ERECT - 4000x4000,ERECT,Case 066,Plot04,3.88,3.8,1.0,66
Simulations/DHP - ERECT - 4000x4000/DHP - ERECT - 4000x4000/Case 066/Plot04/test45.png,test45.png,DHP - ERECT - 4000x4000,ERECT,Case 066,Plot04,3.88,3.8,1.0,66
Simulations/DHP - ERECT - 4000x4000/DHP - ERECT - 4000x4000/Case 066/Plot04/test46.png,test46.png,DHP - ERECT - 4000x4000,ERECT,Case 066,Plot04,3.88,3.8,1.0,66
Simulations/DHP - ERECT - 4000x4000/DHP - ERECT - 4000x4000/Case 066/Plot04/test47.png,test47.png,DHP - ERECT - 4000x4000,ERECT,Case 066,Plot04,3.88,3.8,1.0,66
Simulations/DHP - ERECT - 4000x4000/DHP - ERECT - 4000x4000/Case 066/Plot04/test48.png,test48.png,DHP - ERECT - 4000x4000,ERECT,Case 066,Plot04,3.88,3.8,1.0,66
Simulations/DHP - ERECT - 4000x4000/DHP - ERECT - 4000x4000/Case 066/Plot04/test49.png,test49.png,DHP - ERECT - 4000x4000,ERECT,Case 066,Plot04,3.88,3.8,1.0,66
Simulations/DHP - ERECT - 4000x4000/DHP - ERECT - 4000x4000/Case 067/Plot04/test40.png,test40.png,DHP - ERECT - 4000x4000,ERECT,Case 067,Plot04,4.38,4.3,1.0,67
Simulations/DHP - ERECT - 4000x4000/DHP - ERECT - 4000x4000/Case 067/Plot04/test41.png,test41.png,DHP - ERECT - 4000x4000,ERECT,Case 067,Plot04,4.38,4.3,1.0,67
Simulations/DHP - ERECT - 4000x4000/DHP - ERECT - 4000x4000/Case 067/Plot04/test42.png,test42.png,DHP - ERECT - 4000x4000,ERECT,Case 067,Plot04,4.38,4.3,1.0,67
Simulations/DHP - ERECT - 4000x4000/DHP - ERECT - 4000x4000/Case 067/Plot04/test43.png,test43.png,DHP - ERECT - 4000x4000,ERECT,Case 067,Plot04,4.38,4.3,1.0,67
Simulations/DHP - ERECT - 4000x4000/DHP - ERECT - 4000x4000/Case 067/Plot04/test44.png,test44.png,DHP - ERECT - 4000x4000,ERECT,Case 067,Plot04,4.38,4.3,1.0,67
Simulations/DHP - ERECT - 4000x4000/DHP - ERECT - 4000x4000/Case 067/Plot04/test45.png,test45.png,DHP - ERECT - 4000x4000,ERECT,Case 067,Plot04,4.38,4.3,1.0,67
Simulations/DHP - ERECT - 4000x4000/DHP - ERECT - 4000x4000/Case 067/Plot04/test46.png,test46.png,DHP - ERECT - 4000x4000,ERECT,Case 067,Plot04,4.38,4.3,1.0,67
Simulations/DHP - ERECT - 4000x4000/DHP - ERECT - 4000x4000/Case 067/Plot04/test47.png,test47.png,DHP - ERECT - 4000x4000,ERECT,Case 067,Plot04,4.38,4.3,1.0,67
Simulations/DHP - ERECT - 4000x4000/DHP - ERECT - 4000x4000/Case 067/Plot04/test48.png,test48.png,DHP - ERECT - 4000x4000,ERECT,Case 067,Plot04,4.38,4.3,1.0,67
Simulations/DHP - ERECT - 4000x4000/DHP - ERECT - 4000x4000/Case 067/Plot04/test49.png,test49.png,DHP - ERECT - 4000x4000,ERECT,Case 067,Plot04,4.38,4.3,1.0,67
Simulations/DHP - ERECT - 4000x4000/DHP - ERECT - 4000x4000/Case 068/Plot04/test40.png,test40.png,DHP - ERECT - 4000x4000,ERECT,Case 068,Plot04,4.99,4.9,1.0,68
Simulations/DHP - ERECT - 4000x4000/DHP - ERECT - 4000x4000/Case 068/Plot04/test41.png,test41.png,DHP - ERECT - 4000x4000,ERECT,Case 068,Plot04,4.99,4.9,1.0,68
Simulations/DHP - ERECT - 4000x4000/DHP - ERECT - 4000x4000/Case 068/Plot04/test42.png,test42.png,DHP - ERECT - 4000x4000,ERECT,Case 068,Plot04,4.99,4.9,1.0,68
Simulations/DHP - ERECT - 4000x4000/DHP - ERECT - 4000x4000/Case 068/Plot04/test43.png,test43.png,DHP - ERECT - 4000x4000,ERECT,Case 068,Plot04,4.99,4.9,1.0,68
Simulations/DHP - ERECT - 4000x4000/DHP - ERECT - 4000x4000/Case 068/Plot04/test44.png,test44.png,DHP - ERECT - 4000x4000,ERECT,Case 068,Plot04,4.99,4.9,1.0,68
Simulations/DHP - ERECT - 4000x4000/DHP - ERECT - 4000x4000/Case 068/Plot04/test45.png,test45.png,DHP - ERECT - 4000x4000,ERECT,Case 068,Plot04,4.99,4.9,1.0,68
Simulations/DHP - ERECT - 4000x4000/DHP - ERECT - 4000x4000/Case 068/Plot04/test46.png,test46.png,DHP - ERECT - 4000x4000,ERECT,Case 068,Plot04,4.99,4.9,1.0,68
Simulations/DHP - ERECT - 4000x4000/DHP - ERECT - 4000x4000/Case 068/Plot04/test47.png,test47.png,DHP - ERECT - 4000x4000,ERECT,Case 068,Plot04,4.99,4.9,1.0,68
Simulations/DHP - ERECT - 4000x4000/DHP - ERECT - 4000x4000/Case 068/Plot04/test48.png,test48.png,DHP - ERECT - 4000x4000,ERECT,Case 068,Plot04,4.99,4.9,1.0,68
Simulations/DHP - ERECT - 4000x4000/DHP - ERECT - 4000x4000/Case 068/Plot04/test49.png,test49.png,DHP - ERECT - 4000x4000,ERECT,Case 068,Plot04,4.99,4.9,1.0,68
Simulations/DHP - ERECT - 4000x4000/DHP - ERECT - 4000x4000/Case 069/Plot04/test40.png,test40.png,DHP - ERECT - 4000x4000,ERECT,Case 069,Plot04,4.33,4.2,1.0,69
Simulations/DHP - ERECT - 4000x4000/DHP - ERECT - 4000x4000/Case 069/Plot04/test41.png,test41.png,DHP - ERECT - 4000x4000,ERECT,Case 069,Plot04,4.33,4.2,1.0,69
Simulations/DHP - ERECT - 4000x4000/DHP - ERECT - 4000x4000/Case 069/Plot04/test42.png,test42.png,DHP - ERECT - 4000x4000,ERECT,Case 069,Plot04,4.33,4.2,1.0,69
Simulations/DHP - ERECT - 4000x4000/DHP - ERECT - 4000x4000/Case 069/Plot04/test43.png,test43.png,DHP - ERECT - 4000x4000,ERECT,Case 069,Plot04,4.33,4.2,1.0,69
Simulations/DHP - ERECT - 4000x4000/DHP - ERECT - 4000x4000/Case 069/Plot04/test44.png,test44.png,DHP - ERECT - 4000x4000,ERECT,Case 069,Plot04,4.33,4.2,1.0,69
Simulations/DHP - ERECT - 4000x4000/DHP - ERECT - 4000x4000/Case 069/Plot04/test45.png,test45.png,DHP - ERECT - 4000x4000,ERECT,Case 069,Plot04,4.33,4.2,1.0,69
Simulations/DHP - ERECT - 4000x4000/DHP - ERECT - 4000x4000/Case 069/Plot04/test46.png,test46.png,DHP - ERECT - 4000x4000,ERECT,Case 069,Plot04,4.33,4.2,1.0,69
Simulations/DHP - ERECT - 4000x4000/DHP - ERECT - 4000x4000/Case 069/Plot04/test47.png,test47.png,DHP - ERECT - 4000x4000,ERECT,Case 069,Plot04,4.33,4.2,1.0,69
Simulations/DHP - ERECT - 4000x4000/DHP - ERECT - 4000x4000/Case 069/Plot04/test48.png,test48.png,DHP - ERECT - 4000x4000,ERECT,Case 069,Plot04,4.33,4.2,1.0,69
Simulations/DHP - ERECT - 4000x4000/DHP - ERECT - 4000x4000/Case 069/Plot04/test49.png,test49.png,DHP - ERECT - 4000x4000,ERECT,Case 069,Plot04,4.33,4.2,1.0,69
Simulations/DHP - ERECT - 4000x4000/DHP - ERECT - 4000x4000/Case 070/Plot04/test40.png,test40.png,DHP - ERECT - 4000x4000,ERECT,Case 070,Plot04,3.61,3.5,1.0,70
Simulations/DHP - ERECT - 4000x4000/DHP - ERECT - 4000x4000/Case 070/Plot04/test41.png,test41.png,DHP - ERECT - 4000x4000,ERECT,Case 070,Plot04,3.61,3.5,1.0,70
Simulations/DHP - ERECT - 4000x4000/DHP - ERECT - 4000x4000/Case 070/Plot04/test42.png,test42.png,DHP - ERECT - 4000x4000,ERECT,Case 070,Plot04,3.61,3.5,1.0,70
Simulations/DHP - ERECT - 4000x4000/DHP - ERECT - 4000x4000/Case 070/Plot04/test43.png,test43.png,DHP - ERECT - 4000x4000,ERECT,Case 070,Plot04,3.61,3.5,1.0,70
Simulations/DHP - ERECT - 4000x4000/DHP - ERECT - 4000x4000/Case 070/Plot04/test44.png,test44.png,DHP - ERECT - 4000x4000,ERECT,Case 070,Plot04,3.61,3.5,1.0,70
Simulations/DHP - ERECT - 4000x4000/DHP - ERECT - 4000x4000/Case 070/Plot04/test45.png,test45.png,DHP - ERECT - 4000x4000,ERECT,Case 070,Plot04,3.61,3.5,1.0,70
Simulations/DHP - ERECT - 4000x4000/DHP - ERECT - 4000x4000/Case 070/Plot04/test46.png,test46.png,DHP - ERECT - 4000x4000,ERECT,Case 070,Plot04,3.61,3.5,1.0,70
Simulations/DHP - ERECT - 4000x4000/DHP - ERECT - 4000x4000/Case 070/Plot04/test47.png,test47.png,DHP - ERECT - 4000x4000,ERECT,Case 070,Plot04,3.61,3.5,1.0,70
Simulations/DHP - ERECT - 4000x4000/DHP - ERECT - 4000x4000/Case 070/Plot04/test48.png,test48.png,DHP - ERECT - 4000x4000,ERECT,Case 070,Plot04,3.61,3.5,1.0,70
Simulations/DHP - ERECT - 4000x4000/DHP - ERECT - 4000x4000/Case 070/Plot04/test49.png,test49.png,DHP - ERECT - 4000x4000,ERECT,Case 070,Plot04,3.61,3.5,1.0,70
Simulations/DHP - ERECT - 4000x4000/DHP - ERECT - 4000x4000/Case 071/Plot04/test40.png,test40.png,DHP - ERECT - 4000x4000,ERECT,Case 071,Plot04,2.38,2.25,1.0,71
Simulations/DHP - ERECT - 4000x4000/DHP - ERECT - 4000x4000/Case 071/Plot04/test41.png,test41.png,DHP - ERECT - 4000x4000,ERECT,Case 071,Plot04,2.38,2.25,1.0,71
Simulations/DHP - ERECT - 4000x4000/DHP - ERECT - 4000x4000/Case 071/Plot04/test42.png,test42.png,DHP - ERECT - 4000x4000,ERECT,Case 071,Plot04,2.38,2.25,1.0,71
Simulations/DHP - ERECT - 4000x4000/DHP - ERECT - 4000x4000/Case 071/Plot04/test43.png,test43.png,DHP - ERECT - 4000x4000,ERECT,Case 071,Plot04,2.38,2.25,1.0,71
Simulations/DHP - ERECT - 4000x4000/DHP - ERECT - 4000x4000/Case 071/Plot04/test44.png,test44.png,DHP - ERECT - 4000x4000,ERECT,Case 071,Plot04,2.38,2.25,1.0,71
Simulations/DHP - ERECT - 4000x4000/DHP - ERECT - 4000x4000/Case 071/Plot04/test45.png,test45.png,DHP - ERECT - 4000x4000,ERECT,Case 071,Plot04,2.38,2.25,1.0,71
Simulations/DHP - ERECT - 4000x4000/DHP - ERECT - 4000x4000/Case 071/Plot04/test46.png,test46.png,DHP - ERECT - 4000x4000,ERECT,Case 071,Plot04,2.38,2.25,1.0,71
Simulations/DHP - ERECT - 4000x4000/DHP - ERECT - 4000x4000/Case 071/Plot04/test47.png,test47.png,DHP - ERECT - 4000x4000,ERECT,Case 071,Plot04,2.38,2.25,1.0,71
Simulations/DHP - ERECT - 4000x4000/DHP - ERECT - 4000x4000/Case 071/Plot04/test48.png,test48.png,DHP - ERECT - 4000x4000,ERECT,Case 071,Plot04,2.38,2.25,1.0,71
Simulations/DHP - ERECT - 4000x4000/DHP - ERECT - 4000x4000/Case 071/Plot04/test49.png,test49.png,DHP - ERECT - 4000x4000,ERECT,Case 071,Plot04,2.38,2.25,1.0,71
Simulations/DHP - ERECT - 4000x4000/DHP - ERECT - 4000x4000/Case 072/Plot04/test40.png,test40.png,DHP - ERECT - 4000x4000,ERECT,Case 072,Plot04,2.03,2.0,1.0,72
Simulations/DHP - ERECT - 4000x4000/DHP - ERECT - 4000x4000/Case 072/Plot04/test41.png,test41.png,DHP - ERECT - 4000x4000,ERECT,Case 072,Plot04,2.03,2.0,1.0,72
Simulations/DHP - ERECT - 4000x4000/DHP - ERECT - 4000x4000/Case 072/Plot04/test42.png,test42.png,DHP - ERECT - 4000x4000,ERECT,Case 072,Plot04,2.03,2.0,1.0,72
Simulations/DHP - ERECT - 4000x4000/DHP - ERECT - 4000x4000/Case 072/Plot04/test43.png,test43.png,DHP - ERECT - 4000x4000,ERECT,Case 072,Plot04,2.03,2.0,1.0,72
Simulations/DHP - ERECT - 4000x4000/DHP - ERECT - 4000x4000/Case 072/Plot04/test44.png,test44.png,DHP - ERECT - 4000x4000,ERECT,Case 072,Plot04,2.03,2.0,1.0,72
Simulations/DHP - ERECT - 4000x4000/DHP - ERECT - 4000x4000/Case 072/Plot04/test45.png,test45.png,DHP - ERECT - 4000x4000,ERECT,Case 072,Plot04,2.03,2.0,1.0,72
Simulations/DHP - ERECT - 4000x4000/DHP - ERECT - 4000x4000/Case 072/Plot04/test46.png,test46.png,DHP - ERECT - 4000x4000,ERECT,Case 072,Plot04,2.03,2.0,1.0,72
Simulations/DHP - ERECT - 4000x4000/DHP - ERECT - 4000x4000/Case 072/Plot04/test47.png,test47.png,DHP - ERECT - 4000x4000,ERECT,Case 072,Plot04,2.03,2.0,1.0,72
Simulations/DHP - ERECT - 4000x4000/DHP - ERECT - 4000x4000/Case 072/Plot04/test48.png,test48.png,DHP - ERECT - 4000x4000,ERECT,Case 072,Plot04,2.03,2.0,1.0,72
Simulations/DHP - ERECT - 4000x4000/DHP - ERECT - 4000x4000/Case 072/Plot04/test49.png,test49.png,DHP - ERECT - 4000x4000,ERECT,Case 072,Plot04,2.03,2.0,1.0,72
Simulations/DHP - ERECT - 4000x4000/DHP - ERECT - 4000x4000/Case 073/Plot04/test40.png,test40.png,DHP - ERECT - 4000x4000,ERECT,Case 073,Plot04,1.3,1.25,1.0,73
Simulations/DHP - ERECT - 4000x4000/DHP - ERECT - 4000x4000/Case 073/Plot04/test41.png,test41.png,DHP - ERECT - 4000x4000,ERECT,Case 073,Plot04,1.3,1.25,1.0,73
Simulations/DHP - ERECT - 4000x4000/DHP - ERECT - 4000x4000/Case 073/Plot04/test42.png,test42.png,DHP - ERECT - 4000x4000,ERECT,Case 073,Plot04,1.3,1.25,1.0,73
Simulations/DHP - ERECT - 4000x4000/DHP - ERECT - 4000x4000/Case 073/Plot04/test43.png,test43.png,DHP - ERECT - 4000x4000,ERECT,Case 073,Plot04,1.3,1.25,1.0,73
Simulations/DHP - ERECT - 4000x4000/DHP - ERECT - 4000x4000/Case 073/Plot04/test44.png,test44.png,DHP - ERECT - 4000x4000,ERECT,Case 073,Plot04,1.3,1.25,1.0,73
Simulations/DHP - ERECT - 4000x4000/DHP - ERECT - 4000x4000/Case 073/Plot04/test45.png,test45.png,DHP - ERECT - 4000x4000,ERECT,Case 073,Plot04,1.3,1.25,1.0,73
Simulations/DHP - ERECT - 4000x4000/DHP - ERECT - 4000x4000/Case 073/Plot04/test46.png,test46.png,DHP - ERECT - 4000x4000,ERECT,Case 073,Plot04,1.3,1.25,1.0,73
Simulations/DHP - ERECT - 4000x4000/DHP - ERECT - 4000x4000/Case 073/Plot04/test47.png,test47.png,DHP - ERECT - 4000x4000,ERECT,Case 073,Plot04,1.3,1.25,1.0,73
Simulations/DHP - ERECT - 4000x4000/DHP - ERECT - 4000x4000/Case 073/Plot04/test48.png,test48.png,DHP - ERECT - 4000x4000,ERECT,Case 073,Plot04,1.3,1.25,1.0,73
Simulations/DHP - ERECT - 4000x4000/DHP - ERECT - 4000x4000/Case 073/Plot04/test49.png,test49.png,DHP - ERECT - 4000x4000,ERECT,Case 073,Plot04,1.3,1.25,1.0,73
Simulations/DHP - ERECT - 4000x4000/DHP - ERECT - 4000x4000/Case 074/Plot04/test40.png,test40.png,DHP - ERECT - 4000x4000,ERECT,Case 074,Plot04,4.03,4.0,1.0,74
Simulations/DHP - ERECT - 4000x4000/DHP - ERECT - 4000x4000/Case 074/Plot04/test41.png,test41.png,DHP - ERECT - 4000x4000,ERECT,Case 074,Plot04,4.03,4.0,1.0,74
Simulations/DHP - ERECT - 4000x4000/DHP - ERECT - 4000x4000/Case 074/Plot04/test42.png,test42.png,DHP - ERECT - 4000x4000,ERECT,Case 074,Plot04,4.03,4.0,1.0,74
Simulations/DHP - ERECT - 4000x4000/DHP - ERECT - 4000x4000/Case 074/Plot04/test43.png,test43.png,DHP - ERECT - 4000x4000,ERECT,Case 074,Plot04,4.03,4.0,1.0,74
Simulations/DHP - ERECT - 4000x4000/DHP - ERECT - 4000x4000/Case 074/Plot04/test44.png,test44.png,DHP - ERECT - 4000x4000,ERECT,Case 074,Plot04,4.03,4.0,1.0,74
Simulations/DHP - ERECT - 4000x4000/DHP - ERECT - 4000x4000/Case 074/Plot04/test45.png,test45.png,DHP - ERECT - 4000x4000,ERECT,Case 074,Plot04,4.03,4.0,1.0,74
Simulations/DHP - ERECT - 4000x4000/DHP - ERECT - 4000x4000/Case 074/Plot04/test46.png,test46.png,DHP - ERECT - 4000x4000,ERECT,Case 074,Plot04,4.03,4.0,1.0,74
Simulations/DHP - ERECT - 4000x4000/DHP - ERECT - 4000x4000/Case 074/Plot04/test47.png,test47.png,DHP - ERECT - 4000x4000,ERECT,Case 074,Plot04,4.03,4.0,1.0,74
Simulations/DHP - ERECT - 4000x4000/DHP - ERECT - 4000x4000/Case 074/Plot04/test48.png,test48.png,DHP - ERECT - 4000x4000,ERECT,Case 074,Plot04,4.03,4.0,1.0,74
Simulations/DHP - ERECT - 4000x4000/DHP - ERECT - 4000x4000/Case 074/Plot04/test49.png,test49.png,DHP - ERECT - 4000x4000,ERECT,Case 074,Plot04,4.03,4.0,1.0,74
Simulations/DHP - ERECT - 4000x4000/DHP - ERECT - 4000x4000/Case 075/Plot04/test40.png,test40.png,DHP - ERECT - 4000x4000,ERECT,Case 075,Plot04,2.6,2.6,1.0,75
Simulations/DHP - ERECT - 4000x4000/DHP - ERECT - 4000x4000/Case 075/Plot04/test41.png,test41.png,DHP - ERECT - 4000x4000,ERECT,Case 075,Plot04,2.6,2.6,1.0,75
Simulations/DHP - ERECT - 4000x4000/DHP - ERECT - 4000x4000/Case 075/Plot04/test42.png,test42.png,DHP - ERECT - 4000x4000,ERECT,Case 075,Plot04,2.6,2.6,1.0,75
Simulations/DHP - ERECT - 4000x4000/DHP - ERECT - 4000x4000/Case 075/Plot04/test43.png,test43.png,DHP - ERECT - 4000x4000,ERECT,Case 075,Plot04,2.6,2.6,1.0,75
Simulations/DHP - ERECT - 4000x4000/DHP - ERECT - 4000x4000/Case 075/Plot04/test44.png,test44.png,DHP - ERECT - 4000x4000,ERECT,Case 075,Plot04,2.6,2.6,1.0,75
Simulations/DHP - ERECT - 4000x4000/DHP - ERECT - 4000x4000/Case 075/Plot04/test45.png,test45.png,DHP - ERECT - 4000x4000,ERECT,Case 075,Plot04,2.6,2.6,1.0,75
Simulations/DHP - ERECT - 4000x4000/DHP - ERECT - 4000x4000/Case 075/Plot04/test46.png,test46.png,DHP - ERECT - 4000x4000,ERECT,Case 075,Plot04,2.6,2.6,1.0,75
Simulations/DHP - ERECT - 4000x4000/DHP - ERECT - 4000x4000/Case 075/Plot04/test47.png,test47.png,DHP - ERECT - 4000x4000,ERECT,Case 075,Plot04,2.6,2.6,1.0,75
Simulations/DHP - ERECT - 4000x4000/DHP - ERECT - 4000x4000/Case 075/Plot04/test48.png,test48.png,DHP - ERECT - 4000x4000,ERECT,Case 075,Plot04,2.6,2.6,1.0,75
Simulations/DHP - ERECT - 4000x4000/DHP - ERECT - 4000x4000/Case 075/Plot04/test49.png,test49.png,DHP - ERECT - 4000x4000,ERECT,Case 075,Plot04,2.6,2.6,1.0,75
Simulations/DHP - PLANO - 4000x4000/DHP - PLANO - 4000x4000/Case 001/Plot04/test40.png,test40.png,DHP - PLANO - 4000x4000,PLANO,Case 001,Plot04,3.135,3.0,0.97,1
Simulations/DHP - PLANO - 4000x4000/DHP - PLANO - 4000x4000/Case 001/Plot04/test41.png,test41.png,DHP - PLANO - 4000x4000,PLANO,Case 001,Plot04,3.135,3.0,0.97,1
Simulations/DHP - PLANO - 4000x4000/DHP - PLANO - 4000x4000/Case 001/Plot04/test42.png,test42.png,DHP - PLANO - 4000x4000,PLANO,Case 001,Plot04,3.135,3.0,0.97,1
Simulations/DHP - PLANO - 4000x4000/DHP - PLANO - 4000x4000/Case 001/Plot04/test43.png,test43.png,DHP - PLANO - 4000x4000,PLANO,Case 001,Plot04,3.135,3.0,0.97,1
Simulations/DHP - PLANO - 4000x4000/DHP - PLANO - 4000x4000/Case 001/Plot04/test44.png,test44.png,DHP - PLANO - 4000x4000,PLANO,Case 001,Plot04,3.135,3.0,0.97,1
Simulations/DHP - PLANO - 4000x4000/DHP - PLANO - 4000x4000/Case 001/Plot04/test45.png,test45.png,DHP - PLANO - 4000x4000,PLANO,Case 001,Plot04,3.135,3.0,0.97,1
Simulations/DHP - PLANO - 4000x4000/DHP - PLANO - 4000x4000/Case 001/Plot04/test46.png,test46.png,DHP - PLANO - 4000x4000,PLANO,Case 001,Plot04,3.135,3.0,0.97,1
Simulations/DHP - PLANO - 4000x4000/DHP - PLANO - 4000x4000/Case 001/Plot04/test47.png,test47.png,DHP - PLANO - 4000x4000,PLANO,Case 001,Plot04,3.135,3.0,0.97,1
Simulations/DHP - PLANO - 4000x4000/DHP - PLANO - 4000x4000/Case 001/Plot04/test48.png,test48.png,DHP - PLANO - 4000x4000,PLANO,Case 001,Plot04,3.135,3.0,0.97,1
Simulations/DHP - PLANO - 4000x4000/DHP - PLANO - 4000x4000/Case 001/Plot04/test49.png,test49.png,DHP - PLANO - 4000x4000,PLANO,Case 001,Plot04,3.135,3.0,0.97,1
Simulations/DHP - PLANO - 4000x4000/DHP - PLANO - 4000x4000/Case 002/Plot04/test40.png,test40.png,DHP - PLANO - 4000x4000,PLANO,Case 002,Plot04,2.135,2.0,0.96,2
Simulations/DHP - PLANO - 4000x4000/DHP - PLANO - 4000x4000/Case 002/Plot04/test41.png,test41.png,DHP - PLANO - 4000x4000,PLANO,Case 002,Plot04,2.135,2.0,0.96,2
Simulations/DHP - PLANO - 4000x4000/DHP - PLANO - 4000x4000/Case 002/Plot04/test42.png,test42.png,DHP - PLANO - 4000x4000,PLANO,Case 002,Plot04,2.135,2.0,0.96,2
Simulations/DHP - PLANO - 4000x4000/DHP - PLANO - 4000x4000/Case 002/Plot04/test43.png,test43.png,DHP - PLANO - 4000x4000,PLANO,Case 002,Plot04,2.135,2.0,0.96,2
Simulations/DHP - PLANO - 4000x4000/DHP - PLANO - 4000x4000/Case 002/Plot04/test44.png,test44.png,DHP - PLANO - 4000x4000,PLANO,Case 002,Plot04,2.135,2.0,0.96,2
Simulations/DHP - PLANO - 4000x4000/DHP - PLANO - 4000x4000/Case 002/Plot04/test45.png,test45.png,DHP - PLANO - 4000x4000,PLANO,Case 002,Plot04,2.135,2.0,0.96,2
Simulations/DHP - PLANO - 4000x4000/DHP - PLANO - 4000x4000/Case 002/Plot04/test46.png,test46.png,DHP - PLANO - 4000x4000,PLANO,Case 002,Plot04,2.135,2.0,0.96,2
Simulations/DHP - PLANO - 4000x4000/DHP - PLANO - 4000x4000/Case 002/Plot04/test47.png,test47.png,DHP - PLANO - 4000x4000,PLANO,Case 002,Plot04,2.135,2.0,0.96,2
Simulations/DHP - PLANO - 4000x4000/DHP - PLANO - 4000x4000/Case 002/Plot04/test48.png,test48.png,DHP - PLANO - 4000x4000,PLANO,Case 002,Plot04,2.135,2.0,0.96,2
Simulations/DHP - PLANO - 4000x4000/DHP - PLANO - 4000x4000/Case 002/Plot04/test49.png,test49.png,DHP - PLANO - 4000x4000,PLANO,Case 002,Plot04,2.135,2.0,0.96,2
Simulations/DHP - PLANO - 4000x4000/DHP - PLANO - 4000x4000/Case 003/Plot04/test40.png,test40.png,DHP - PLANO - 4000x4000,PLANO,Case 003,Plot04,1.135,1.0,0.92,3
Simulations/DHP - PLANO - 4000x4000/DHP - PLANO - 4000x4000/Case 003/Plot04/test41.png,test41.png,DHP - PLANO - 4000x4000,PLANO,Case 003,Plot04,1.135,1.0,0.92,3
Simulations/DHP - PLANO - 4000x4000/DHP - PLANO - 4000x4000/Case 003/Plot04/test42.png,test42.png,DHP - PLANO - 4000x4000,PLANO,Case 003,Plot04,1.135,1.0,0.92,3
Simulations/DHP - PLANO - 4000x4000/DHP - PLANO - 4000x4000/Case 003/Plot04/test43.png,test43.png,DHP - PLANO - 4000x4000,PLANO,Case 003,Plot04,1.135,1.0,0.92,3
Simulations/DHP - PLANO - 4000x4000/DHP - PLANO - 4000x4000/Case 003/Plot04/test44.png,test44.png,DHP - PLANO - 4000x4000,PLANO,Case 003,Plot04,1.135,1.0,0.92,3
Simulations/DHP - PLANO - 4000x4000/DHP - PLANO - 4000x4000/Case 003/Plot04/test45.png,test45.png,DHP - PLANO - 4000x4000,PLANO,Case 003,Plot04,1.135,1.0,0.92,3
Simulations/DHP - PLANO - 4000x4000/DHP - PLANO - 4000x4000/Case 003/Plot04/test46.png,test46.png,DHP - PLANO - 4000x4000,PLANO,Case 003,Plot04,1.135,1.0,0.92,3
Simulations/DHP - PLANO - 4000x4000/DHP - PLANO - 4000x4000/Case 003/Plot04/test47.png,test47.png,DHP - PLANO - 4000x4000,PLANO,Case 003,Plot04,1.135,1.0,0.92,3
Simulations/DHP - PLANO - 4000x4000/DHP - PLANO - 4000x4000/Case 003/Plot04/test48.png,test48.png,DHP - PLANO - 4000x4000,PLANO,Case 003,Plot04,1.135,1.0,0.92,3
Simulations/DHP - PLANO - 4000x4000/DHP - PLANO - 4000x4000/Case 003/Plot04/test49.png,test49.png,DHP - PLANO - 4000x4000,PLANO,Case 003,Plot04,1.135,1.0,0.92,3
Simulations/DHP - PLANO - 4000x4000/DHP - PLANO - 4000x4000/Case 004/Plot04/test40.png,test40.png,DHP - PLANO - 4000x4000,PLANO,Case 004,Plot04,2.135,2.0,0.96,4
Simulations/DHP - PLANO - 4000x4000/DHP - PLANO - 4000x4000/Case 004/Plot04/test41.png,test41.png,DHP - PLANO - 4000x4000,PLANO,Case 004,Plot04,2.135,2.0,0.96,4
Simulations/DHP - PLANO - 4000x4000/DHP - PLANO - 4000x4000/Case 004/Plot04/test42.png,test42.png,DHP - PLANO - 4000x4000,PLANO,Case 004,Plot04,2.135,2.0,0.96,4
Simulations/DHP - PLANO - 4000x4000/DHP - PLANO - 4000x4000/Case 004/Plot04/test43.png,test43.png,DHP - PLANO - 4000x4000,PLANO,Case 004,Plot04,2.135,2.0,0.96,4
Simulations/DHP - PLANO - 4000x4000/DHP - PLANO - 4000x4000/Case 004/Plot04/test44.png,test44.png,DHP - PLANO - 4000x4000,PLANO,Case 004,Plot04,2.135,2.0,0.96,4
Simulations/DHP - PLANO - 4000x4000/DHP - PLANO - 4000x4000/Case 004/Plot04/test45.png,test45.png,DHP - PLANO - 4000x4000,PLANO,Case 004,Plot04,2.135,2.0,0.96,4
Simulations/DHP - PLANO - 4000x4000/DHP - PLANO - 4000x4000/Case 004/Plot04/test46.png,test46.png,DHP - PLANO - 4000x4000,PLANO,Case 004,Plot04,2.135,2.0,0.96,4
Simulations/DHP - PLANO - 4000x4000/DHP - PLANO - 4000x4000/Case 004/Plot04/test47.png,test47.png,DHP - PLANO - 4000x4000,PLANO,Case 004,Plot04,2.135,2.0,0.96,4
Simulations/DHP - PLANO - 4000x4000/DHP - PLANO - 4000x4000/Case 004/Plot04/test48.png,test48.png,DHP - PLANO - 4000x4000,PLANO,Case 004,Plot04,2.135,2.0,0.96,4
Simulations/DHP - PLANO - 4000x4000/DHP - PLANO - 4000x4000/Case 004/Plot04/test49.png,test49.png,DHP - PLANO - 4000x4000,PLANO,Case 004,Plot04,2.135,2.0,0.96,4
Simulations/DHP - PLANO - 4000x4000/DHP - PLANO - 4000x4000/Case 005/Plot04/test40.png,test40.png,DHP - PLANO - 4000x4000,PLANO,Case 005,Plot04,2.135,2.0,0.96,5
Simulations/DHP - PLANO - 4000x4000/DHP - PLANO - 4000x4000/Case 005/Plot04/test41.png,test41.png,DHP - PLANO - 4000x4000,PLANO,Case 005,Plot04,2.135,2.0,0.96,5
Simulations/DHP - PLANO - 4000x4000/DHP - PLANO - 4000x4000/Case 005/Plot04/test42.png,test42.png,DHP - PLANO - 4000x4000,PLANO,Case 005,Plot04,2.135,2.0,0.96,5
Simulations/DHP - PLANO - 4000x4000/DHP - PLANO - 4000x4000/Case 005/Plot04/test43.png,test43.png,DHP - PLANO - 4000x4000,PLANO,Case 005,Plot04,2.135,2.0,0.96,5
Simulations/DHP - PLANO - 4000x4000/DHP - PLANO - 4000x4000/Case 005/Plot04/test44.png,test44.png,DHP - PLANO - 4000x4000,PLANO,Case 005,Plot04,2.135,2.0,0.96,5
Simulations/DHP - PLANO - 4000x4000/DHP - PLANO - 4000x4000/Case 005/Plot04/test45.png,test45.png,DHP - PLANO - 4000x4000,PLANO,Case 005,Plot04,2.135,2.0,0.96,5
Simulations/DHP - PLANO - 4000x4000/DHP - PLANO - 4000x4000/Case 005/Plot04/test46.png,test46.png,DHP - PLANO - 4000x4000,PLANO,Case 005,Plot04,2.135,2.0,0.96,5
Simulations/DHP - PLANO - 4000x4000/DHP - PLANO - 4000x4000/Case 005/Plot04/test47.png,test47.png,DHP - PLANO - 4000x4000,PLANO,Case 005,Plot04,2.135,2.0,0.96,5
Simulations/DHP - PLANO - 4000x4000/DHP - PLANO - 4000x4000/Case 005/Plot04/test48.png,test48.png,DHP - PLANO - 4000x4000,PLANO,Case 005,Plot04,2.135,2.0,0.96,5
Simulations/DHP - PLANO - 4000x4000/DHP - PLANO - 4000x4000/Case 005/Plot04/test49.png,test49.png,DHP - PLANO - 4000x4000,PLANO,Case 005,Plot04,2.135,2.0,0.96,5
Simulations/DHP - PLANO - 4000x4000/DHP - PLANO - 4000x4000/Case 006/Plot04/test40.png,test40.png,DHP - PLANO - 4000x4000,PLANO,Case 006,Plot04,2.135,2.0,0.96,6
Simulations/DHP - PLANO - 4000x4000/DHP - PLANO - 4000x4000/Case 006/Plot04/test41.png,test41.png,DHP - PLANO - 4000x4000,PLANO,Case 006,Plot04,2.135,2.0,0.96,6
Simulations/DHP - PLANO - 4000x4000/DHP - PLANO - 4000x4000/Case 006/Plot04/test42.png,test42.png,DHP - PLANO - 4000x4000,PLANO,Case 006,Plot04,2.135,2.0,0.96,6
Simulations/DHP - PLANO - 4000x4000/DHP - PLANO - 4000x4000/Case 006/Plot04/test43.png,test43.png,DHP - PLANO - 4000x4000,PLANO,Case 006,Plot04,2.135,2.0,0.96,6
Simulations/DHP - PLANO - 4000x4000/DHP - PLANO - 4000x4000/Case 006/Plot04/test44.png,test44.png,DHP - PLANO - 4000x4000,PLANO,Case 006,Plot04,2.135,2.0,0.96,6
Simulations/DHP - PLANO - 4000x4000/DHP - PLANO - 4000x4000/Case 006/Plot04/test45.png,test45.png,DHP - PLANO - 4000x4000,PLANO,Case 006,Plot04,2.135,2.0,0.96,6
Simulations/DHP - PLANO - 4000x4000/DHP - PLANO - 4000x4000/Case 006/Plot04/test46.png,test46.png,DHP - PLANO - 4000x4000,PLANO,Case 006,Plot04,2.135,2.0,0.96,6
Simulations/DHP - PLANO - 4000x4000/DHP - PLANO - 4000x4000/Case 006/Plot04/test47.png,test47.png,DHP - PLANO - 4000x4000,PLANO,Case 006,Plot04,2.135,2.0,0.96,6
Simulations/DHP - PLANO - 4000x4000/DHP - PLANO - 4000x4000/Case 006/Plot04/test48.png,test48.png,DHP - PLANO - 4000x4000,PLANO,Case 006,Plot04,2.135,2.0,0.96,6
Simulations/DHP - PLANO - 4000x4000/DHP - PLANO - 4000x4000/Case 006/Plot04/test49.png,test49.png,DHP - PLANO - 4000x4000,PLANO,Case 006,Plot04,2.135,2.0,0.96,6
Simulations/DHP - PLANO - 4000x4000/DHP - PLANO - 4000x4000/Case 007/Plot04/test40.png,test40.png,DHP - PLANO - 4000x4000,PLANO,Case 007,Plot04,2.06,2.0,0.98,7
Simulations/DHP - PLANO - 4000x4000/DHP - PLANO - 4000x4000/Case 007/Plot04/test41.png,test41.png,DHP - PLANO - 4000x4000,PLANO,Case 007,Plot04,2.06,2.0,0.98,7
Simulations/DHP - PLANO - 4000x4000/DHP - PLANO - 4000x4000/Case 007/Plot04/test42.png,test42.png,DHP - PLANO - 4000x4000,PLANO,Case 007,Plot04,2.06,2.0,0.98,7
Simulations/DHP - PLANO - 4000x4000/DHP - PLANO - 4000x4000/Case 007/Plot04/test43.png,test43.png,DHP - PLANO - 4000x4000,PLANO,Case 007,Plot04,2.06,2.0,0.98,7
Simulations/DHP - PLANO - 4000x4000/DHP - PLANO - 4000x4000/Case 007/Plot04/test44.png,test44.png,DHP - PLANO - 4000x4000,PLANO,Case 007,Plot04,2.06,2.0,0.98,7
Simulations/DHP - PLANO - 4000x4000/DHP - PLANO - 4000x4000/Case 007/Plot04/test45.png,test45.png,DHP - PLANO - 4000x4000,PLANO,Case 007,Plot04,2.06,2.0,0.98,7
Simulations/DHP - PLANO - 4000x4000/DHP - PLANO - 4000x4000/Case 007/Plot04/test46.png,test46.png,DHP - PLANO - 4000x4000,PLANO,Case 007,Plot04,2.06,2.0,0.98,7
Simulations/DHP - PLANO - 4000x4000/DHP - PLANO - 4000x4000/Case 007/Plot04/test47.png,test47.png,DHP - PLANO - 4000x4000,PLANO,Case 007,Plot04,2.06,2.0,0.98,7
Simulations/DHP - PLANO - 4000x4000/DHP - PLANO - 4000x4000/Case 007/Plot04/test48.png,test48.png,DHP - PLANO - 4000x4000,PLANO,Case 007,Plot04,2.06,2.0,0.98,7
Simulations/DHP - PLANO - 4000x4000/DHP - PLANO - 4000x4000/Case 007/Plot04/test49.png,test49.png,DHP - PLANO - 4000x4000,PLANO,Case 007,Plot04,2.06,2.0,0.98,7
Simulations/DHP - PLANO - 4000x4000/DHP - PLANO - 4000x4000/Case 008/Plot04/test40.png,test40.png,DHP - PLANO - 4000x4000,PLANO,Case 008,Plot04,0.56,0.5,0.93,8
Simulations/DHP - PLANO - 4000x4000/DHP - PLANO - 4000x4000/Case 008/Plot04/test41.png,test41.png,DHP - PLANO - 4000x4000,PLANO,Case 008,Plot04,0.56,0.5,0.93,8
Simulations/DHP - PLANO - 4000x4000/DHP - PLANO - 4000x4000/Case 008/Plot04/test42.png,test42.png,DHP - PLANO - 4000x4000,PLANO,Case 008,Plot04,0.56,0.5,0.93,8
Simulations/DHP - PLANO - 4000x4000/DHP - PLANO - 4000x4000/Case 008/Plot04/test43.png,test43.png,DHP - PLANO - 4000x4000,PLANO,Case 008,Plot04,0.56,0.5,0.93,8
Simulations/DHP - PLANO - 4000x4000/DHP - PLANO - 4000x4000/Case 008/Plot04/test44.png,test44.png,DHP - PLANO - 4000x4000,PLANO,Case 008,Plot04,0.56,0.5,0.93,8
Simulations/DHP - PLANO - 4000x4000/DHP - PLANO - 4000x4000/Case 008/Plot04/test45.png,test45.png,DHP - PLANO - 4000x4000,PLANO,Case 008,Plot04,0.56,0.5,0.93,8
Simulations/DHP - PLANO - 4000x4000/DHP - PLANO - 4000x4000/Case 008/Plot04/test46.png,test46.png,DHP - PLANO - 4000x4000,PLANO,Case 008,Plot04,0.56,0.5,0.93,8
Simulations/DHP - PLANO - 4000x4000/DHP - PLANO - 4000x4000/Case 008/Plot04/test47.png,test47.png,DHP - PLANO - 4000x4000,PLANO,Case 008,Plot04,0.56,0.5,0.93,8
Simulations/DHP - PLANO - 4000x4000/DHP - PLANO - 4000x4000/Case 008/Plot04/test48.png,test48.png,DHP - PLANO - 4000x4000,PLANO,Case 008,Plot04,0.56,0.5,0.93,8
Simulations/DHP - PLANO - 4000x4000/DHP - PLANO - 4000x4000/Case 008/Plot04/test49.png,test49.png,DHP - PLANO - 4000x4000,PLANO,Case 008,Plot04,0.56,0.5,0.93,8
Simulations/DHP - PLANO - 4000x4000/DHP - PLANO - 4000x4000/Case 009/Plot04/test40.png,test40.png,DHP - PLANO - 4000x4000,PLANO,Case 009,Plot04,2.635,2.5,0.97,9
Simulations/DHP - PLANO - 4000x4000/DHP - PLANO - 4000x4000/Case 009/Plot04/test41.png,test41.png,DHP - PLANO - 4000x4000,PLANO,Case 009,Plot04,2.635,2.5,0.97,9
Simulations/DHP - PLANO - 4000x4000/DHP - PLANO - 4000x4000/Case 009/Plot04/test42.png,test42.png,DHP - PLANO - 4000x4000,PLANO,Case 009,Plot04,2.635,2.5,0.97,9
Simulations/DHP - PLANO - 4000x4000/DHP - PLANO - 4000x4000/Case 009/Plot04/test43.png,test43.png,DHP - PLANO - 4000x4000,PLANO,Case 009,Plot04,2.635,2.5,0.97,9
Simulations/DHP - PLANO - 4000x4000/DHP - PLANO - 4000x4000/Case 009/Plot04/test44.png,test44.png,DHP - PLANO - 4000x4000,PLANO,Case 009,Plot04,2.635,2.5,0.97,9
Simulations/DHP - PLANO - 4000x4000/DHP - PLANO - 4000x4000/Case 009/Plot04/test45.png,test45.png,DHP - PLANO - 4000x4000,PLANO,Case 009,Plot04,2.635,2.5,0.97,9
Simulations/DHP - PLANO - 4000x4000/DHP - PLANO - 4000x4000/Case 009/Plot04/test46.png,test46.png,DHP - PLANO - 4000x4000,PLANO,Case 009,Plot04,2.635,2.5,0.97,9
Simulations/DHP - PLANO - 4000x4000/DHP - PLANO - 4000x4000/Case 009/Plot04/test47.png,test47.png,DHP - PLANO - 4000x4000,PLANO,Case 009,Plot04,2.635,2.5,0.97,9
Simulations/DHP - PLANO - 4000x4000/DHP - PLANO - 4000x4000/Case 009/Plot04/test48.png,test48.png,DHP - PLANO - 4000x4000,PLANO,Case 009,Plot04,2.635,2.5,0.97,9
Simulations/DHP - PLANO - 4000x4000/DHP - PLANO - 4000x4000/Case 009/Plot04/test49.png,test49.png,DHP - PLANO - 4000x4000,PLANO,Case 009,Plot04,2.635,2.5,0.97,9
Simulations/DHP - PLANO - 4000x4000/DHP - PLANO - 4000x4000/Case 010/Plot04/test40.png,test40.png,DHP - PLANO - 4000x4000,PLANO,Case 010,Plot04,4.289999999999999,3.6,0.9,10
Simulations/DHP - PLANO - 4000x4000/DHP - PLANO - 4000x4000/Case 010/Plot04/test41.png,test41.png,DHP - PLANO - 4000x4000,PLANO,Case 010,Plot04,4.289999999999999,3.6,0.9,10
Simulations/DHP - PLANO - 4000x4000/DHP - PLANO - 4000x4000/Case 010/Plot04/test42.png,test42.png,DHP - PLANO - 4000x4000,PLANO,Case 010,Plot04,4.289999999999999,3.6,0.9,10
Simulations/DHP - PLANO - 4000x4000/DHP - PLANO - 4000x4000/Case 010/Plot04/test43.png,test43.png,DHP - PLANO - 4000x4000,PLANO,Case 010,Plot04,4.289999999999999,3.6,0.9,10
Simulations/DHP - PLANO - 4000x4000/DHP - PLANO - 4000x4000/Case 010/Plot04/test44.png,test44.png,DHP - PLANO - 4000x4000,PLANO,Case 010,Plot04,4.289999999999999,3.6,0.9,10
Simulations/DHP - PLANO - 4000x4000/DHP - PLANO - 4000x4000/Case 010/Plot04/test45.png,test45.png,DHP - PLANO - 4000x4000,PLANO,Case 010,Plot04,4.289999999999999,3.6,0.9,10
Simulations/DHP - PLANO - 4000x4000/DHP - PLANO - 4000x4000/Case 010/Plot04/test46.png,test46.png,DHP - PLANO - 4000x4000,PLANO,Case 010,Plot04,4.289999999999999,3.6,0.9,10
Simulations/DHP - PLANO - 4000x4000/DHP - PLANO - 4000x4000/Case 010/Plot04/test47.png,test47.png,DHP - PLANO - 4000x4000,PLANO,Case 010,Plot04,4.289999999999999,3.6,0.9,10
Simulations/DHP - PLANO - 4000x4000/DHP - PLANO - 4000x4000/Case 010/Plot04/test48.png,test48.png,DHP - PLANO - 4000x4000,PLANO,Case 010,Plot04,4.289999999999999,3.6,0.9,10
Simulations/DHP - PLANO - 4000x4000/DHP - PLANO - 4000x4000/Case 010/Plot04/test49.png,test49.png,DHP - PLANO - 4000x4000,PLANO,Case 010,Plot04,4.289999999999999,3.6,0.9,10
Simulations/DHP - PLANO - 4000x4000/DHP - PLANO - 4000x4000/Case 011/Plot04/test40.png,test40.png,DHP - PLANO - 4000x4000,PLANO,Case 011,Plot04,3.0999999999999996,2.2,0.82,11
Simulations/DHP - PLANO - 4000x4000/DHP - PLANO - 4000x4000/Case 011/Plot04/test41.png,test41.png,DHP - PLANO - 4000x4000,PLANO,Case 011,Plot04,3.0999999999999996,2.2,0.82,11
Simulations/DHP - PLANO - 4000x4000/DHP - PLANO - 4000x4000/Case 011/Plot04/test42.png,test42.png,DHP - PLANO - 4000x4000,PLANO,Case 011,Plot04,3.0999999999999996,2.2,0.82,11
Simulations/DHP - PLANO - 4000x4000/DHP - PLANO - 4000x4000/Case 011/Plot04/test43.png,test43.png,DHP - PLANO - 4000x4000,PLANO,Case 011,Plot04,3.0999999999999996,2.2,0.82,11
Simulations/DHP - PLANO - 4000x4000/DHP - PLANO - 4000x4000/Case 011/Plot04/test44.png,test44.png,DHP - PLANO - 4000x4000,PLANO,Case 011,Plot04,3.0999999999999996,2.2,0.82,11
Simulations/DHP - PLANO - 4000x4000/DHP - PLANO - 4000x4000/Case 011/Plot04/test45.png,test45.png,DHP - PLANO - 4000x4000,PLANO,Case 011,Plot04,3.0999999999999996,2.2,0.82,11
Simulations/DHP - PLANO - 4000x4000/DHP - PLANO - 4000x4000/Case 011/Plot04/test46.png,test46.png,DHP - PLANO - 4000x4000,PLANO,Case 011,Plot04,3.0999999999999996,2.2,0.82,11
Simulations/DHP - PLANO - 4000x4000/DHP - PLANO - 4000x4000/Case 011/Plot04/test47.png,test47.png,DHP - PLANO - 4000x4000,PLANO,Case 011,Plot04,3.0999999999999996,2.2,0.82,11
Simulations/DHP - PLANO - 4000x4000/DHP - PLANO - 4000x4000/Case 011/Plot04/test48.png,test48.png,DHP - PLANO - 4000x4000,PLANO,Case 011,Plot04,3.0999999999999996,2.2,0.82,11
Simulations/DHP - PLANO - 4000x4000/DHP - PLANO - 4000x4000/Case 011/Plot04/test49.png,test49.png,DHP - PLANO - 4000x4000,PLANO,Case 011,Plot04,3.0999999999999996,2.2,0.82,11
Simulations/DHP - PLANO - 4000x4000/DHP - PLANO - 4000x4000/Case 012/Plot04/test40.png,test40.png,DHP - PLANO - 4000x4000,PLANO,Case 012,Plot04,3.205,2.5,0.86,12
Simulations/DHP - PLANO - 4000x4000/DHP - PLANO - 4000x4000/Case 012/Plot04/test41.png,test41.png,DHP - PLANO - 4000x4000,PLANO,Case 012,Plot04,3.205,2.5,0.86,12
Simulations/DHP - PLANO - 4000x4000/DHP - PLANO - 4000x4000/Case 012/Plot04/test42.png,test42.png,DHP - PLANO - 4000x4000,PLANO,Case 012,Plot04,3.205,2.5,0.86,12
Simulations/DHP - PLANO - 4000x4000/DHP - PLANO - 4000x4000/Case 012/Plot04/test43.png,test43.png,DHP - PLANO - 4000x4000,PLANO,Case 012,Plot04,3.205,2.5,0.86,12
Simulations/DHP - PLANO - 4000x4000/DHP - PLANO - 4000x4000/Case 012/Plot04/test44.png,test44.png,DHP - PLANO - 4000x4000,PLANO,Case 012,Plot04,3.205,2.5,0.86,12
Simulations/DHP - PLANO - 4000x4000/DHP - PLANO - 4000x4000/Case 012/Plot04/test45.png,test45.png,DHP - PLANO - 4000x4000,PLANO,Case 012,Plot04,3.205,2.5,0.86,12
Simulations/DHP - PLANO - 4000x4000/DHP - PLANO - 4000x4000/Case 012/Plot04/test46.png,test46.png,DHP - PLANO - 4000x4000,PLANO,Case 012,Plot04,3.205,2.5,0.86,12
Simulations/DHP - PLANO - 4000x4000/DHP - PLANO - 4000x4000/Case 012/Plot04/test47.png,test47.png,DHP - PLANO - 4000x4000,PLANO,Case 012,Plot04,3.205,2.5,0.86,12
Simulations/DHP - PLANO - 4000x4000/DHP - PLANO - 4000x4000/Case 012/Plot04/test48.png,test48.png,DHP - PLANO - 4000x4000,PLANO,Case 012,Plot04,3.205,2.5,0.86,12
Simulations/DHP - PLANO - 4000x4000/DHP - PLANO - 4000x4000/Case 012/Plot04/test49.png,test49.png,DHP - PLANO - 4000x4000,PLANO,Case 012,Plot04,3.205,2.5,0.86,12
Simulations/DHP - PLANO - 4000x4000/DHP - PLANO - 4000x4000/Case 013/Plot04/test40.png,test40.png,DHP - PLANO - 4000x4000,PLANO,Case 013,Plot04,4.24,4.0,0.96,13
Simulations/DHP - PLANO - 4000x4000/DHP - PLANO - 4000x4000/Case 013/Plot04/test41.png,test41.png,DHP - PLANO - 4000x4000,PLANO,Case 013,Plot04,4.24,4.0,0.96,13
Simulations/DHP - PLANO - 4000x4000/DHP - PLANO - 4000x4000/Case 013/Plot04/test42.png,test42.png,DHP - PLANO - 4000x4000,PLANO,Case 013,Plot04,4.24,4.0,0.96,13
Simulations/DHP - PLANO - 4000x4000/DHP - PLANO - 4000x4000/Case 013/Plot04/test43.png,test43.png,DHP - PLANO - 4000x4000,PLANO,Case 013,Plot04,4.24,4.0,0.96,13
Simulations/DHP - PLANO - 4000x4000/DHP - PLANO - 4000x4000/Case 013/Plot04/test44.png,test44.png,DHP - PLANO - 4000x4000,PLANO,Case 013,Plot04,4.24,4.0,0.96,13
Simulations/DHP - PLANO - 4000x4000/DHP - PLANO - 4000x4000/Case 013/Plot04/test45.png,test45.png,DHP - PLANO - 4000x4000,PLANO,Case 013,Plot04,4.24,4.0,0.96,13
Simulations/DHP - PLANO - 4000x4000/DHP - PLANO - 4000x4000/Case 013/Plot04/test46.png,test46.png,DHP - PLANO - 4000x4000,PLANO,Case 013,Plot04,4.24,4.0,0.96,13
Simulations/DHP - PLANO - 4000x4000/DHP - PLANO - 4000x4000/Case 013/Plot04/test47.png,test47.png,DHP - PLANO - 4000x4000,PLANO,Case 013,Plot04,4.24,4.0,0.96,13
Simulations/DHP - PLANO - 4000x4000/DHP - PLANO - 4000x4000/Case 013/Plot04/test48.png,test48.png,DHP - PLANO - 4000x4000,PLANO,Case 013,Plot04,4.24,4.0,0.96,13
Simulations/DHP - PLANO - 4000x4000/DHP - PLANO - 4000x4000/Case 013/Plot04/test49.png,test49.png,DHP - PLANO - 4000x4000,PLANO,Case 013,Plot04,4.24,4.0,0.96,13
Simulations/DHP - PLANO - 4000x4000/DHP - PLANO - 4000x4000/Case 014/Plot04/test40.png,test40.png,DHP - PLANO - 4000x4000,PLANO,Case 014,Plot04,2.82,2.1,1.0,14
Simulations/DHP - PLANO - 4000x4000/DHP - PLANO - 4000x4000/Case 014/Plot04/test41.png,test41.png,DHP - PLANO - 4000x4000,PLANO,Case 014,Plot04,2.82,2.1,1.0,14
Simulations/DHP - PLANO - 4000x4000/DHP - PLANO - 4000x4000/Case 014/Plot04/test42.png,test42.png,DHP - PLANO - 4000x4000,PLANO,Case 014,Plot04,2.82,2.1,1.0,14
Simulations/DHP - PLANO - 4000x4000/DHP - PLANO - 4000x4000/Case 014/Plot04/test43.png,test43.png,DHP - PLANO - 4000x4000,PLANO,Case 014,Plot04,2.82,2.1,1.0,14
Simulations/DHP - PLANO - 4000x4000/DHP - PLANO - 4000x4000/Case 014/Plot04/test44.png,test44.png,DHP - PLANO - 4000x4000,PLANO,Case 014,Plot04,2.82,2.1,1.0,14
Simulations/DHP - PLANO - 4000x4000/DHP - PLANO - 4000x4000/Case 014/Plot04/test45.png,test45.png,DHP - PLANO - 4000x4000,PLANO,Case 014,Plot04,2.82,2.1,1.0,14
Simulations/DHP - PLANO - 4000x4000/DHP - PLANO - 4000x4000/Case 014/Plot04/test46.png,test46.png,DHP - PLANO - 4000x4000,PLANO,Case 014,Plot04,2.82,2.1,1.0,14
Simulations/DHP - PLANO - 4000x4000/DHP - PLANO - 4000x4000/Case 014/Plot04/test47.png,test47.png,DHP - PLANO - 4000x4000,PLANO,Case 014,Plot04,2.82,2.1,1.0,14
Simulations/DHP - PLANO - 4000x4000/DHP - PLANO - 4000x4000/Case 014/Plot04/test48.png,test48.png,DHP - PLANO - 4000x4000,PLANO,Case 014,Plot04,2.82,2.1,1.0,14
Simulations/DHP - PLANO - 4000x4000/DHP - PLANO - 4000x4000/Case 014/Plot04/test49.png,test49.png,DHP - PLANO - 4000x4000,PLANO,Case 014,Plot04,2.82,2.1,1.0,14
Simulations/DHP - PLANO - 4000x4000/DHP - PLANO - 4000x4000/Case 015/Plot04/test40.png,test40.png,DHP - PLANO - 4000x4000,PLANO,Case 015,Plot04,3.42,2.7,1.0,15
Simulations/DHP - PLANO - 4000x4000/DHP - PLANO - 4000x4000/Case 015/Plot04/test41.png,test41.png,DHP - PLANO - 4000x4000,PLANO,Case 015,Plot04,3.42,2.7,1.0,15
Simulations/DHP - PLANO - 4000x4000/DHP - PLANO - 4000x4000/Case 015/Plot04/test42.png,test42.png,DHP - PLANO - 4000x4000,PLANO,Case 015,Plot04,3.42,2.7,1.0,15
Simulations/DHP - PLANO - 4000x4000/DHP - PLANO - 4000x4000/Case 015/Plot04/test43.png,test43.png,DHP - PLANO - 4000x4000,PLANO,Case 015,Plot04,3.42,2.7,1.0,15
Simulations/DHP - PLANO - 4000x4000/DHP - PLANO - 4000x4000/Case 015/Plot04/test44.png,test44.png,DHP - PLANO - 4000x4000,PLANO,Case 015,Plot04,3.42,2.7,1.0,15
Simulations/DHP - PLANO - 4000x4000/DHP - PLANO - 4000x4000/Case 015/Plot04/test45.png,test45.png,DHP - PLANO - 4000x4000,PLANO,Case 015,Plot04,3.42,2.7,1.0,15
Simulations/DHP - PLANO - 4000x4000/DHP - PLANO - 4000x4000/Case 015/Plot04/test46.png,test46.png,DHP - PLANO - 4000x4000,PLANO,Case 015,Plot04,3.42,2.7,1.0,15
Simulations/DHP - PLANO - 4000x4000/DHP - PLANO - 4000x4000/Case 015/Plot04/test47.png,test47.png,DHP - PLANO - 4000x4000,PLANO,Case 015,Plot04,3.42,2.7,1.0,15
Simulations/DHP - PLANO - 4000x4000/DHP - PLANO - 4000x4000/Case 015/Plot04/test48.png,test48.png,DHP - PLANO - 4000x4000,PLANO,Case 015,Plot04,3.42,2.7,1.0,15
Simulations/DHP - PLANO - 4000x4000/DHP - PLANO - 4000x4000/Case 015/Plot04/test49.png,test49.png,DHP - PLANO - 4000x4000,PLANO,Case 015,Plot04,3.42,2.7,1.0,15
Simulations/DHP - PLANO - 4000x4000/DHP - PLANO - 4000x4000/Case 016/Plot04/test40.png,test40.png,DHP - PLANO - 4000x4000,PLANO,Case 016,Plot04,5.725,5.5,0.97,16
Simulations/DHP - PLANO - 4000x4000/DHP - PLANO - 4000x4000/Case 016/Plot04/test41.png,test41.png,DHP - PLANO - 4000x4000,PLANO,Case 016,Plot04,5.725,5.5,0.97,16
Simulations/DHP - PLANO - 4000x4000/DHP - PLANO - 4000x4000/Case 016/Plot04/test42.png,test42.png,DHP - PLANO - 4000x4000,PLANO,Case 016,Plot04,5.725,5.5,0.97,16
Simulations/DHP - PLANO - 4000x4000/DHP - PLANO - 4000x4000/Case 016/Plot04/test43.png,test43.png,DHP - PLANO - 4000x4000,PLANO,Case 016,Plot04,5.725,5.5,0.97,16
Simulations/DHP - PLANO - 4000x4000/DHP - PLANO - 4000x4000/Case 016/Plot04/test44.png,test44.png,DHP - PLANO - 4000x4000,PLANO,Case 016,Plot04,5.725,5.5,0.97,16
Simulations/DHP - PLANO - 4000x4000/DHP - PLANO - 4000x4000/Case 016/Plot04/test45.png,test45.png,DHP - PLANO - 4000x4000,PLANO,Case 016,Plot04,5.725,5.5,0.97,16
Simulations/DHP - PLANO - 4000x4000/DHP - PLANO - 4000x4000/Case 016/Plot04/test46.png,test46.png,DHP - PLANO - 4000x4000,PLANO,Case 016,Plot04,5.725,5.5,0.97,16
Simulations/DHP - PLANO - 4000x4000/DHP - PLANO - 4000x4000/Case 016/Plot04/test47.png,test47.png,DHP - PLANO - 4000x4000,PLANO,Case 016,Plot04,5.725,5.5,0.97,16
Simulations/DHP - PLANO - 4000x4000/DHP - PLANO - 4000x4000/Case 016/Plot04/test48.png,test48.png,DHP - PLANO - 4000x4000,PLANO,Case 016,Plot04,5.725,5.5,0.97,16
Simulations/DHP - PLANO - 4000x4000/DHP - PLANO - 4000x4000/Case 016/Plot04/test49.png,test49.png,DHP - PLANO - 4000x4000,PLANO,Case 016,Plot04,5.725,5.5,0.97,16
Simulations/DHP - PLANO - 4000x4000/DHP - PLANO - 4000x4000/Case 017/Plot04/test40.png,test40.png,DHP - PLANO - 4000x4000,PLANO,Case 017,Plot04,5.300000000000001,5.0,0.96,17
Simulations/DHP - PLANO - 4000x4000/DHP - PLANO - 4000x4000/Case 017/Plot04/test41.png,test41.png,DHP - PLANO - 4000x4000,PLANO,Case 017,Plot04,5.300000000000001,5.0,0.96,17
Simulations/DHP - PLANO - 4000x4000/DHP - PLANO - 4000x4000/Case 017/Plot04/test42.png,test42.png,DHP - PLANO - 4000x4000,PLANO,Case 017,Plot04,5.300000000000001,5.0,0.96,17
Simulations/DHP - PLANO - 4000x4000/DHP - PLANO - 4000x4000/Case 017/Plot04/test43.png,test43.png,DHP - PLANO - 4000x4000,PLANO,Case 017,Plot04,5.300000000000001,5.0,0.96,17
Simulations/DHP - PLANO - 4000x4000/DHP - PLANO - 4000x4000/Case 017/Plot04/test44.png,test44.png,DHP - PLANO - 4000x4000,PLANO,Case 017,Plot04,5.300000000000001,5.0,0.96,17
Simulations/DHP - PLANO - 4000x4000/DHP - PLANO - 4000x4000/Case 017/Plot04/test45.png,test45.png,DHP - PLANO - 4000x4000,PLANO,Case 017,Plot04,5.300000000000001,5.0,0.96,17
Simulations/DHP - PLANO - 4000x4000/DHP - PLANO - 4000x4000/Case 017/Plot04/test46.png,test46.png,DHP - PLANO - 4000x4000,PLANO,Case 017,Plot04,5.300000000000001,5.0,0.96,17
Simulations/DHP - PLANO - 4000x4000/DHP - PLANO - 4000x4000/Case 017/Plot04/test47.png,test47.png,DHP - PLANO - 4000x4000,PLANO,Case 017,Plot04,5.300000000000001,5.0,0.96,17
Simulations/DHP - PLANO - 4000x4000/DHP - PLANO - 4000x4000/Case 017/Plot04/test48.png,test48.png,DHP - PLANO - 4000x4000,PLANO,Case 017,Plot04,5.300000000000001,5.0,0.96,17
Simulations/DHP - PLANO - 4000x4000/DHP - PLANO - 4000x4000/Case 017/Plot04/test49.png,test49.png,DHP - PLANO - 4000x4000,PLANO,Case 017,Plot04,5.300000000000001,5.0,0.96,17
Simulations/DHP - PLANO - 4000x4000/DHP - PLANO - 4000x4000/Case 018/Plot04/test40.png,test40.png,DHP - PLANO - 4000x4000,PLANO,Case 018,Plot04,1.165,1.0,0.91,18
Simulations/DHP - PLANO - 4000x4000/DHP - PLANO - 4000x4000/Case 018/Plot04/test41.png,test41.png,DHP - PLANO - 4000x4000,PLANO,Case 018,Plot04,1.165,1.0,0.91,18
Simulations/DHP - PLANO - 4000x4000/DHP - PLANO - 4000x4000/Case 018/Plot04/test42.png,test42.png,DHP - PLANO - 4000x4000,PLANO,Case 018,Plot04,1.165,1.0,0.91,18
Simulations/DHP - PLANO - 4000x4000/DHP - PLANO - 4000x4000/Case 018/Plot04/test43.png,test43.png,DHP - PLANO - 4000x4000,PLANO,Case 018,Plot04,1.165,1.0,0.91,18
Simulations/DHP - PLANO - 4000x4000/DHP - PLANO - 4000x4000/Case 018/Plot04/test44.png,test44.png,DHP - PLANO - 4000x4000,PLANO,Case 018,Plot04,1.165,1.0,0.91,18
Simulations/DHP - PLANO - 4000x4000/DHP - PLANO - 4000x4000/Case 018/Plot04/test45.png,test45.png,DHP - PLANO - 4000x4000,PLANO,Case 018,Plot04,1.165,1.0,0.91,18
Simulations/DHP - PLANO - 4000x4000/DHP - PLANO - 4000x4000/Case 018/Plot04/test46.png,test46.png,DHP - PLANO - 4000x4000,PLANO,Case 018,Plot04,1.165,1.0,0.91,18
Simulations/DHP - PLANO - 4000x4000/DHP - PLANO - 4000x4000/Case 018/Plot04/test47.png,test47.png,DHP - PLANO - 4000x4000,PLANO,Case 018,Plot04,1.165,1.0,0.91,18
Simulations/DHP - PLANO - 4000x4000/DHP - PLANO - 4000x4000/Case 018/Plot04/test48.png,test48.png,DHP - PLANO - 4000x4000,PLANO,Case 018,Plot04,1.165,1.0,0.91,18
Simulations/DHP - PLANO - 4000x4000/DHP - PLANO - 4000x4000/Case 018/Plot04/test49.png,test49.png,DHP - PLANO - 4000x4000,PLANO,Case 018,Plot04,1.165,1.0,0.91,18
Simulations/DHP - PLANO - 4000x4000/DHP - PLANO - 4000x4000/Case 019/Plot04/test40.png,test40.png,DHP - PLANO - 4000x4000,PLANO,Case 019,Plot04,3.195,3.0,0.96,19
Simulations/DHP - PLANO - 4000x4000/DHP - PLANO - 4000x4000/Case 019/Plot04/test41.png,test41.png,DHP - PLANO - 4000x4000,PLANO,Case 019,Plot04,3.195,3.0,0.96,19
Simulations/DHP - PLANO - 4000x4000/DHP - PLANO - 4000x4000/Case 019/Plot04/test42.png,test42.png,DHP - PLANO - 4000x4000,PLANO,Case 019,Plot04,3.195,3.0,0.96,19
Simulations/DHP - PLANO - 4000x4000/DHP - PLANO - 4000x4000/Case 019/Plot04/test43.png,test43.png,DHP - PLANO - 4000x4000,PLANO,Case 019,Plot04,3.195,3.0,0.96,19
Simulations/DHP - PLANO - 4000x4000/DHP - PLANO - 4000x4000/Case 019/Plot04/test44.png,test44.png,DHP - PLANO - 4000x4000,PLANO,Case 019,Plot04,3.195,3.0,0.96,19
Simulations/DHP - PLANO - 4000x4000/DHP - PLANO - 4000x4000/Case 019/Plot04/test45.png,test45.png,DHP - PLANO - 4000x4000,PLANO,Case 019,Plot04,3.195,3.0,0.96,19
Simulations/DHP - PLANO - 4000x4000/DHP - PLANO - 4000x4000/Case 019/Plot04/test46.png,test46.png,DHP - PLANO - 4000x4000,PLANO,Case 019,Plot04,3.195,3.0,0.96,19
Simulations/DHP - PLANO - 4000x4000/DHP - PLANO - 4000x4000/Case 019/Plot04/test47.png,test47.png,DHP - PLANO - 4000x4000,PLANO,Case 019,Plot04,3.195,3.0,0.96,19
Simulations/DHP - PLANO - 4000x4000/DHP - PLANO - 4000x4000/Case 019/Plot04/test48.png,test48.png,DHP - PLANO - 4000x4000,PLANO,Case 019,Plot04,3.195,3.0,0.96,19
Simulations/DHP - PLANO - 4000x4000/DHP - PLANO - 4000x4000/Case 019/Plot04/test49.png,test49.png,DHP - PLANO - 4000x4000,PLANO,Case 019,Plot04,3.195,3.0,0.96,19
Simulations/DHP - PLANO - 4000x4000/DHP - PLANO - 4000x4000/Case 020/Plot04/test40.png,test40.png,DHP - PLANO - 4000x4000,PLANO,Case 020,Plot04,1.415,1.25,0.93,20
Simulations/DHP - PLANO - 4000x4000/DHP - PLANO - 4000x4000/Case 020/Plot04/test41.png,test41.png,DHP - PLANO - 4000x4000,PLANO,Case 020,Plot04,1.415,1.25,0.93,20
Simulations/DHP - PLANO - 4000x4000/DHP - PLANO - 4000x4000/Case 020/Plot04/test42.png,test42.png,DHP - PLANO - 4000x4000,PLANO,Case 020,Plot04,1.415,1.25,0.93,20
Simulations/DHP - PLANO - 4000x4000/DHP - PLANO - 4000x4000/Case 020/Plot04/test43.png,test43.png,DHP - PLANO - 4000x4000,PLANO,Case 020,Plot04,1.415,1.25,0.93,20
Simulations/DHP - PLANO - 4000x4000/DHP - PLANO - 4000x4000/Case 020/Plot04/test44.png,test44.png,DHP - PLANO - 4000x4000,PLANO,Case 020,Plot04,1.415,1.25,0.93,20
Simulations/DHP - PLANO - 4000x4000/DHP - PLANO - 4000x4000/Case 020/Plot04/test45.png,test45.png,DHP - PLANO - 4000x4000,PLANO,Case 020,Plot04,1.415,1.25,0.93,20
Simulations/DHP - PLANO - 4000x4000/DHP - PLANO - 4000x4000/Case 020/Plot04/test46.png,test46.png,DHP - PLANO - 4000x4000,PLANO,Case 020,Plot04,1.415,1.25,0.93,20
Simulations/DHP - PLANO - 4000x4000/DHP - PLANO - 4000x4000/Case 020/Plot04/test47.png,test47.png,DHP - PLANO - 4000x4000,PLANO,Case 020,Plot04,1.415,1.25,0.93,20
Simulations/DHP - PLANO - 4000x4000/DHP - PLANO - 4000x4000/Case 020/Plot04/test48.png,test48.png,DHP - PLANO - 4000x4000,PLANO,Case 020,Plot04,1.415,1.25,0.93,20
Simulations/DHP - PLANO - 4000x4000/DHP - PLANO - 4000x4000/Case 020/Plot04/test49.png,test49.png,DHP - PLANO - 4000x4000,PLANO,Case 020,Plot04,1.415,1.25,0.93,20
Simulations/DHP - PLANO - 4000x4000/DHP - PLANO - 4000x4000/Case 021/Plot04/test40.png,test40.png,DHP - PLANO - 4000x4000,PLANO,Case 021,Plot04,1.415,1.25,0.93,21
Simulations/DHP - PLANO - 4000x4000/DHP - PLANO - 4000x4000/Case 021/Plot04/test41.png,test41.png,DHP - PLANO - 4000x4000,PLANO,Case 021,Plot04,1.415,1.25,0.93,21
Simulations/DHP - PLANO - 4000x4000/DHP - PLANO - 4000x4000/Case 021/Plot04/test42.png,test42.png,DHP - PLANO - 4000x4000,PLANO,Case 021,Plot04,1.415,1.25,0.93,21
Simulations/DHP - PLANO - 4000x4000/DHP - PLANO - 4000x4000/Case 021/Plot04/test43.png,test43.png,DHP - PLANO - 4000x4000,PLANO,Case 021,Plot04,1.415,1.25,0.93,21
Simulations/DHP - PLANO - 4000x4000/DHP - PLANO - 4000x4000/Case 021/Plot04/test44.png,test44.png,DHP - PLANO - 4000x4000,PLANO,Case 021,Plot04,1.415,1.25,0.93,21
Simulations/DHP - PLANO - 4000x4000/DHP - PLANO - 4000x4000/Case 021/Plot04/test45.png,test45.png,DHP - PLANO - 4000x4000,PLANO,Case 021,Plot04,1.415,1.25,0.93,21
Simulations/DHP - PLANO - 4000x4000/DHP - PLANO - 4000x4000/Case 021/Plot04/test46.png,test46.png,DHP - PLANO - 4000x4000,PLANO,Case 021,Plot04,1.415,1.25,0.93,21
Simulations/DHP - PLANO - 4000x4000/DHP - PLANO - 4000x4000/Case 021/Plot04/test47.png,test47.png,DHP - PLANO - 4000x4000,PLANO,Case 021,Plot04,1.415,1.25,0.93,21
Simulations/DHP - PLANO - 4000x4000/DHP - PLANO - 4000x4000/Case 021/Plot04/test48.png,test48.png,DHP - PLANO - 4000x4000,PLANO,Case 021,Plot04,1.415,1.25,0.93,21
Simulations/DHP - PLANO - 4000x4000/DHP - PLANO - 4000x4000/Case 021/Plot04/test49.png,test49.png,DHP - PLANO - 4000x4000,PLANO,Case 021,Plot04,1.415,1.25,0.93,21
Simulations/DHP - PLANO - 4000x4000/DHP - PLANO - 4000x4000/Case 022/Plot04/test40.png,test40.png,DHP - PLANO - 4000x4000,PLANO,Case 022,Plot04,0.31,0.25,0.88,22
Simulations/DHP - PLANO - 4000x4000/DHP - PLANO - 4000x4000/Case 022/Plot04/test41.png,test41.png,DHP - PLANO - 4000x4000,PLANO,Case 022,Plot04,0.31,0.25,0.88,22
Simulations/DHP - PLANO - 4000x4000/DHP - PLANO - 4000x4000/Case 022/Plot04/test42.png,test42.png,DHP - PLANO - 4000x4000,PLANO,Case 022,Plot04,0.31,0.25,0.88,22
Simulations/DHP - PLANO - 4000x4000/DHP - PLANO - 4000x4000/Case 022/Plot04/test43.png,test43.png,DHP - PLANO - 4000x4000,PLANO,Case 022,Plot04,0.31,0.25,0.88,22
Simulations/DHP - PLANO - 4000x4000/DHP - PLANO - 4000x4000/Case 022/Plot04/test44.png,test44.png,DHP - PLANO - 4000x4000,PLANO,Case 022,Plot04,0.31,0.25,0.88,22
Simulations/DHP - PLANO - 4000x4000/DHP - PLANO - 4000x4000/Case 022/Plot04/test45.png,test45.png,DHP - PLANO - 4000x4000,PLANO,Case 022,Plot04,0.31,0.25,0.88,22
Simulations/DHP - PLANO - 4000x4000/DHP - PLANO - 4000x4000/Case 022/Plot04/test46.png,test46.png,DHP - PLANO - 4000x4000,PLANO,Case 022,Plot04,0.31,0.25,0.88,22
Simulations/DHP - PLANO - 4000x4000/DHP - PLANO - 4000x4000/Case 022/Plot04/test47.png,test47.png,DHP - PLANO - 4000x4000,PLANO,Case 022,Plot04,0.31,0.25,0.88,22
Simulations/DHP - PLANO - 4000x4000/DHP - PLANO - 4000x4000/Case 022/Plot04/test48.png,test48.png,DHP - PLANO - 4000x4000,PLANO,Case 022,Plot04,0.31,0.25,0.88,22
Simulations/DHP - PLANO - 4000x4000/DHP - PLANO - 4000x4000/Case 022/Plot04/test49.png,test49.png,DHP - PLANO - 4000x4000,PLANO,Case 022,Plot04,0.31,0.25,0.88,22
Simulations/DHP - PLANO - 4000x4000/DHP - PLANO - 4000x4000/Case 023/Plot04/test40.png,test40.png,DHP - PLANO - 4000x4000,PLANO,Case 023,Plot04,0.31,0.25,0.88,23
Simulations/DHP - PLANO - 4000x4000/DHP - PLANO - 4000x4000/Case 023/Plot04/test41.png,test41.png,DHP - PLANO - 4000x4000,PLANO,Case 023,Plot04,0.31,0.25,0.88,23
Simulations/DHP - PLANO - 4000x4000/DHP - PLANO - 4000x4000/Case 023/Plot04/test42.png,test42.png,DHP - PLANO - 4000x4000,PLANO,Case 023,Plot04,0.31,0.25,0.88,23
Simulations/DHP - PLANO - 4000x4000/DHP - PLANO - 4000x4000/Case 023/Plot04/test43.png,test43.png,DHP - PLANO - 4000x4000,PLANO,Case 023,Plot04,0.31,0.25,0.88,23
Simulations/DHP - PLANO - 4000x4000/DHP - PLANO - 4000x4000/Case 023/Plot04/test44.png,test44.png,DHP - PLANO - 4000x4000,PLANO,Case 023,Plot04,0.31,0.25,0.88,23
Simulations/DHP - PLANO - 4000x4000/DHP - PLANO - 4000x4000/Case 023/Plot04/test45.png,test45.png,DHP - PLANO - 4000x4000,PLANO,Case 023,Plot04,0.31,0.25,0.88,23
Simulations/DHP - PLANO - 4000x4000/DHP - PLANO - 4000x4000/Case 023/Plot04/test46.png,test46.png,DHP - PLANO - 4000x4000,PLANO,Case 023,Plot04,0.31,0.25,0.88,23
Simulations/DHP - PLANO - 4000x4000/DHP - PLANO - 4000x4000/Case 023/Plot04/test47.png,test47.png,DHP - PLANO - 4000x4000,PLANO,Case 023,Plot04,0.31,0.25,0.88,23
Simulations/DHP - PLANO - 4000x4000/DHP - PLANO - 4000x4000/Case 023/Plot04/test48.png,test48.png,DHP - PLANO - 4000x4000,PLANO,Case 023,Plot04,0.31,0.25,0.88,23
Simulations/DHP - PLANO - 4000x4000/DHP - PLANO - 4000x4000/Case 023/Plot04/test49.png,test49.png,DHP - PLANO - 4000x4000,PLANO,Case 023,Plot04,0.31,0.25,0.88,23
Simulations/DHP - PLANO - 4000x4000/DHP - PLANO - 4000x4000/Case 024/Plot04/test40.png,test40.png,DHP - PLANO - 4000x4000,PLANO,Case 024,Plot04,4.735,4.0,0.9,24
Simulations/DHP - PLANO - 4000x4000/DHP - PLANO - 4000x4000/Case 024/Plot04/test41.png,test41.png,DHP - PLANO - 4000x4000,PLANO,Case 024,Plot04,4.735,4.0,0.9,24
Simulations/DHP - PLANO - 4000x4000/DHP - PLANO - 4000x4000/Case 024/Plot04/test42.png,test42.png,DHP - PLANO - 4000x4000,PLANO,Case 024,Plot04,4.735,4.0,0.9,24
Simulations/DHP - PLANO - 4000x4000/DHP - PLANO - 4000x4000/Case 024/Plot04/test43.png,test43.png,DHP - PLANO - 4000x4000,PLANO,Case 024,Plot04,4.735,4.0,0.9,24
Simulations/DHP - PLANO - 4000x4000/DHP - PLANO - 4000x4000/Case 024/Plot04/test44.png,test44.png,DHP - PLANO - 4000x4000,PLANO,Case 024,Plot04,4.735,4.0,0.9,24
Simulations/DHP - PLANO - 4000x4000/DHP - PLANO - 4000x4000/Case 024/Plot04/test45.png,test45.png,DHP - PLANO - 4000x4000,PLANO,Case 024,Plot04,4.735,4.0,0.9,24
Simulations/DHP - PLANO - 4000x4000/DHP - PLANO - 4000x4000/Case 024/Plot04/test46.png,test46.png,DHP - PLANO - 4000x4000,PLANO,Case 024,Plot04,4.735,4.0,0.9,24
Simulations/DHP - PLANO - 4000x4000/DHP - PLANO - 4000x4000/Case 024/Plot04/test47.png,test47.png,DHP - PLANO - 4000x4000,PLANO,Case 024,Plot04,4.735,4.0,0.9,24
Simulations/DHP - PLANO - 4000x4000/DHP - PLANO - 4000x4000/Case 024/Plot04/test48.png,test48.png,DHP - PLANO - 4000x4000,PLANO,Case 024,Plot04,4.735,4.0,0.9,24
Simulations/DHP - PLANO - 4000x4000/DHP - PLANO - 4000x4000/Case 024/Plot04/test49.png,test49.png,DHP - PLANO - 4000x4000,PLANO,Case 024,Plot04,4.735,4.0,0.9,24
Simulations/DHP - PLANO - 4000x4000/DHP - PLANO - 4000x4000/Case 025/Plot04/test40.png,test40.png,DHP - PLANO - 4000x4000,PLANO,Case 025,Plot04,4.074999999999999,4.0,0.99,25
Simulations/DHP - PLANO - 4000x4000/DHP - PLANO - 4000x4000/Case 025/Plot04/test41.png,test41.png,DHP - PLANO - 4000x4000,PLANO,Case 025,Plot04,4.074999999999999,4.0,0.99,25
Simulations/DHP - PLANO - 4000x4000/DHP - PLANO - 4000x4000/Case 025/Plot04/test42.png,test42.png,DHP - PLANO - 4000x4000,PLANO,Case 025,Plot04,4.074999999999999,4.0,0.99,25
Simulations/DHP - PLANO - 4000x4000/DHP - PLANO - 4000x4000/Case 025/Plot04/test43.png,test43.png,DHP - PLANO - 4000x4000,PLANO,Case 025,Plot04,4.074999999999999,4.0,0.99,25
Simulations/DHP - PLANO - 4000x4000/DHP - PLANO - 4000x4000/Case 025/Plot04/test44.png,test44.png,DHP - PLANO - 4000x4000,PLANO,Case 025,Plot04,4.074999999999999,4.0,0.99,25
Simulations/DHP - PLANO - 4000x4000/DHP - PLANO - 4000x4000/Case 025/Plot04/test45.png,test45.png,DHP - PLANO - 4000x4000,PLANO,Case 025,Plot04,4.074999999999999,4.0,0.99,25
Simulations/DHP - PLANO - 4000x4000/DHP - PLANO - 4000x4000/Case 025/Plot04/test46.png,test46.png,DHP - PLANO - 4000x4000,PLANO,Case 025,Plot04,4.074999999999999,4.0,0.99,25
Simulations/DHP - PLANO - 4000x4000/DHP - PLANO - 4000x4000/Case 025/Plot04/test47.png,test47.png,DHP - PLANO - 4000x4000,PLANO,Case 025,Plot04,4.074999999999999,4.0,0.99,25
Simulations/DHP - PLANO - 4000x4000/DHP - PLANO - 4000x4000/Case 025/Plot04/test48.png,test48.png,DHP - PLANO - 4000x4000,PLANO,Case 025,Plot04,4.074999999999999,4.0,0.99,25
Simulations/DHP - PLANO - 4000x4000/DHP - PLANO - 4000x4000/Case 025/Plot04/test49.png,test49.png,DHP - PLANO - 4000x4000,PLANO,Case 025,Plot04,4.074999999999999,4.0,0.99,25
Simulations/DHP - PLANO - 4000x4000/DHP - PLANO - 4000x4000/Case 026/Plot04/test40.png,test40.png,DHP - PLANO - 4000x4000,PLANO,Case 026,Plot04,5.074999999999999,5.0,0.99,26
Simulations/DHP - PLANO - 4000x4000/DHP - PLANO - 4000x4000/Case 026/Plot04/test41.png,test41.png,DHP - PLANO - 4000x4000,PLANO,Case 026,Plot04,5.074999999999999,5.0,0.99,26
Simulations/DHP - PLANO - 4000x4000/DHP - PLANO - 4000x4000/Case 026/Plot04/test42.png,test42.png,DHP - PLANO - 4000x4000,PLANO,Case 026,Plot04,5.074999999999999,5.0,0.99,26
Simulations/DHP - PLANO - 4000x4000/DHP - PLANO - 4000x4000/Case 026/Plot04/test43.png,test43.png,DHP - PLANO - 4000x4000,PLANO,Case 026,Plot04,5.074999999999999,5.0,0.99,26
Simulations/DHP - PLANO - 4000x4000/DHP - PLANO - 4000x4000/Case 026/Plot04/test44.png,test44.png,DHP - PLANO - 4000x4000,PLANO,Case 026,Plot04,5.074999999999999,5.0,0.99,26
Simulations/DHP - PLANO - 4000x4000/DHP - PLANO - 4000x4000/Case 026/Plot04/test45.png,test45.png,DHP - PLANO - 4000x4000,PLANO,Case 026,Plot04,5.074999999999999,5.0,0.99,26
Simulations/DHP - PLANO - 4000x4000/DHP - PLANO - 4000x4000/Case 026/Plot04/test46.png,test46.png,DHP - PLANO - 4000x4000,PLANO,Case 026,Plot04,5.074999999999999,5.0,0.99,26
Simulations/DHP - PLANO - 4000x4000/DHP - PLANO - 4000x4000/Case 026/Plot04/test47.png,test47.png,DHP - PLANO - 4000x4000,PLANO,Case 026,Plot04,5.074999999999999,5.0,0.99,26
Simulations/DHP - PLANO - 4000x4000/DHP - PLANO - 4000x4000/Case 026/Plot04/test48.png,test48.png,DHP - PLANO - 4000x4000,PLANO,Case 026,Plot04,5.074999999999999,5.0,0.99,26
Simulations/DHP - PLANO - 4000x4000/DHP - PLANO - 4000x4000/Case 026/Plot04/test49.png,test49.png,DHP - PLANO - 4000x4000,PLANO,Case 026,Plot04,5.074999999999999,5.0,0.99,26
Simulations/DHP - PLANO - 4000x4000/DHP - PLANO - 4000x4000/Case 027/Plot04/test40.png,test40.png,DHP - PLANO - 4000x4000,PLANO,Case 027,Plot04,6.074999999999999,6.0,0.99,27
Simulations/DHP - PLANO - 4000x4000/DHP - PLANO - 4000x4000/Case 027/Plot04/test41.png,test41.png,DHP - PLANO - 4000x4000,PLANO,Case 027,Plot04,6.074999999999999,6.0,0.99,27
Simulations/DHP - PLANO - 4000x4000/DHP - PLANO - 4000x4000/Case 027/Plot04/test42.png,test42.png,DHP - PLANO - 4000x4000,PLANO,Case 027,Plot04,6.074999999999999,6.0,0.99,27
Simulations/DHP - PLANO - 4000x4000/DHP - PLANO - 4000x4000/Case 027/Plot04/test43.png,test43.png,DHP - PLANO - 4000x4000,PLANO,Case 027,Plot04,6.074999999999999,6.0,0.99,27
Simulations/DHP - PLANO - 4000x4000/DHP - PLANO - 4000x4000/Case 027/Plot04/test44.png,test44.png,DHP - PLANO - 4000x4000,PLANO,Case 027,Plot04,6.074999999999999,6.0,0.99,27
Simulations/DHP - PLANO - 4000x4000/DHP - PLANO - 4000x4000/Case 027/Plot04/test45.png,test45.png,DHP - PLANO - 4000x4000,PLANO,Case 027,Plot04,6.074999999999999,6.0,0.99,27
Simulations/DHP - PLANO - 4000x4000/DHP - PLANO - 4000x4000/Case 027/Plot04/test46.png,test46.png,DHP - PLANO - 4000x4000,PLANO,Case 027,Plot04,6.074999999999999,6.0,0.99,27
Simulations/DHP - PLANO - 4000x4000/DHP - PLANO - 4000x4000/Case 027/Plot04/test47.png,test47.png,DHP - PLANO - 4000x4000,PLANO,Case 027,Plot04,6.074999999999999,6.0,0.99,27
Simulations/DHP - PLANO - 4000x4000/DHP - PLANO - 4000x4000/Case 027/Plot04/test48.png,test48.png,DHP - PLANO - 4000x4000,PLANO,Case 027,Plot04,6.074999999999999,6.0,0.99,27
Simulations/DHP - PLANO - 4000x4000/DHP - PLANO - 4000x4000/Case 027/Plot04/test49.png,test49.png,DHP - PLANO - 4000x4000,PLANO,Case 027,Plot04,6.074999999999999,6.0,0.99,27
Simulations/DHP - PLANO - 4000x4000/DHP - PLANO - 4000x4000/Case 028/Plot04/test40.png,test40.png,DHP - PLANO - 4000x4000,PLANO,Case 028,Plot04,7.735,7.0,0.94,28
Simulations/DHP - PLANO - 4000x4000/DHP - PLANO - 4000x4000/Case 028/Plot04/test41.png,test41.png,DHP - PLANO - 4000x4000,PLANO,Case 028,Plot04,7.735,7.0,0.94,28
Simulations/DHP - PLANO - 4000x4000/DHP - PLANO - 4000x4000/Case 028/Plot04/test42.png,test42.png,DHP - PLANO - 4000x4000,PLANO,Case 028,Plot04,7.735,7.0,0.94,28
Simulations/DHP - PLANO - 4000x4000/DHP - PLANO - 4000x4000/Case 028/Plot04/test43.png,test43.png,DHP - PLANO - 4000x4000,PLANO,Case 028,Plot04,7.735,7.0,0.94,28
Simulations/DHP - PLANO - 4000x4000/DHP - PLANO - 4000x4000/Case 028/Plot04/test44.png,test44.png,DHP - PLANO - 4000x4000,PLANO,Case 028,Plot04,7.735,7.0,0.94,28
Simulations/DHP - PLANO - 4000x4000/DHP - PLANO - 4000x4000/Case 028/Plot04/test45.png,test45.png,DHP - PLANO - 4000x4000,PLANO,Case 028,Plot04,7.735,7.0,0.94,28
Simulations/DHP - PLANO - 4000x4000/DHP - PLANO - 4000x4000/Case 028/Plot04/test46.png,test46.png,DHP - PLANO - 4000x4000,PLANO,Case 028,Plot04,7.735,7.0,0.94,28
Simulations/DHP - PLANO - 4000x4000/DHP - PLANO - 4000x4000/Case 028/Plot04/test47.png,test47.png,DHP - PLANO - 4000x4000,PLANO,Case 028,Plot04,7.735,7.0,0.94,28
Simulations/DHP - PLANO - 4000x4000/DHP - PLANO - 4000x4000/Case 028/Plot04/test48.png,test48.png,DHP - PLANO - 4000x4000,PLANO,Case 028,Plot04,7.735,7.0,0.94,28
Simulations/DHP - PLANO - 4000x4000/DHP - PLANO - 4000x4000/Case 028/Plot04/test49.png,test49.png,DHP - PLANO - 4000x4000,PLANO,Case 028,Plot04,7.735,7.0,0.94,28
Simulations/DHP - PLANO - 4000x4000/DHP - PLANO - 4000x4000/Case 029/Plot04/test40.png,test40.png,DHP - PLANO - 4000x4000,PLANO,Case 029,Plot04,3.21,2.85,1.0,29
Simulations/DHP - PLANO - 4000x4000/DHP - PLANO - 4000x4000/Case 029/Plot04/test41.png,test41.png,DHP - PLANO - 4000x4000,PLANO,Case 029,Plot04,3.21,2.85,1.0,29
Simulations/DHP - PLANO - 4000x4000/DHP - PLANO - 4000x4000/Case 029/Plot04/test42.png,test42.png,DHP - PLANO - 4000x4000,PLANO,Case 029,Plot04,3.21,2.85,1.0,29
Simulations/DHP - PLANO - 4000x4000/DHP - PLANO - 4000x4000/Case 029/Plot04/test43.png,test43.png,DHP - PLANO - 4000x4000,PLANO,Case 029,Plot04,3.21,2.85,1.0,29
Simulations/DHP - PLANO - 4000x4000/DHP - PLANO - 4000x4000/Case 029/Plot04/test44.png,test44.png,DHP - PLANO - 4000x4000,PLANO,Case 029,Plot04,3.21,2.85,1.0,29
Simulations/DHP - PLANO - 4000x4000/DHP - PLANO - 4000x4000/Case 029/Plot04/test45.png,test45.png,DHP - PLANO - 4000x4000,PLANO,Case 029,Plot04,3.21,2.85,1.0,29
Simulations/DHP - PLANO - 4000x4000/DHP - PLANO - 4000x4000/Case 029/Plot04/test46.png,test46.png,DHP - PLANO - 4000x4000,PLANO,Case 029,Plot04,3.21,2.85,1.0,29
Simulations/DHP - PLANO - 4000x4000/DHP - PLANO - 4000x4000/Case 029/Plot04/test47.png,test47.png,DHP - PLANO - 4000x4000,PLANO,Case 029,Plot04,3.21,2.85,1.0,29
Simulations/DHP - PLANO - 4000x4000/DHP - PLANO - 4000x4000/Case 029/Plot04/test48.png,test48.png,DHP - PLANO - 4000x4000,PLANO,Case 029,Plot04,3.21,2.85,1.0,29
Simulations/DHP - PLANO - 4000x4000/DHP - PLANO - 4000x4000/Case 029/Plot04/test49.png,test49.png,DHP - PLANO - 4000x4000,PLANO,Case 029,Plot04,3.21,2.85,1.0,29
Simulations/DHP - PLANO - 4000x4000/DHP - PLANO - 4000x4000/Case 030/Plot04/test40.png,test40.png,DHP - PLANO - 4000x4000,PLANO,Case 030,Plot04,3.55,2.2,0.78,30
Simulations/DHP - PLANO - 4000x4000/DHP - PLANO - 4000x4000/Case 030/Plot04/test41.png,test41.png,DHP - PLANO - 4000x4000,PLANO,Case 030,Plot04,3.55,2.2,0.78,30
Simulations/DHP - PLANO - 4000x4000/DHP - PLANO - 4000x4000/Case 030/Plot04/test42.png,test42.png,DHP - PLANO - 4000x4000,PLANO,Case 030,Plot04,3.55,2.2,0.78,30
Simulations/DHP - PLANO - 4000x4000/DHP - PLANO - 4000x4000/Case 030/Plot04/test43.png,test43.png,DHP - PLANO - 4000x4000,PLANO,Case 030,Plot04,3.55,2.2,0.78,30
Simulations/DHP - PLANO - 4000x4000/DHP - PLANO - 4000x4000/Case 030/Plot04/Test44.png,Test44.png,DHP - PLANO - 4000x4000,PLANO,Case 030,Plot04,3.55,2.2,0.78,30
Simulations/DHP - PLANO - 4000x4000/DHP - PLANO - 4000x4000/Case 030/Plot04/test45.png,test45.png,DHP - PLANO - 4000x4000,PLANO,Case 030,Plot04,3.55,2.2,0.78,30
Simulations/DHP - PLANO - 4000x4000/DHP - PLANO - 4000x4000/Case 030/Plot04/test46.png,test46.png,DHP - PLANO - 4000x4000,PLANO,Case 030,Plot04,3.55,2.2,0.78,30
Simulations/DHP - PLANO - 4000x4000/DHP - PLANO - 4000x4000/Case 030/Plot04/test47.png,test47.png,DHP - PLANO - 4000x4000,PLANO,Case 030,Plot04,3.55,2.2,0.78,30
Simulations/DHP - PLANO - 4000x4000/DHP - PLANO - 4000x4000/Case 030/Plot04/test48.png,test48.png,DHP - PLANO - 4000x4000,PLANO,Case 030,Plot04,3.55,2.2,0.78,30
Simulations/DHP - PLANO - 4000x4000/DHP - PLANO - 4000x4000/Case 030/Plot04/test49.png,test49.png,DHP - PLANO - 4000x4000,PLANO,Case 030,Plot04,3.55,2.2,0.78,30
Simulations/DHP - PLANO - 4000x4000/DHP - PLANO - 4000x4000/Case 031/Plot04/test40.png,test40.png,DHP - PLANO - 4000x4000,PLANO,Case 031,Plot04,3.79,3.1,0.89,31
Simulations/DHP - PLANO - 4000x4000/DHP - PLANO - 4000x4000/Case 031/Plot04/test41.png,test41.png,DHP - PLANO - 4000x4000,PLANO,Case 031,Plot04,3.79,3.1,0.89,31
Simulations/DHP - PLANO - 4000x4000/DHP - PLANO - 4000x4000/Case 031/Plot04/test42.png,test42.png,DHP - PLANO - 4000x4000,PLANO,Case 031,Plot04,3.79,3.1,0.89,31
Simulations/DHP - PLANO - 4000x4000/DHP - PLANO - 4000x4000/Case 031/Plot04/test43.png,test43.png,DHP - PLANO - 4000x4000,PLANO,Case 031,Plot04,3.79,3.1,0.89,31
Simulations/DHP - PLANO - 4000x4000/DHP - PLANO - 4000x4000/Case 031/Plot04/test44.png,test44.png,DHP - PLANO - 4000x4000,PLANO,Case 031,Plot04,3.79,3.1,0.89,31
Simulations/DHP - PLANO - 4000x4000/DHP - PLANO - 4000x4000/Case 031/Plot04/test45.png,test45.png,DHP - PLANO - 4000x4000,PLANO,Case 031,Plot04,3.79,3.1,0.89,31
Simulations/DHP - PLANO - 4000x4000/DHP - PLANO - 4000x4000/Case 031/Plot04/test46.png,test46.png,DHP - PLANO - 4000x4000,PLANO,Case 031,Plot04,3.79,3.1,0.89,31
Simulations/DHP - PLANO - 4000x4000/DHP - PLANO - 4000x4000/Case 031/Plot04/test47.png,test47.png,DHP - PLANO - 4000x4000,PLANO,Case 031,Plot04,3.79,3.1,0.89,31
Simulations/DHP - PLANO - 4000x4000/DHP - PLANO - 4000x4000/Case 031/Plot04/test48.png,test48.png,DHP - PLANO - 4000x4000,PLANO,Case 031,Plot04,3.79,3.1,0.89,31
Simulations/DHP - PLANO - 4000x4000/DHP - PLANO - 4000x4000/Case 031/Plot04/test49.png,test49.png,DHP - PLANO - 4000x4000,PLANO,Case 031,Plot04,3.79,3.1,0.89,31
Simulations/DHP - PLANO - 4000x4000/DHP - PLANO - 4000x4000/Case 032/Plot04/test40.png,test40.png,DHP - PLANO - 4000x4000,PLANO,Case 032,Plot04,3.55,2.2,0.78,32
Simulations/DHP - PLANO - 4000x4000/DHP - PLANO - 4000x4000/Case 032/Plot04/test41.png,test41.png,DHP - PLANO - 4000x4000,PLANO,Case 032,Plot04,3.55,2.2,0.78,32
Simulations/DHP - PLANO - 4000x4000/DHP - PLANO - 4000x4000/Case 032/Plot04/test42.png,test42.png,DHP - PLANO - 4000x4000,PLANO,Case 032,Plot04,3.55,2.2,0.78,32
Simulations/DHP - PLANO - 4000x4000/DHP - PLANO - 4000x4000/Case 032/Plot04/test43.png,test43.png,DHP - PLANO - 4000x4000,PLANO,Case 032,Plot04,3.55,2.2,0.78,32
Simulations/DHP - PLANO - 4000x4000/DHP - PLANO - 4000x4000/Case 032/Plot04/Test44.png,Test44.png,DHP - PLANO - 4000x4000,PLANO,Case 032,Plot04,3.55,2.2,0.78,32
Simulations/DHP - PLANO - 4000x4000/DHP - PLANO - 4000x4000/Case 032/Plot04/test45.png,test45.png,DHP - PLANO - 4000x4000,PLANO,Case 032,Plot04,3.55,2.2,0.78,32
Simulations/DHP - PLANO - 4000x4000/DHP - PLANO - 4000x4000/Case 032/Plot04/test46.png,test46.png,DHP - PLANO - 4000x4000,PLANO,Case 032,Plot04,3.55,2.2,0.78,32
Simulations/DHP - PLANO - 4000x4000/DHP - PLANO - 4000x4000/Case 032/Plot04/test47.png,test47.png,DHP - PLANO - 4000x4000,PLANO,Case 032,Plot04,3.55,2.2,0.78,32
Simulations/DHP - PLANO - 4000x4000/DHP - PLANO - 4000x4000/Case 032/Plot04/test48.png,test48.png,DHP - PLANO - 4000x4000,PLANO,Case 032,Plot04,3.55,2.2,0.78,32
Simulations/DHP - PLANO - 4000x4000/DHP - PLANO - 4000x4000/Case 032/Plot04/test49.png,test49.png,DHP - PLANO - 4000x4000,PLANO,Case 032,Plot04,3.55,2.2,0.78,32
Simulations/DHP - PLANO - 4000x4000/DHP - PLANO - 4000x4000/Case 033/Plot04/test40.png,test40.png,DHP - PLANO - 4000x4000,PLANO,Case 033,Plot04,3.0,3.0,1.0,33
Simulations/DHP - PLANO - 4000x4000/DHP - PLANO - 4000x4000/Case 033/Plot04/test41.png,test41.png,DHP - PLANO - 4000x4000,PLANO,Case 033,Plot04,3.0,3.0,1.0,33
Simulations/DHP - PLANO - 4000x4000/DHP - PLANO - 4000x4000/Case 033/Plot04/test42.png,test42.png,DHP - PLANO - 4000x4000,PLANO,Case 033,Plot04,3.0,3.0,1.0,33
Simulations/DHP - PLANO - 4000x4000/DHP - PLANO - 4000x4000/Case 033/Plot04/test43.png,test43.png,DHP - PLANO - 4000x4000,PLANO,Case 033,Plot04,3.0,3.0,1.0,33
Simulations/DHP - PLANO - 4000x4000/DHP - PLANO - 4000x4000/Case 033/Plot04/test44.png,test44.png,DHP - PLANO - 4000x4000,PLANO,Case 033,Plot04,3.0,3.0,1.0,33
Simulations/DHP - PLANO - 4000x4000/DHP - PLANO - 4000x4000/Case 033/Plot04/test45.png,test45.png,DHP - PLANO - 4000x4000,PLANO,Case 033,Plot04,3.0,3.0,1.0,33
Simulations/DHP - PLANO - 4000x4000/DHP - PLANO - 4000x4000/Case 033/Plot04/test46.png,test46.png,DHP - PLANO - 4000x4000,PLANO,Case 033,Plot04,3.0,3.0,1.0,33
Simulations/DHP - PLANO - 4000x4000/DHP - PLANO - 4000x4000/Case 033/Plot04/test47.png,test47.png,DHP - PLANO - 4000x4000,PLANO,Case 033,Plot04,3.0,3.0,1.0,33
Simulations/DHP - PLANO - 4000x4000/DHP - PLANO - 4000x4000/Case 033/Plot04/test48.png,test48.png,DHP - PLANO - 4000x4000,PLANO,Case 033,Plot04,3.0,3.0,1.0,33
Simulations/DHP - PLANO - 4000x4000/DHP - PLANO - 4000x4000/Case 033/Plot04/test49.png,test49.png,DHP - PLANO - 4000x4000,PLANO,Case 033,Plot04,3.0,3.0,1.0,33
Simulations/DHP - PLANO - 4000x4000/DHP - PLANO - 4000x4000/Case 034/Plot04/test40.png,test40.png,DHP - PLANO - 4000x4000,PLANO,Case 034,Plot04,2.0,2.0,1.0,34
Simulations/DHP - PLANO - 4000x4000/DHP - PLANO - 4000x4000/Case 034/Plot04/test41.png,test41.png,DHP - PLANO - 4000x4000,PLANO,Case 034,Plot04,2.0,2.0,1.0,34
Simulations/DHP - PLANO - 4000x4000/DHP - PLANO - 4000x4000/Case 034/Plot04/test42.png,test42.png,DHP - PLANO - 4000x4000,PLANO,Case 034,Plot04,2.0,2.0,1.0,34
Simulations/DHP - PLANO - 4000x4000/DHP - PLANO - 4000x4000/Case 034/Plot04/test43.png,test43.png,DHP - PLANO - 4000x4000,PLANO,Case 034,Plot04,2.0,2.0,1.0,34
Simulations/DHP - PLANO - 4000x4000/DHP - PLANO - 4000x4000/Case 034/Plot04/test44.png,test44.png,DHP - PLANO - 4000x4000,PLANO,Case 034,Plot04,2.0,2.0,1.0,34
Simulations/DHP - PLANO - 4000x4000/DHP - PLANO - 4000x4000/Case 034/Plot04/test45.png,test45.png,DHP - PLANO - 4000x4000,PLANO,Case 034,Plot04,2.0,2.0,1.0,34
Simulations/DHP - PLANO - 4000x4000/DHP - PLANO - 4000x4000/Case 034/Plot04/test46.png,test46.png,DHP - PLANO - 4000x4000,PLANO,Case 034,Plot04,2.0,2.0,1.0,34
Simulations/DHP - PLANO - 4000x4000/DHP - PLANO - 4000x4000/Case 034/Plot04/test47.png,test47.png,DHP - PLANO - 4000x4000,PLANO,Case 034,Plot04,2.0,2.0,1.0,34
Simulations/DHP - PLANO - 4000x4000/DHP - PLANO - 4000x4000/Case 034/Plot04/test48.png,test48.png,DHP - PLANO - 4000x4000,PLANO,Case 034,Plot04,2.0,2.0,1.0,34
Simulations/DHP - PLANO - 4000x4000/DHP - PLANO - 4000x4000/Case 034/Plot04/test49.png,test49.png,DHP - PLANO - 4000x4000,PLANO,Case 034,Plot04,2.0,2.0,1.0,34
Simulations/DHP - PLANO - 4000x4000/DHP - PLANO - 4000x4000/Case 035/Plot04/test40.png,test40.png,DHP - PLANO - 4000x4000,PLANO,Case 035,Plot04,6.51,6.0,0.95,35
Simulations/DHP - PLANO - 4000x4000/DHP - PLANO - 4000x4000/Case 035/Plot04/test41.png,test41.png,DHP - PLANO - 4000x4000,PLANO,Case 035,Plot04,6.51,6.0,0.95,35
Simulations/DHP - PLANO - 4000x4000/DHP - PLANO - 4000x4000/Case 035/Plot04/test42.png,test42.png,DHP - PLANO - 4000x4000,PLANO,Case 035,Plot04,6.51,6.0,0.95,35
Simulations/DHP - PLANO - 4000x4000/DHP - PLANO - 4000x4000/Case 035/Plot04/test43.png,test43.png,DHP - PLANO - 4000x4000,PLANO,Case 035,Plot04,6.51,6.0,0.95,35
Simulations/DHP - PLANO - 4000x4000/DHP - PLANO - 4000x4000/Case 035/Plot04/test44.png,test44.png,DHP - PLANO - 4000x4000,PLANO,Case 035,Plot04,6.51,6.0,0.95,35
Simulations/DHP - PLANO - 4000x4000/DHP - PLANO - 4000x4000/Case 035/Plot04/test45.png,test45.png,DHP - PLANO - 4000x4000,PLANO,Case 035,Plot04,6.51,6.0,0.95,35
Simulations/DHP - PLANO - 4000x4000/DHP - PLANO - 4000x4000/Case 035/Plot04/test46.png,test46.png,DHP - PLANO - 4000x4000,PLANO,Case 035,Plot04,6.51,6.0,0.95,35
Simulations/DHP - PLANO - 4000x4000/DHP - PLANO - 4000x4000/Case 035/Plot04/test47.png,test47.png,DHP - PLANO - 4000x4000,PLANO,Case 035,Plot04,6.51,6.0,0.95,35
Simulations/DHP - PLANO - 4000x4000/DHP - PLANO - 4000x4000/Case 035/Plot04/test48.png,test48.png,DHP - PLANO - 4000x4000,PLANO,Case 035,Plot04,6.51,6.0,0.95,35
Simulations/DHP - PLANO - 4000x4000/DHP - PLANO - 4000x4000/Case 035/Plot04/test49.png,test49.png,DHP - PLANO - 4000x4000,PLANO,Case 035,Plot04,6.51,6.0,0.95,35
Simulations/DHP - PLANO - 4000x4000/DHP - PLANO - 4000x4000/Case 036/Plot04/test40.png,test40.png,DHP - PLANO - 4000x4000,PLANO,Case 036,Plot04,3.135,3.0,0.97,36
Simulations/DHP - PLANO - 4000x4000/DHP - PLANO - 4000x4000/Case 036/Plot04/test41.png,test41.png,DHP - PLANO - 4000x4000,PLANO,Case 036,Plot04,3.135,3.0,0.97,36
Simulations/DHP - PLANO - 4000x4000/DHP - PLANO - 4000x4000/Case 036/Plot04/test42.png,test42.png,DHP - PLANO - 4000x4000,PLANO,Case 036,Plot04,3.135,3.0,0.97,36
Simulations/DHP - PLANO - 4000x4000/DHP - PLANO - 4000x4000/Case 036/Plot04/test43.png,test43.png,DHP - PLANO - 4000x4000,PLANO,Case 036,Plot04,3.135,3.0,0.97,36
Simulations/DHP - PLANO - 4000x4000/DHP - PLANO - 4000x4000/Case 036/Plot04/test44.png,test44.png,DHP - PLANO - 4000x4000,PLANO,Case 036,Plot04,3.135,3.0,0.97,36
Simulations/DHP - PLANO - 4000x4000/DHP - PLANO - 4000x4000/Case 036/Plot04/test45.png,test45.png,DHP - PLANO - 4000x4000,PLANO,Case 036,Plot04,3.135,3.0,0.97,36
Simulations/DHP - PLANO - 4000x4000/DHP - PLANO - 4000x4000/Case 036/Plot04/test46.png,test46.png,DHP - PLANO - 4000x4000,PLANO,Case 036,Plot04,3.135,3.0,0.97,36
Simulations/DHP - PLANO - 4000x4000/DHP - PLANO - 4000x4000/Case 036/Plot04/test47.png,test47.png,DHP - PLANO - 4000x4000,PLANO,Case 036,Plot04,3.135,3.0,0.97,36
Simulations/DHP - PLANO - 4000x4000/DHP - PLANO - 4000x4000/Case 036/Plot04/test48.png,test48.png,DHP - PLANO - 4000x4000,PLANO,Case 036,Plot04,3.135,3.0,0.97,36
Simulations/DHP - PLANO - 4000x4000/DHP - PLANO - 4000x4000/Case 036/Plot04/test49.png,test49.png,DHP - PLANO - 4000x4000,PLANO,Case 036,Plot04,3.135,3.0,0.97,36
Simulations/DHP - PLANO - 4000x4000/DHP - PLANO - 4000x4000/Case 037/Plot04/test40.png,test40.png,DHP - PLANO - 4000x4000,PLANO,Case 037,Plot04,3.93,3.0,0.85,37
Simulations/DHP - PLANO - 4000x4000/DHP - PLANO - 4000x4000/Case 037/Plot04/test41.png,test41.png,DHP - PLANO - 4000x4000,PLANO,Case 037,Plot04,3.93,3.0,0.85,37
Simulations/DHP - PLANO - 4000x4000/DHP - PLANO - 4000x4000/Case 037/Plot04/test42.png,test42.png,DHP - PLANO - 4000x4000,PLANO,Case 037,Plot04,3.93,3.0,0.85,37
Simulations/DHP - PLANO - 4000x4000/DHP - PLANO - 4000x4000/Case 037/Plot04/test43.png,test43.png,DHP - PLANO - 4000x4000,PLANO,Case 037,Plot04,3.93,3.0,0.85,37
Simulations/DHP - PLANO - 4000x4000/DHP - PLANO - 4000x4000/Case 037/Plot04/test44.png,test44.png,DHP - PLANO - 4000x4000,PLANO,Case 037,Plot04,3.93,3.0,0.85,37
Simulations/DHP - PLANO - 4000x4000/DHP - PLANO - 4000x4000/Case 037/Plot04/test45.png,test45.png,DHP - PLANO - 4000x4000,PLANO,Case 037,Plot04,3.93,3.0,0.85,37
Simulations/DHP - PLANO - 4000x4000/DHP - PLANO - 4000x4000/Case 037/Plot04/test46.png,test46.png,DHP - PLANO - 4000x4000,PLANO,Case 037,Plot04,3.93,3.0,0.85,37
Simulations/DHP - PLANO - 4000x4000/DHP - PLANO - 4000x4000/Case 037/Plot04/test47.png,test47.png,DHP - PLANO - 4000x4000,PLANO,Case 037,Plot04,3.93,3.0,0.85,37
Simulations/DHP - PLANO - 4000x4000/DHP - PLANO - 4000x4000/Case 037/Plot04/test48.png,test48.png,DHP - PLANO - 4000x4000,PLANO,Case 037,Plot04,3.93,3.0,0.85,37
Simulations/DHP - PLANO - 4000x4000/DHP - PLANO - 4000x4000/Case 037/Plot04/test49.png,test49.png,DHP - PLANO - 4000x4000,PLANO,Case 037,Plot04,3.93,3.0,0.85,37
Simulations/DHP - PLANO - 4000x4000/DHP - PLANO - 4000x4000/Case 038/Plot04/test40.png,test40.png,DHP - PLANO - 4000x4000,PLANO,Case 038,Plot04,2.4050000000000002,2.15,0.93,38
Simulations/DHP - PLANO - 4000x4000/DHP - PLANO - 4000x4000/Case 038/Plot04/test41.png,test41.png,DHP - PLANO - 4000x4000,PLANO,Case 038,Plot04,2.4050000000000002,2.15,0.93,38
Simulations/DHP - PLANO - 4000x4000/DHP - PLANO - 4000x4000/Case 038/Plot04/test42.png,test42.png,DHP - PLANO - 4000x4000,PLANO,Case 038,Plot04,2.4050000000000002,2.15,0.93,38
Simulations/DHP - PLANO - 4000x4000/DHP - PLANO - 4000x4000/Case 038/Plot04/test43.png,test43.png,DHP - PLANO - 4000x4000,PLANO,Case 038,Plot04,2.4050000000000002,2.15,0.93,38
Simulations/DHP - PLANO - 4000x4000/DHP - PLANO - 4000x4000/Case 038/Plot04/test44.png,test44.png,DHP - PLANO - 4000x4000,PLANO,Case 038,Plot04,2.4050000000000002,2.15,0.93,38
Simulations/DHP - PLANO - 4000x4000/DHP - PLANO - 4000x4000/Case 038/Plot04/test45.png,test45.png,DHP - PLANO - 4000x4000,PLANO,Case 038,Plot04,2.4050000000000002,2.15,0.93,38
Simulations/DHP - PLANO - 4000x4000/DHP - PLANO - 4000x4000/Case 038/Plot04/test46.png,test46.png,DHP - PLANO - 4000x4000,PLANO,Case 038,Plot04,2.4050000000000002,2.15,0.93,38
Simulations/DHP - PLANO - 4000x4000/DHP - PLANO - 4000x4000/Case 038/Plot04/test47.png,test47.png,DHP - PLANO - 4000x4000,PLANO,Case 038,Plot04,2.4050000000000002,2.15,0.93,38
Simulations/DHP - PLANO - 4000x4000/DHP - PLANO - 4000x4000/Case 038/Plot04/test48.png,test48.png,DHP - PLANO - 4000x4000,PLANO,Case 038,Plot04,2.4050000000000002,2.15,0.93,38
Simulations/DHP - PLANO - 4000x4000/DHP - PLANO - 4000x4000/Case 038/Plot04/test49.png,test49.png,DHP - PLANO - 4000x4000,PLANO,Case 038,Plot04,2.4050000000000002,2.15,0.93,38
Simulations/DHP - PLANO - 4000x4000/DHP - PLANO - 4000x4000/Case 039/Plot04/test40.png,test40.png,DHP - PLANO - 4000x4000,PLANO,Case 039,Plot04,4.0,4.0,1.0,39
Simulations/DHP - PLANO - 4000x4000/DHP - PLANO - 4000x4000/Case 039/Plot04/test41.png,test41.png,DHP - PLANO - 4000x4000,PLANO,Case 039,Plot04,4.0,4.0,1.0,39
Simulations/DHP - PLANO - 4000x4000/DHP - PLANO - 4000x4000/Case 039/Plot04/test42.png,test42.png,DHP - PLANO - 4000x4000,PLANO,Case 039,Plot04,4.0,4.0,1.0,39
Simulations/DHP - PLANO - 4000x4000/DHP - PLANO - 4000x4000/Case 039/Plot04/test43.png,test43.png,DHP - PLANO - 4000x4000,PLANO,Case 039,Plot04,4.0,4.0,1.0,39
Simulations/DHP - PLANO - 4000x4000/DHP - PLANO - 4000x4000/Case 039/Plot04/test44.png,test44.png,DHP - PLANO - 4000x4000,PLANO,Case 039,Plot04,4.0,4.0,1.0,39
Simulations/DHP - PLANO - 4000x4000/DHP - PLANO - 4000x4000/Case 039/Plot04/test45.png,test45.png,DHP - PLANO - 4000x4000,PLANO,Case 039,Plot04,4.0,4.0,1.0,39
Simulations/DHP - PLANO - 4000x4000/DHP - PLANO - 4000x4000/Case 039/Plot04/test46.png,test46.png,DHP - PLANO - 4000x4000,PLANO,Case 039,Plot04,4.0,4.0,1.0,39
Simulations/DHP - PLANO - 4000x4000/DHP - PLANO - 4000x4000/Case 039/Plot04/test47.png,test47.png,DHP - PLANO - 4000x4000,PLANO,Case 039,Plot04,4.0,4.0,1.0,39
Simulations/DHP - PLANO - 4000x4000/DHP - PLANO - 4000x4000/Case 039/Plot04/test48.png,test48.png,DHP - PLANO - 4000x4000,PLANO,Case 039,Plot04,4.0,4.0,1.0,39
Simulations/DHP - PLANO - 4000x4000/DHP - PLANO - 4000x4000/Case 039/Plot04/test49.png,test49.png,DHP - PLANO - 4000x4000,PLANO,Case 039,Plot04,4.0,4.0,1.0,39
Simulations/DHP - PLANO - 4000x4000/DHP - PLANO - 4000x4000/Case 040/Plot04/test40.png,test40.png,DHP - PLANO - 4000x4000,PLANO,Case 040,Plot04,5.0,5.0,1.0,40
Simulations/DHP - PLANO - 4000x4000/DHP - PLANO - 4000x4000/Case 040/Plot04/test41.png,test41.png,DHP - PLANO - 4000x4000,PLANO,Case 040,Plot04,5.0,5.0,1.0,40
Simulations/DHP - PLANO - 4000x4000/DHP - PLANO - 4000x4000/Case 040/Plot04/test42.png,test42.png,DHP - PLANO - 4000x4000,PLANO,Case 040,Plot04,5.0,5.0,1.0,40
Simulations/DHP - PLANO - 4000x4000/DHP - PLANO - 4000x4000/Case 040/Plot04/test43.png,test43.png,DHP - PLANO - 4000x4000,PLANO,Case 040,Plot04,5.0,5.0,1.0,40
Simulations/DHP - PLANO - 4000x4000/DHP - PLANO - 4000x4000/Case 040/Plot04/test44.png,test44.png,DHP - PLANO - 4000x4000,PLANO,Case 040,Plot04,5.0,5.0,1.0,40
Simulations/DHP - PLANO - 4000x4000/DHP - PLANO - 4000x4000/Case 040/Plot04/test45.png,test45.png,DHP - PLANO - 4000x4000,PLANO,Case 040,Plot04,5.0,5.0,1.0,40
Simulations/DHP - PLANO - 4000x4000/DHP - PLANO - 4000x4000/Case 040/Plot04/test46.png,test46.png,DHP - PLANO - 4000x4000,PLANO,Case 040,Plot04,5.0,5.0,1.0,40
Simulations/DHP - PLANO - 4000x4000/DHP - PLANO - 4000x4000/Case 040/Plot04/test47.png,test47.png,DHP - PLANO - 4000x4000,PLANO,Case 040,Plot04,5.0,5.0,1.0,40
Simulations/DHP - PLANO - 4000x4000/DHP - PLANO - 4000x4000/Case 040/Plot04/test48.png,test48.png,DHP - PLANO - 4000x4000,PLANO,Case 040,Plot04,5.0,5.0,1.0,40
Simulations/DHP - PLANO - 4000x4000/DHP - PLANO - 4000x4000/Case 040/Plot04/test49.png,test49.png,DHP - PLANO - 4000x4000,PLANO,Case 040,Plot04,5.0,5.0,1.0,40
Simulations/DHP - PLANO - 4000x4000/DHP - PLANO - 4000x4000/Case 041/Plot04/test40.png,test40.png,DHP - PLANO - 4000x4000,PLANO,Case 041,Plot04,6.0,6.0,1.0,41
Simulations/DHP - PLANO - 4000x4000/DHP - PLANO - 4000x4000/Case 041/Plot04/test41.png,test41.png,DHP - PLANO - 4000x4000,PLANO,Case 041,Plot04,6.0,6.0,1.0,41
Simulations/DHP - PLANO - 4000x4000/DHP - PLANO - 4000x4000/Case 041/Plot04/test42.png,test42.png,DHP - PLANO - 4000x4000,PLANO,Case 041,Plot04,6.0,6.0,1.0,41
Simulations/DHP - PLANO - 4000x4000/DHP - PLANO - 4000x4000/Case 041/Plot04/test43.png,test43.png,DHP - PLANO - 4000x4000,PLANO,Case 041,Plot04,6.0,6.0,1.0,41
Simulations/DHP - PLANO - 4000x4000/DHP - PLANO - 4000x4000/Case 041/Plot04/test44.png,test44.png,DHP - PLANO - 4000x4000,PLANO,Case 041,Plot04,6.0,6.0,1.0,41
Simulations/DHP - PLANO - 4000x4000/DHP - PLANO - 4000x4000/Case 041/Plot04/test45.png,test45.png,DHP - PLANO - 4000x4000,PLANO,Case 041,Plot04,6.0,6.0,1.0,41
Simulations/DHP - PLANO - 4000x4000/DHP - PLANO - 4000x4000/Case 041/Plot04/test46.png,test46.png,DHP - PLANO - 4000x4000,PLANO,Case 041,Plot04,6.0,6.0,1.0,41
Simulations/DHP - PLANO - 4000x4000/DHP - PLANO - 4000x4000/Case 041/Plot04/test47.png,test47.png,DHP - PLANO - 4000x4000,PLANO,Case 041,Plot04,6.0,6.0,1.0,41
Simulations/DHP - PLANO - 4000x4000/DHP - PLANO - 4000x4000/Case 041/Plot04/test48.png,test48.png,DHP - PLANO - 4000x4000,PLANO,Case 041,Plot04,6.0,6.0,1.0,41
Simulations/DHP - PLANO - 4000x4000/DHP - PLANO - 4000x4000/Case 041/Plot04/test49.png,test49.png,DHP - PLANO - 4000x4000,PLANO,Case 041,Plot04,6.0,6.0,1.0,41
Simulations/DHP - PLANO - 4000x4000/DHP - PLANO - 4000x4000/Case 042/Plot04/test40.png,test40.png,DHP - PLANO - 4000x4000,PLANO,Case 042,Plot04,4.51,4.0,0.93,42
Simulations/DHP - PLANO - 4000x4000/DHP - PLANO - 4000x4000/Case 042/Plot04/test41.png,test41.png,DHP - PLANO - 4000x4000,PLANO,Case 042,Plot04,4.51,4.0,0.93,42
Simulations/DHP - PLANO - 4000x4000/DHP - PLANO - 4000x4000/Case 042/Plot04/test42.png,test42.png,DHP - PLANO - 4000x4000,PLANO,Case 042,Plot04,4.51,4.0,0.93,42
Simulations/DHP - PLANO - 4000x4000/DHP - PLANO - 4000x4000/Case 042/Plot04/test43.png,test43.png,DHP - PLANO - 4000x4000,PLANO,Case 042,Plot04,4.51,4.0,0.93,42
Simulations/DHP - PLANO - 4000x4000/DHP - PLANO - 4000x4000/Case 042/Plot04/test44.png,test44.png,DHP - PLANO - 4000x4000,PLANO,Case 042,Plot04,4.51,4.0,0.93,42
Simulations/DHP - PLANO - 4000x4000/DHP - PLANO - 4000x4000/Case 042/Plot04/test45.png,test45.png,DHP - PLANO - 4000x4000,PLANO,Case 042,Plot04,4.51,4.0,0.93,42
Simulations/DHP - PLANO - 4000x4000/DHP - PLANO - 4000x4000/Case 042/Plot04/test46.png,test46.png,DHP - PLANO - 4000x4000,PLANO,Case 042,Plot04,4.51,4.0,0.93,42
Simulations/DHP - PLANO - 4000x4000/DHP - PLANO - 4000x4000/Case 042/Plot04/test47.png,test47.png,DHP - PLANO - 4000x4000,PLANO,Case 042,Plot04,4.51,4.0,0.93,42
Simulations/DHP - PLANO - 4000x4000/DHP - PLANO - 4000x4000/Case 042/Plot04/test48.png,test48.png,DHP - PLANO - 4000x4000,PLANO,Case 042,Plot04,4.51,4.0,0.93,42
Simulations/DHP - PLANO - 4000x4000/DHP - PLANO - 4000x4000/Case 042/Plot04/test49.png,test49.png,DHP - PLANO - 4000x4000,PLANO,Case 042,Plot04,4.51,4.0,0.93,42
Simulations/DHP - PLANO - 4000x4000/DHP - PLANO - 4000x4000/Case 043/Plot04/test40.png,test40.png,DHP - PLANO - 4000x4000,PLANO,Case 043,Plot04,5.32,4.75,1.0,43
Simulations/DHP - PLANO - 4000x4000/DHP - PLANO - 4000x4000/Case 043/Plot04/test41.png,test41.png,DHP - PLANO - 4000x4000,PLANO,Case 043,Plot04,5.32,4.75,1.0,43
Simulations/DHP - PLANO - 4000x4000/DHP - PLANO - 4000x4000/Case 043/Plot04/test42.png,test42.png,DHP - PLANO - 4000x4000,PLANO,Case 043,Plot04,5.32,4.75,1.0,43
Simulations/DHP - PLANO - 4000x4000/DHP - PLANO - 4000x4000/Case 043/Plot04/test43.png,test43.png,DHP - PLANO - 4000x4000,PLANO,Case 043,Plot04,5.32,4.75,1.0,43
Simulations/DHP - PLANO - 4000x4000/DHP - PLANO - 4000x4000/Case 043/Plot04/test44.png,test44.png,DHP - PLANO - 4000x4000,PLANO,Case 043,Plot04,5.32,4.75,1.0,43
Simulations/DHP - PLANO - 4000x4000/DHP - PLANO - 4000x4000/Case 043/Plot04/test45.png,test45.png,DHP - PLANO - 4000x4000,PLANO,Case 043,Plot04,5.32,4.75,1.0,43
Simulations/DHP - PLANO - 4000x4000/DHP - PLANO - 4000x4000/Case 043/Plot04/test46.png,test46.png,DHP - PLANO - 4000x4000,PLANO,Case 043,Plot04,5.32,4.75,1.0,43
Simulations/DHP - PLANO - 4000x4000/DHP - PLANO - 4000x4000/Case 043/Plot04/test47.png,test47.png,DHP - PLANO - 4000x4000,PLANO,Case 043,Plot04,5.32,4.75,1.0,43
Simulations/DHP - PLANO - 4000x4000/DHP - PLANO - 4000x4000/Case 043/Plot04/test48.png,test48.png,DHP - PLANO - 4000x4000,PLANO,Case 043,Plot04,5.32,4.75,1.0,43
Simulations/DHP - PLANO - 4000x4000/DHP - PLANO - 4000x4000/Case 043/Plot04/test49.png,test49.png,DHP - PLANO - 4000x4000,PLANO,Case 043,Plot04,5.32,4.75,1.0,43
Simulations/DHP - PLANO - 4000x4000/DHP - PLANO - 4000x4000/Case 044/Plot04/test40.png,test40.png,DHP - PLANO - 4000x4000,PLANO,Case 044,Plot04,4.79,4.5,1.0,44
Simulations/DHP - PLANO - 4000x4000/DHP - PLANO - 4000x4000/Case 044/Plot04/test41.png,test41.png,DHP - PLANO - 4000x4000,PLANO,Case 044,Plot04,4.79,4.5,1.0,44
Simulations/DHP - PLANO - 4000x4000/DHP - PLANO - 4000x4000/Case 044/Plot04/test42.png,test42.png,DHP - PLANO - 4000x4000,PLANO,Case 044,Plot04,4.79,4.5,1.0,44
Simulations/DHP - PLANO - 4000x4000/DHP - PLANO - 4000x4000/Case 044/Plot04/test43.png,test43.png,DHP - PLANO - 4000x4000,PLANO,Case 044,Plot04,4.79,4.5,1.0,44
Simulations/DHP - PLANO - 4000x4000/DHP - PLANO - 4000x4000/Case 044/Plot04/test44.png,test44.png,DHP - PLANO - 4000x4000,PLANO,Case 044,Plot04,4.79,4.5,1.0,44
Simulations/DHP - PLANO - 4000x4000/DHP - PLANO - 4000x4000/Case 044/Plot04/test45.png,test45.png,DHP - PLANO - 4000x4000,PLANO,Case 044,Plot04,4.79,4.5,1.0,44
Simulations/DHP - PLANO - 4000x4000/DHP - PLANO - 4000x4000/Case 044/Plot04/test46.png,test46.png,DHP - PLANO - 4000x4000,PLANO,Case 044,Plot04,4.79,4.5,1.0,44
Simulations/DHP - PLANO - 4000x4000/DHP - PLANO - 4000x4000/Case 044/Plot04/test47.png,test47.png,DHP - PLANO - 4000x4000,PLANO,Case 044,Plot04,4.79,4.5,1.0,44
Simulations/DHP - PLANO - 4000x4000/DHP - PLANO - 4000x4000/Case 044/Plot04/test48.png,test48.png,DHP - PLANO - 4000x4000,PLANO,Case 044,Plot04,4.79,4.5,1.0,44
Simulations/DHP - PLANO - 4000x4000/DHP - PLANO - 4000x4000/Case 044/Plot04/test49.png,test49.png,DHP - PLANO - 4000x4000,PLANO,Case 044,Plot04,4.79,4.5,1.0,44
Simulations/DHP - PLANO - 4000x4000/DHP - PLANO - 4000x4000/Case 045/Plot04/test40.png,test40.png,DHP - PLANO - 4000x4000,PLANO,Case 045,Plot04,4.79,4.5,1.0,45
Simulations/DHP - PLANO - 4000x4000/DHP - PLANO - 4000x4000/Case 045/Plot04/test41.png,test41.png,DHP - PLANO - 4000x4000,PLANO,Case 045,Plot04,4.79,4.5,1.0,45
Simulations/DHP - PLANO - 4000x4000/DHP - PLANO - 4000x4000/Case 045/Plot04/test42.png,test42.png,DHP - PLANO - 4000x4000,PLANO,Case 045,Plot04,4.79,4.5,1.0,45
Simulations/DHP - PLANO - 4000x4000/DHP - PLANO - 4000x4000/Case 045/Plot04/test43.png,test43.png,DHP - PLANO - 4000x4000,PLANO,Case 045,Plot04,4.79,4.5,1.0,45
Simulations/DHP - PLANO - 4000x4000/DHP - PLANO - 4000x4000/Case 045/Plot04/test44.png,test44.png,DHP - PLANO - 4000x4000,PLANO,Case 045,Plot04,4.79,4.5,1.0,45
Simulations/DHP - PLANO - 4000x4000/DHP - PLANO - 4000x4000/Case 045/Plot04/test45.png,test45.png,DHP - PLANO - 4000x4000,PLANO,Case 045,Plot04,4.79,4.5,1.0,45
Simulations/DHP - PLANO - 4000x4000/DHP - PLANO - 4000x4000/Case 045/Plot04/test46.png,test46.png,DHP - PLANO - 4000x4000,PLANO,Case 045,Plot04,4.79,4.5,1.0,45
Simulations/DHP - PLANO - 4000x4000/DHP - PLANO - 4000x4000/Case 045/Plot04/test47.png,test47.png,DHP - PLANO - 4000x4000,PLANO,Case 045,Plot04,4.79,4.5,1.0,45
Simulations/DHP - PLANO - 4000x4000/DHP - PLANO - 4000x4000/Case 045/Plot04/test48.png,test48.png,DHP - PLANO - 4000x4000,PLANO,Case 045,Plot04,4.79,4.5,1.0,45
Simulations/DHP - PLANO - 4000x4000/DHP - PLANO - 4000x4000/Case 045/Plot04/test49.png,test49.png,DHP - PLANO - 4000x4000,PLANO,Case 045,Plot04,4.79,4.5,1.0,45
Simulations/DHP - PLANO - 4000x4000/DHP - PLANO - 4000x4000/Case 046/Plot04/test40.png,test40.png,DHP - PLANO - 4000x4000,PLANO,Case 046,Plot04,4.9350000000000005,4.5,0.94,46
Simulations/DHP - PLANO - 4000x4000/DHP - PLANO - 4000x4000/Case 046/Plot04/test41.png,test41.png,DHP - PLANO - 4000x4000,PLANO,Case 046,Plot04,4.9350000000000005,4.5,0.94,46
Simulations/DHP - PLANO - 4000x4000/DHP - PLANO - 4000x4000/Case 046/Plot04/test42.png,test42.png,DHP - PLANO - 4000x4000,PLANO,Case 046,Plot04,4.9350000000000005,4.5,0.94,46
Simulations/DHP - PLANO - 4000x4000/DHP - PLANO - 4000x4000/Case 046/Plot04/test43.png,test43.png,DHP - PLANO - 4000x4000,PLANO,Case 046,Plot04,4.9350000000000005,4.5,0.94,46
Simulations/DHP - PLANO - 4000x4000/DHP - PLANO - 4000x4000/Case 046/Plot04/test44.png,test44.png,DHP - PLANO - 4000x4000,PLANO,Case 046,Plot04,4.9350000000000005,4.5,0.94,46
Simulations/DHP - PLANO - 4000x4000/DHP - PLANO - 4000x4000/Case 046/Plot04/test45.png,test45.png,DHP - PLANO - 4000x4000,PLANO,Case 046,Plot04,4.9350000000000005,4.5,0.94,46
Simulations/DHP - PLANO - 4000x4000/DHP - PLANO - 4000x4000/Case 046/Plot04/test46.png,test46.png,DHP - PLANO - 4000x4000,PLANO,Case 046,Plot04,4.9350000000000005,4.5,0.94,46
Simulations/DHP - PLANO - 4000x4000/DHP - PLANO - 4000x4000/Case 046/Plot04/Test47.png,Test47.png,DHP - PLANO - 4000x4000,PLANO,Case 046,Plot04,4.9350000000000005,4.5,0.94,46
Simulations/DHP - PLANO - 4000x4000/DHP - PLANO - 4000x4000/Case 046/Plot04/test48.png,test48.png,DHP - PLANO - 4000x4000,PLANO,Case 046,Plot04,4.9350000000000005,4.5,0.94,46
Simulations/DHP - PLANO - 4000x4000/DHP - PLANO - 4000x4000/Case 046/Plot04/test49.png,test49.png,DHP - PLANO - 4000x4000,PLANO,Case 046,Plot04,4.9350000000000005,4.5,0.94,46
Simulations/DHP - PLANO - 4000x4000/DHP - PLANO - 4000x4000/Case 047/Plot04/test40.png,test40.png,DHP - PLANO - 4000x4000,PLANO,Case 047,Plot04,3.0,3.0,1.0,47
Simulations/DHP - PLANO - 4000x4000/DHP - PLANO - 4000x4000/Case 047/Plot04/test41.png,test41.png,DHP - PLANO - 4000x4000,PLANO,Case 047,Plot04,3.0,3.0,1.0,47
Simulations/DHP - PLANO - 4000x4000/DHP - PLANO - 4000x4000/Case 047/Plot04/test42.png,test42.png,DHP - PLANO - 4000x4000,PLANO,Case 047,Plot04,3.0,3.0,1.0,47
Simulations/DHP - PLANO - 4000x4000/DHP - PLANO - 4000x4000/Case 047/Plot04/test43.png,test43.png,DHP - PLANO - 4000x4000,PLANO,Case 047,Plot04,3.0,3.0,1.0,47
Simulations/DHP - PLANO - 4000x4000/DHP - PLANO - 4000x4000/Case 047/Plot04/test44.png,test44.png,DHP - PLANO - 4000x4000,PLANO,Case 047,Plot04,3.0,3.0,1.0,47
Simulations/DHP - PLANO - 4000x4000/DHP - PLANO - 4000x4000/Case 047/Plot04/test45.png,test45.png,DHP - PLANO - 4000x4000,PLANO,Case 047,Plot04,3.0,3.0,1.0,47
Simulations/DHP - PLANO - 4000x4000/DHP - PLANO - 4000x4000/Case 047/Plot04/test46.png,test46.png,DHP - PLANO - 4000x4000,PLANO,Case 047,Plot04,3.0,3.0,1.0,47
Simulations/DHP - PLANO - 4000x4000/DHP - PLANO - 4000x4000/Case 047/Plot04/test47.png,test47.png,DHP - PLANO - 4000x4000,PLANO,Case 047,Plot04,3.0,3.0,1.0,47
Simulations/DHP - PLANO - 4000x4000/DHP - PLANO - 4000x4000/Case 047/Plot04/test48.png,test48.png,DHP - PLANO - 4000x4000,PLANO,Case 047,Plot04,3.0,3.0,1.0,47
Simulations/DHP - PLANO - 4000x4000/DHP - PLANO - 4000x4000/Case 047/Plot04/test49.png,test49.png,DHP - PLANO - 4000x4000,PLANO,Case 047,Plot04,3.0,3.0,1.0,47
Simulations/DHP - PLANO - 4000x4000/DHP - PLANO - 4000x4000/Case 048/Plot04/test40.png,test40.png,DHP - PLANO - 4000x4000,PLANO,Case 048,Plot04,3.0,3.0,1.0,48
Simulations/DHP - PLANO - 4000x4000/DHP - PLANO - 4000x4000/Case 048/Plot04/test41.png,test41.png,DHP - PLANO - 4000x4000,PLANO,Case 048,Plot04,3.0,3.0,1.0,48
Simulations/DHP - PLANO - 4000x4000/DHP - PLANO - 4000x4000/Case 048/Plot04/test42.png,test42.png,DHP - PLANO - 4000x4000,PLANO,Case 048,Plot04,3.0,3.0,1.0,48
Simulations/DHP - PLANO - 4000x4000/DHP - PLANO - 4000x4000/Case 048/Plot04/test43.png,test43.png,DHP - PLANO - 4000x4000,PLANO,Case 048,Plot04,3.0,3.0,1.0,48
Simulations/DHP - PLANO - 4000x4000/DHP - PLANO - 4000x4000/Case 048/Plot04/test44.png,test44.png,DHP - PLANO - 4000x4000,PLANO,Case 048,Plot04,3.0,3.0,1.0,48
Simulations/DHP - PLANO - 4000x4000/DHP - PLANO - 4000x4000/Case 048/Plot04/test45.png,test45.png,DHP - PLANO - 4000x4000,PLANO,Case 048,Plot04,3.0,3.0,1.0,48
Simulations/DHP - PLANO - 4000x4000/DHP - PLANO - 4000x4000/Case 048/Plot04/test46.png,test46.png,DHP - PLANO - 4000x4000,PLANO,Case 048,Plot04,3.0,3.0,1.0,48
Simulations/DHP - PLANO - 4000x4000/DHP - PLANO - 4000x4000/Case 048/Plot04/test47.png,test47.png,DHP - PLANO - 4000x4000,PLANO,Case 048,Plot04,3.0,3.0,1.0,48
Simulations/DHP - PLANO - 4000x4000/DHP - PLANO - 4000x4000/Case 048/Plot04/test48.png,test48.png,DHP - PLANO - 4000x4000,PLANO,Case 048,Plot04,3.0,3.0,1.0,48
Simulations/DHP - PLANO - 4000x4000/DHP - PLANO - 4000x4000/Case 048/Plot04/test49.png,test49.png,DHP - PLANO - 4000x4000,PLANO,Case 048,Plot04,3.0,3.0,1.0,48
Simulations/DHP - PLANO - 4000x4000/DHP - PLANO - 4000x4000/Case 049/Plot04/test40.png,test40.png,DHP - PLANO - 4000x4000,PLANO,Case 049,Plot04,3.2,2.9,0.94,49
Simulations/DHP - PLANO - 4000x4000/DHP - PLANO - 4000x4000/Case 049/Plot04/test41.png,test41.png,DHP - PLANO - 4000x4000,PLANO,Case 049,Plot04,3.2,2.9,0.94,49
Simulations/DHP - PLANO - 4000x4000/DHP - PLANO - 4000x4000/Case 049/Plot04/test42.png,test42.png,DHP - PLANO - 4000x4000,PLANO,Case 049,Plot04,3.2,2.9,0.94,49
Simulations/DHP - PLANO - 4000x4000/DHP - PLANO - 4000x4000/Case 049/Plot04/test43.png,test43.png,DHP - PLANO - 4000x4000,PLANO,Case 049,Plot04,3.2,2.9,0.94,49
Simulations/DHP - PLANO - 4000x4000/DHP - PLANO - 4000x4000/Case 049/Plot04/test44.png,test44.png,DHP - PLANO - 4000x4000,PLANO,Case 049,Plot04,3.2,2.9,0.94,49
Simulations/DHP - PLANO - 4000x4000/DHP - PLANO - 4000x4000/Case 049/Plot04/test45.png,test45.png,DHP - PLANO - 4000x4000,PLANO,Case 049,Plot04,3.2,2.9,0.94,49
Simulations/DHP - PLANO - 4000x4000/DHP - PLANO - 4000x4000/Case 049/Plot04/test46.png,test46.png,DHP - PLANO - 4000x4000,PLANO,Case 049,Plot04,3.2,2.9,0.94,49
Simulations/DHP - PLANO - 4000x4000/DHP - PLANO - 4000x4000/Case 049/Plot04/test47.png,test47.png,DHP - PLANO - 4000x4000,PLANO,Case 049,Plot04,3.2,2.9,0.94,49
Simulations/DHP - PLANO - 4000x4000/DHP - PLANO - 4000x4000/Case 049/Plot04/test48.png,test48.png,DHP - PLANO - 4000x4000,PLANO,Case 049,Plot04,3.2,2.9,0.94,49
Simulations/DHP - PLANO - 4000x4000/DHP - PLANO - 4000x4000/Case 049/Plot04/test49.png,test49.png,DHP - PLANO - 4000x4000,PLANO,Case 049,Plot04,3.2,2.9,0.94,49
Simulations/DHP - PLANO - 4000x4000/DHP - PLANO - 4000x4000/Case 050/Plot04/test40.png,test40.png,DHP - PLANO - 4000x4000,PLANO,Case 050,Plot04,3.2,2.9,0.94,50
Simulations/DHP - PLANO - 4000x4000/DHP - PLANO - 4000x4000/Case 050/Plot04/test41.png,test41.png,DHP - PLANO - 4000x4000,PLANO,Case 050,Plot04,3.2,2.9,0.94,50
Simulations/DHP - PLANO - 4000x4000/DHP - PLANO - 4000x4000/Case 050/Plot04/test42.png,test42.png,DHP - PLANO - 4000x4000,PLANO,Case 050,Plot04,3.2,2.9,0.94,50
Simulations/DHP - PLANO - 4000x4000/DHP - PLANO - 4000x4000/Case 050/Plot04/test43.png,test43.png,DHP - PLANO - 4000x4000,PLANO,Case 050,Plot04,3.2,2.9,0.94,50
Simulations/DHP - PLANO - 4000x4000/DHP - PLANO - 4000x4000/Case 050/Plot04/test44.png,test44.png,DHP - PLANO - 4000x4000,PLANO,Case 050,Plot04,3.2,2.9,0.94,50
Simulations/DHP - PLANO - 4000x4000/DHP - PLANO - 4000x4000/Case 050/Plot04/test45.png,test45.png,DHP - PLANO - 4000x4000,PLANO,Case 050,Plot04,3.2,2.9,0.94,50
Simulations/DHP - PLANO - 4000x4000/DHP - PLANO - 4000x4000/Case 050/Plot04/test46.png,test46.png,DHP - PLANO - 4000x4000,PLANO,Case 050,Plot04,3.2,2.9,0.94,50
Simulations/DHP - PLANO - 4000x4000/DHP - PLANO - 4000x4000/Case 050/Plot04/test47.png,test47.png,DHP - PLANO - 4000x4000,PLANO,Case 050,Plot04,3.2,2.9,0.94,50
Simulations/DHP - PLANO - 4000x4000/DHP - PLANO - 4000x4000/Case 050/Plot04/test48.png,test48.png,DHP - PLANO - 4000x4000,PLANO,Case 050,Plot04,3.2,2.9,0.94,50
Simulations/DHP - PLANO - 4000x4000/DHP - PLANO - 4000x4000/Case 050/Plot04/test49.png,test49.png,DHP - PLANO - 4000x4000,PLANO,Case 050,Plot04,3.2,2.9,0.94,50
Simulations/DHP - PLANO - 4000x4000/DHP - PLANO - 4000x4000/Case 051/Plot04/test40.png,test40.png,DHP - PLANO - 4000x4000,PLANO,Case 051,Plot04,3.08,2.9,0.96,51
Simulations/DHP - PLANO - 4000x4000/DHP - PLANO - 4000x4000/Case 051/Plot04/test41.png,test41.png,DHP - PLANO - 4000x4000,PLANO,Case 051,Plot04,3.08,2.9,0.96,51
Simulations/DHP - PLANO - 4000x4000/DHP - PLANO - 4000x4000/Case 051/Plot04/test42.png,test42.png,DHP - PLANO - 4000x4000,PLANO,Case 051,Plot04,3.08,2.9,0.96,51
Simulations/DHP - PLANO - 4000x4000/DHP - PLANO - 4000x4000/Case 051/Plot04/test43.png,test43.png,DHP - PLANO - 4000x4000,PLANO,Case 051,Plot04,3.08,2.9,0.96,51
Simulations/DHP - PLANO - 4000x4000/DHP - PLANO - 4000x4000/Case 051/Plot04/test44.png,test44.png,DHP - PLANO - 4000x4000,PLANO,Case 051,Plot04,3.08,2.9,0.96,51
Simulations/DHP - PLANO - 4000x4000/DHP - PLANO - 4000x4000/Case 051/Plot04/test45.png,test45.png,DHP - PLANO - 4000x4000,PLANO,Case 051,Plot04,3.08,2.9,0.96,51
Simulations/DHP - PLANO - 4000x4000/DHP - PLANO - 4000x4000/Case 051/Plot04/test46.png,test46.png,DHP - PLANO - 4000x4000,PLANO,Case 051,Plot04,3.08,2.9,0.96,51
Simulations/DHP - PLANO - 4000x4000/DHP - PLANO - 4000x4000/Case 051/Plot04/test47.png,test47.png,DHP - PLANO - 4000x4000,PLANO,Case 051,Plot04,3.08,2.9,0.96,51
Simulations/DHP - PLANO - 4000x4000/DHP - PLANO - 4000x4000/Case 051/Plot04/test48.png,test48.png,DHP - PLANO - 4000x4000,PLANO,Case 051,Plot04,3.08,2.9,0.96,51
Simulations/DHP - PLANO - 4000x4000/DHP - PLANO - 4000x4000/Case 051/Plot04/test49.png,test49.png,DHP - PLANO - 4000x4000,PLANO,Case 051,Plot04,3.08,2.9,0.96,51
Simulations/DHP - PLANO - 4000x4000/DHP - PLANO - 4000x4000/Case 052/Plot04/test40.png,test40.png,DHP - PLANO - 4000x4000,PLANO,Case 052,Plot04,3.02,2.9,0.97,52
Simulations/DHP - PLANO - 4000x4000/DHP - PLANO - 4000x4000/Case 052/Plot04/test41.png,test41.png,DHP - PLANO - 4000x4000,PLANO,Case 052,Plot04,3.02,2.9,0.97,52
Simulations/DHP - PLANO - 4000x4000/DHP - PLANO - 4000x4000/Case 052/Plot04/test42.png,test42.png,DHP - PLANO - 4000x4000,PLANO,Case 052,Plot04,3.02,2.9,0.97,52
Simulations/DHP - PLANO - 4000x4000/DHP - PLANO - 4000x4000/Case 052/Plot04/test43.png,test43.png,DHP - PLANO - 4000x4000,PLANO,Case 052,Plot04,3.02,2.9,0.97,52
Simulations/DHP - PLANO - 4000x4000/DHP - PLANO - 4000x4000/Case 052/Plot04/test44.png,test44.png,DHP - PLANO - 4000x4000,PLANO,Case 052,Plot04,3.02,2.9,0.97,52
Simulations/DHP - PLANO - 4000x4000/DHP - PLANO - 4000x4000/Case 052/Plot04/test45.png,test45.png,DHP - PLANO - 4000x4000,PLANO,Case 052,Plot04,3.02,2.9,0.97,52
Simulations/DHP - PLANO - 4000x4000/DHP - PLANO - 4000x4000/Case 052/Plot04/test46.png,test46.png,DHP - PLANO - 4000x4000,PLANO,Case 052,Plot04,3.02,2.9,0.97,52
Simulations/DHP - PLANO - 4000x4000/DHP - PLANO - 4000x4000/Case 052/Plot04/test47.png,test47.png,DHP - PLANO - 4000x4000,PLANO,Case 052,Plot04,3.02,2.9,0.97,52
Simulations/DHP - PLANO - 4000x4000/DHP - PLANO - 4000x4000/Case 052/Plot04/test48.png,test48.png,DHP - PLANO - 4000x4000,PLANO,Case 052,Plot04,3.02,2.9,0.97,52
Simulations/DHP - PLANO - 4000x4000/DHP - PLANO - 4000x4000/Case 052/Plot04/test49.png,test49.png,DHP - PLANO - 4000x4000,PLANO,Case 052,Plot04,3.02,2.9,0.97,52
Simulations/DHP - PLANO - 4000x4000/DHP - PLANO - 4000x4000/Case 053/Plot04/test40.png,test40.png,DHP - PLANO - 4000x4000,PLANO,Case 053,Plot04,2.0,2.0,1.0,53
Simulations/DHP - PLANO - 4000x4000/DHP - PLANO - 4000x4000/Case 053/Plot04/test41.png,test41.png,DHP - PLANO - 4000x4000,PLANO,Case 053,Plot04,2.0,2.0,1.0,53
Simulations/DHP - PLANO - 4000x4000/DHP - PLANO - 4000x4000/Case 053/Plot04/test42.png,test42.png,DHP - PLANO - 4000x4000,PLANO,Case 053,Plot04,2.0,2.0,1.0,53
Simulations/DHP - PLANO - 4000x4000/DHP - PLANO - 4000x4000/Case 053/Plot04/test43.png,test43.png,DHP - PLANO - 4000x4000,PLANO,Case 053,Plot04,2.0,2.0,1.0,53
Simulations/DHP - PLANO - 4000x4000/DHP - PLANO - 4000x4000/Case 053/Plot04/test44.png,test44.png,DHP - PLANO - 4000x4000,PLANO,Case 053,Plot04,2.0,2.0,1.0,53
Simulations/DHP - PLANO - 4000x4000/DHP - PLANO - 4000x4000/Case 053/Plot04/test45.png,test45.png,DHP - PLANO - 4000x4000,PLANO,Case 053,Plot04,2.0,2.0,1.0,53
Simulations/DHP - PLANO - 4000x4000/DHP - PLANO - 4000x4000/Case 053/Plot04/test46.png,test46.png,DHP - PLANO - 4000x4000,PLANO,Case 053,Plot04,2.0,2.0,1.0,53
Simulations/DHP - PLANO - 4000x4000/DHP - PLANO - 4000x4000/Case 053/Plot04/test47.png,test47.png,DHP - PLANO - 4000x4000,PLANO,Case 053,Plot04,2.0,2.0,1.0,53
Simulations/DHP - PLANO - 4000x4000/DHP - PLANO - 4000x4000/Case 053/Plot04/test48.png,test48.png,DHP - PLANO - 4000x4000,PLANO,Case 053,Plot04,2.0,2.0,1.0,53
Simulations/DHP - PLANO - 4000x4000/DHP - PLANO - 4000x4000/Case 053/Plot04/test49.png,test49.png,DHP - PLANO - 4000x4000,PLANO,Case 053,Plot04,2.0,2.0,1.0,53
Simulations/DHP - PLANO - 4000x4000/DHP - PLANO - 4000x4000/Case 054/Plot04/test40.png,test40.png,DHP - PLANO - 4000x4000,PLANO,Case 054,Plot04,5.44,4.75,1.0,54
Simulations/DHP - PLANO - 4000x4000/DHP - PLANO - 4000x4000/Case 054/Plot04/test41.png,test41.png,DHP - PLANO - 4000x4000,PLANO,Case 054,Plot04,5.44,4.75,1.0,54
Simulations/DHP - PLANO - 4000x4000/DHP - PLANO - 4000x4000/Case 054/Plot04/test42.png,test42.png,DHP - PLANO - 4000x4000,PLANO,Case 054,Plot04,5.44,4.75,1.0,54
Simulations/DHP - PLANO - 4000x4000/DHP - PLANO - 4000x4000/Case 054/Plot04/test43.png,test43.png,DHP - PLANO - 4000x4000,PLANO,Case 054,Plot04,5.44,4.75,1.0,54
Simulations/DHP - PLANO - 4000x4000/DHP - PLANO - 4000x4000/Case 054/Plot04/test44.png,test44.png,DHP - PLANO - 4000x4000,PLANO,Case 054,Plot04,5.44,4.75,1.0,54
Simulations/DHP - PLANO - 4000x4000/DHP - PLANO - 4000x4000/Case 054/Plot04/test45.png,test45.png,DHP - PLANO - 4000x4000,PLANO,Case 054,Plot04,5.44,4.75,1.0,54
Simulations/DHP - PLANO - 4000x4000/DHP - PLANO - 4000x4000/Case 054/Plot04/test46.png,test46.png,DHP - PLANO - 4000x4000,PLANO,Case 054,Plot04,5.44,4.75,1.0,54
Simulations/DHP - PLANO - 4000x4000/DHP - PLANO - 4000x4000/Case 054/Plot04/test47.png,test47.png,DHP - PLANO - 4000x4000,PLANO,Case 054,Plot04,5.44,4.75,1.0,54
Simulations/DHP - PLANO - 4000x4000/DHP - PLANO - 4000x4000/Case 054/Plot04/test48.png,test48.png,DHP - PLANO - 4000x4000,PLANO,Case 054,Plot04,5.44,4.75,1.0,54
Simulations/DHP - PLANO - 4000x4000/DHP - PLANO - 4000x4000/Case 054/Plot04/test49.png,test49.png,DHP - PLANO - 4000x4000,PLANO,Case 054,Plot04,5.44,4.75,1.0,54
Simulations/DHP - PLANO - 4000x4000/DHP - PLANO - 4000x4000/Case 055/Plot04/test40.png,test40.png,DHP - PLANO - 4000x4000,PLANO,Case 055,Plot04,3.99,3.4,1.0,55
Simulations/DHP - PLANO - 4000x4000/DHP - PLANO - 4000x4000/Case 055/Plot04/test41.png,test41.png,DHP - PLANO - 4000x4000,PLANO,Case 055,Plot04,3.99,3.4,1.0,55
Simulations/DHP - PLANO - 4000x4000/DHP - PLANO - 4000x4000/Case 055/Plot04/test42.png,test42.png,DHP - PLANO - 4000x4000,PLANO,Case 055,Plot04,3.99,3.4,1.0,55
Simulations/DHP - PLANO - 4000x4000/DHP - PLANO - 4000x4000/Case 055/Plot04/test43.png,test43.png,DHP - PLANO - 4000x4000,PLANO,Case 055,Plot04,3.99,3.4,1.0,55
Simulations/DHP - PLANO - 4000x4000/DHP - PLANO - 4000x4000/Case 055/Plot04/test44.png,test44.png,DHP - PLANO - 4000x4000,PLANO,Case 055,Plot04,3.99,3.4,1.0,55
Simulations/DHP - PLANO - 4000x4000/DHP - PLANO - 4000x4000/Case 055/Plot04/test45.png,test45.png,DHP - PLANO - 4000x4000,PLANO,Case 055,Plot04,3.99,3.4,1.0,55
Simulations/DHP - PLANO - 4000x4000/DHP - PLANO - 4000x4000/Case 055/Plot04/test46.png,test46.png,DHP - PLANO - 4000x4000,PLANO,Case 055,Plot04,3.99,3.4,1.0,55
Simulations/DHP - PLANO - 4000x4000/DHP - PLANO - 4000x4000/Case 055/Plot04/test47.png,test47.png,DHP - PLANO - 4000x4000,PLANO,Case 055,Plot04,3.99,3.4,1.0,55
Simulations/DHP - PLANO - 4000x4000/DHP - PLANO - 4000x4000/Case 055/Plot04/test48.png,test48.png,DHP - PLANO - 4000x4000,PLANO,Case 055,Plot04,3.99,3.4,1.0,55
Simulations/DHP - PLANO - 4000x4000/DHP - PLANO - 4000x4000/Case 055/Plot04/test49.png,test49.png,DHP - PLANO - 4000x4000,PLANO,Case 055,Plot04,3.99,3.4,1.0,55
Simulations/DHP - PLANO - 4000x4000/DHP - PLANO - 4000x4000/Case 056/Plot04/test40.png,test40.png,DHP - PLANO - 4000x4000,PLANO,Case 056,Plot04,2.07,1.5,1.0,56
Simulations/DHP - PLANO - 4000x4000/DHP - PLANO - 4000x4000/Case 056/Plot04/test41.png,test41.png,DHP - PLANO - 4000x4000,PLANO,Case 056,Plot04,2.07,1.5,1.0,56
Simulations/DHP - PLANO - 4000x4000/DHP - PLANO - 4000x4000/Case 056/Plot04/test42.png,test42.png,DHP - PLANO - 4000x4000,PLANO,Case 056,Plot04,2.07,1.5,1.0,56
Simulations/DHP - PLANO - 4000x4000/DHP - PLANO - 4000x4000/Case 056/Plot04/test43.png,test43.png,DHP - PLANO - 4000x4000,PLANO,Case 056,Plot04,2.07,1.5,1.0,56
Simulations/DHP - PLANO - 4000x4000/DHP - PLANO - 4000x4000/Case 056/Plot04/test44.png,test44.png,DHP - PLANO - 4000x4000,PLANO,Case 056,Plot04,2.07,1.5,1.0,56
Simulations/DHP - PLANO - 4000x4000/DHP - PLANO - 4000x4000/Case 056/Plot04/test45.png,test45.png,DHP - PLANO - 4000x4000,PLANO,Case 056,Plot04,2.07,1.5,1.0,56
Simulations/DHP - PLANO - 4000x4000/DHP - PLANO - 4000x4000/Case 056/Plot04/test46.png,test46.png,DHP - PLANO - 4000x4000,PLANO,Case 056,Plot04,2.07,1.5,1.0,56
Simulations/DHP - PLANO - 4000x4000/DHP - PLANO - 4000x4000/Case 056/Plot04/test47.png,test47.png,DHP - PLANO - 4000x4000,PLANO,Case 056,Plot04,2.07,1.5,1.0,56
Simulations/DHP - PLANO - 4000x4000/DHP - PLANO - 4000x4000/Case 056/Plot04/test48.png,test48.png,DHP - PLANO - 4000x4000,PLANO,Case 056,Plot04,2.07,1.5,1.0,56
Simulations/DHP - PLANO - 4000x4000/DHP - PLANO - 4000x4000/Case 056/Plot04/test49.png,test49.png,DHP - PLANO - 4000x4000,PLANO,Case 056,Plot04,2.07,1.5,1.0,56
Simulations/DHP - PLANO - 4000x4000/DHP - PLANO - 4000x4000/Case 057/Plot04/test40.png,test40.png,DHP - PLANO - 4000x4000,PLANO,Case 057,Plot04,1.98,1.5,1.0,57
Simulations/DHP - PLANO - 4000x4000/DHP - PLANO - 4000x4000/Case 057/Plot04/test41.png,test41.png,DHP - PLANO - 4000x4000,PLANO,Case 057,Plot04,1.98,1.5,1.0,57
Simulations/DHP - PLANO - 4000x4000/DHP - PLANO - 4000x4000/Case 057/Plot04/test42.png,test42.png,DHP - PLANO - 4000x4000,PLANO,Case 057,Plot04,1.98,1.5,1.0,57
Simulations/DHP - PLANO - 4000x4000/DHP - PLANO - 4000x4000/Case 057/Plot04/test43.png,test43.png,DHP - PLANO - 4000x4000,PLANO,Case 057,Plot04,1.98,1.5,1.0,57
Simulations/DHP - PLANO - 4000x4000/DHP - PLANO - 4000x4000/Case 057/Plot04/test44.png,test44.png,DHP - PLANO - 4000x4000,PLANO,Case 057,Plot04,1.98,1.5,1.0,57
Simulations/DHP - PLANO - 4000x4000/DHP - PLANO - 4000x4000/Case 057/Plot04/test45.png,test45.png,DHP - PLANO - 4000x4000,PLANO,Case 057,Plot04,1.98,1.5,1.0,57
Simulations/DHP - PLANO - 4000x4000/DHP - PLANO - 4000x4000/Case 057/Plot04/test46.png,test46.png,DHP - PLANO - 4000x4000,PLANO,Case 057,Plot04,1.98,1.5,1.0,57
Simulations/DHP - PLANO - 4000x4000/DHP - PLANO - 4000x4000/Case 057/Plot04/test47.png,test47.png,DHP - PLANO - 4000x4000,PLANO,Case 057,Plot04,1.98,1.5,1.0,57
Simulations/DHP - PLANO - 4000x4000/DHP - PLANO - 4000x4000/Case 057/Plot04/test48.png,test48.png,DHP - PLANO - 4000x4000,PLANO,Case 057,Plot04,1.98,1.5,1.0,57
Simulations/DHP - PLANO - 4000x4000/DHP - PLANO - 4000x4000/Case 057/Plot04/test49.png,test49.png,DHP - PLANO - 4000x4000,PLANO,Case 057,Plot04,1.98,1.5,1.0,57
Simulations/DHP - PLANO - 4000x4000/DHP - PLANO - 4000x4000/Case 058/Plot04/test40.png,test40.png,DHP - PLANO - 4000x4000,PLANO,Case 058,Plot04,1.93,1.4,1.0,58
Simulations/DHP - PLANO - 4000x4000/DHP - PLANO - 4000x4000/Case 058/Plot04/test41.png,test41.png,DHP - PLANO - 4000x4000,PLANO,Case 058,Plot04,1.93,1.4,1.0,58
Simulations/DHP - PLANO - 4000x4000/DHP - PLANO - 4000x4000/Case 058/Plot04/test42.png,test42.png,DHP - PLANO - 4000x4000,PLANO,Case 058,Plot04,1.93,1.4,1.0,58
Simulations/DHP - PLANO - 4000x4000/DHP - PLANO - 4000x4000/Case 058/Plot04/test43.png,test43.png,DHP - PLANO - 4000x4000,PLANO,Case 058,Plot04,1.93,1.4,1.0,58
Simulations/DHP - PLANO - 4000x4000/DHP - PLANO - 4000x4000/Case 058/Plot04/test44.png,test44.png,DHP - PLANO - 4000x4000,PLANO,Case 058,Plot04,1.93,1.4,1.0,58
Simulations/DHP - PLANO - 4000x4000/DHP - PLANO - 4000x4000/Case 058/Plot04/test45.png,test45.png,DHP - PLANO - 4000x4000,PLANO,Case 058,Plot04,1.93,1.4,1.0,58
Simulations/DHP - PLANO - 4000x4000/DHP - PLANO - 4000x4000/Case 058/Plot04/test46.png,test46.png,DHP - PLANO - 4000x4000,PLANO,Case 058,Plot04,1.93,1.4,1.0,58
Simulations/DHP - PLANO - 4000x4000/DHP - PLANO - 4000x4000/Case 058/Plot04/test47.png,test47.png,DHP - PLANO - 4000x4000,PLANO,Case 058,Plot04,1.93,1.4,1.0,58
Simulations/DHP - PLANO - 4000x4000/DHP - PLANO - 4000x4000/Case 058/Plot04/test48.png,test48.png,DHP - PLANO - 4000x4000,PLANO,Case 058,Plot04,1.93,1.4,1.0,58
Simulations/DHP - PLANO - 4000x4000/DHP - PLANO - 4000x4000/Case 058/Plot04/test49.png,test49.png,DHP - PLANO - 4000x4000,PLANO,Case 058,Plot04,1.93,1.4,1.0,58
Simulations/DHP - PLANO - 4000x4000/DHP - PLANO - 4000x4000/Case 059/Plot04/test40.png,test40.png,DHP - PLANO - 4000x4000,PLANO,Case 059,Plot04,1.99,1.4,1.0,59
Simulations/DHP - PLANO - 4000x4000/DHP - PLANO - 4000x4000/Case 059/Plot04/test41.png,test41.png,DHP - PLANO - 4000x4000,PLANO,Case 059,Plot04,1.99,1.4,1.0,59
Simulations/DHP - PLANO - 4000x4000/DHP - PLANO - 4000x4000/Case 059/Plot04/test42.png,test42.png,DHP - PLANO - 4000x4000,PLANO,Case 059,Plot04,1.99,1.4,1.0,59
Simulations/DHP - PLANO - 4000x4000/DHP - PLANO - 4000x4000/Case 059/Plot04/test43.png,test43.png,DHP - PLANO - 4000x4000,PLANO,Case 059,Plot04,1.99,1.4,1.0,59
Simulations/DHP - PLANO - 4000x4000/DHP - PLANO - 4000x4000/Case 059/Plot04/test44.png,test44.png,DHP - PLANO - 4000x4000,PLANO,Case 059,Plot04,1.99,1.4,1.0,59
Simulations/DHP - PLANO - 4000x4000/DHP - PLANO - 4000x4000/Case 059/Plot04/test45.png,test45.png,DHP - PLANO - 4000x4000,PLANO,Case 059,Plot04,1.99,1.4,1.0,59
Simulations/DHP - PLANO - 4000x4000/DHP - PLANO - 4000x4000/Case 059/Plot04/test46.png,test46.png,DHP - PLANO - 4000x4000,PLANO,Case 059,Plot04,1.99,1.4,1.0,59
Simulations/DHP - PLANO - 4000x4000/DHP - PLANO - 4000x4000/Case 059/Plot04/test47.png,test47.png,DHP - PLANO - 4000x4000,PLANO,Case 059,Plot04,1.99,1.4,1.0,59
Simulations/DHP - PLANO - 4000x4000/DHP - PLANO - 4000x4000/Case 059/Plot04/test48.png,test48.png,DHP - PLANO - 4000x4000,PLANO,Case 059,Plot04,1.99,1.4,1.0,59
Simulations/DHP - PLANO - 4000x4000/DHP - PLANO - 4000x4000/Case 059/Plot04/test49.png,test49.png,DHP - PLANO - 4000x4000,PLANO,Case 059,Plot04,1.99,1.4,1.0,59
Simulations/DHP - PLANO - 4000x4000/DHP - PLANO - 4000x4000/Case 060/Plot04/test40.png,test40.png,DHP - PLANO - 4000x4000,PLANO,Case 060,Plot04,3.91,3.2,1.0,60
Simulations/DHP - PLANO - 4000x4000/DHP - PLANO - 4000x4000/Case 060/Plot04/test41.png,test41.png,DHP - PLANO - 4000x4000,PLANO,Case 060,Plot04,3.91,3.2,1.0,60
Simulations/DHP - PLANO - 4000x4000/DHP - PLANO - 4000x4000/Case 060/Plot04/test42.png,test42.png,DHP - PLANO - 4000x4000,PLANO,Case 060,Plot04,3.91,3.2,1.0,60
Simulations/DHP - PLANO - 4000x4000/DHP - PLANO - 4000x4000/Case 060/Plot04/test43.png,test43.png,DHP - PLANO - 4000x4000,PLANO,Case 060,Plot04,3.91,3.2,1.0,60
Simulations/DHP - PLANO - 4000x4000/DHP - PLANO - 4000x4000/Case 060/Plot04/test44.png,test44.png,DHP - PLANO - 4000x4000,PLANO,Case 060,Plot04,3.91,3.2,1.0,60
Simulations/DHP - PLANO - 4000x4000/DHP - PLANO - 4000x4000/Case 060/Plot04/test45.png,test45.png,DHP - PLANO - 4000x4000,PLANO,Case 060,Plot04,3.91,3.2,1.0,60
Simulations/DHP - PLANO - 4000x4000/DHP - PLANO - 4000x4000/Case 060/Plot04/test46.png,test46.png,DHP - PLANO - 4000x4000,PLANO,Case 060,Plot04,3.91,3.2,1.0,60
Simulations/DHP - PLANO - 4000x4000/DHP - PLANO - 4000x4000/Case 060/Plot04/test47.png,test47.png,DHP - PLANO - 4000x4000,PLANO,Case 060,Plot04,3.91,3.2,1.0,60
Simulations/DHP - PLANO - 4000x4000/DHP - PLANO - 4000x4000/Case 060/Plot04/test48.png,test48.png,DHP - PLANO - 4000x4000,PLANO,Case 060,Plot04,3.91,3.2,1.0,60
Simulations/DHP - PLANO - 4000x4000/DHP - PLANO - 4000x4000/Case 060/Plot04/test49.png,test49.png,DHP - PLANO - 4000x4000,PLANO,Case 060,Plot04,3.91,3.2,1.0,60
Simulations/DHP - PLANO - 4000x4000/DHP - PLANO - 4000x4000/Case 061/Plot04/test40.png,test40.png,DHP - PLANO - 4000x4000,PLANO,Case 061,Plot04,3.87,3.3,1.0,61
Simulations/DHP - PLANO - 4000x4000/DHP - PLANO - 4000x4000/Case 061/Plot04/test41.png,test41.png,DHP - PLANO - 4000x4000,PLANO,Case 061,Plot04,3.87,3.3,1.0,61
Simulations/DHP - PLANO - 4000x4000/DHP - PLANO - 4000x4000/Case 061/Plot04/test42.png,test42.png,DHP - PLANO - 4000x4000,PLANO,Case 061,Plot04,3.87,3.3,1.0,61
Simulations/DHP - PLANO - 4000x4000/DHP - PLANO - 4000x4000/Case 061/Plot04/test43.png,test43.png,DHP - PLANO - 4000x4000,PLANO,Case 061,Plot04,3.87,3.3,1.0,61
Simulations/DHP - PLANO - 4000x4000/DHP - PLANO - 4000x4000/Case 061/Plot04/test44.png,test44.png,DHP - PLANO - 4000x4000,PLANO,Case 061,Plot04,3.87,3.3,1.0,61
Simulations/DHP - PLANO - 4000x4000/DHP - PLANO - 4000x4000/Case 061/Plot04/test45.png,test45.png,DHP - PLANO - 4000x4000,PLANO,Case 061,Plot04,3.87,3.3,1.0,61
Simulations/DHP - PLANO - 4000x4000/DHP - PLANO - 4000x4000/Case 061/Plot04/test46.png,test46.png,DHP - PLANO - 4000x4000,PLANO,Case 061,Plot04,3.87,3.3,1.0,61
Simulations/DHP - PLANO - 4000x4000/DHP - PLANO - 4000x4000/Case 061/Plot04/test47.png,test47.png,DHP - PLANO - 4000x4000,PLANO,Case 061,Plot04,3.87,3.3,1.0,61
Simulations/DHP - PLANO - 4000x4000/DHP - PLANO - 4000x4000/Case 061/Plot04/test48.png,test48.png,DHP - PLANO - 4000x4000,PLANO,Case 061,Plot04,3.87,3.3,1.0,61
Simulations/DHP - PLANO - 4000x4000/DHP - PLANO - 4000x4000/Case 061/Plot04/test49.png,test49.png,DHP - PLANO - 4000x4000,PLANO,Case 061,Plot04,3.87,3.3,1.0,61
Simulations/DHP - PLANO - 4000x4000/DHP - PLANO - 4000x4000/Case 062/Plot04/test40.png,test40.png,DHP - PLANO - 4000x4000,PLANO,Case 062,Plot04,5.78,5.1,1.0,62
Simulations/DHP - PLANO - 4000x4000/DHP - PLANO - 4000x4000/Case 062/Plot04/test41.png,test41.png,DHP - PLANO - 4000x4000,PLANO,Case 062,Plot04,5.78,5.1,1.0,62
Simulations/DHP - PLANO - 4000x4000/DHP - PLANO - 4000x4000/Case 062/Plot04/test42.png,test42.png,DHP - PLANO - 4000x4000,PLANO,Case 062,Plot04,5.78,5.1,1.0,62
Simulations/DHP - PLANO - 4000x4000/DHP - PLANO - 4000x4000/Case 062/Plot04/test43.png,test43.png,DHP - PLANO - 4000x4000,PLANO,Case 062,Plot04,5.78,5.1,1.0,62
Simulations/DHP - PLANO - 4000x4000/DHP - PLANO - 4000x4000/Case 062/Plot04/test44.png,test44.png,DHP - PLANO - 4000x4000,PLANO,Case 062,Plot04,5.78,5.1,1.0,62
Simulations/DHP - PLANO - 4000x4000/DHP - PLANO - 4000x4000/Case 062/Plot04/test45.png,test45.png,DHP - PLANO - 4000x4000,PLANO,Case 062,Plot04,5.78,5.1,1.0,62
Simulations/DHP - PLANO - 4000x4000/DHP - PLANO - 4000x4000/Case 062/Plot04/test46.png,test46.png,DHP - PLANO - 4000x4000,PLANO,Case 062,Plot04,5.78,5.1,1.0,62
Simulations/DHP - PLANO - 4000x4000/DHP - PLANO - 4000x4000/Case 062/Plot04/test47.png,test47.png,DHP - PLANO - 4000x4000,PLANO,Case 062,Plot04,5.78,5.1,1.0,62
Simulations/DHP - PLANO - 4000x4000/DHP - PLANO - 4000x4000/Case 062/Plot04/test48.png,test48.png,DHP - PLANO - 4000x4000,PLANO,Case 062,Plot04,5.78,5.1,1.0,62
Simulations/DHP - PLANO - 4000x4000/DHP - PLANO - 4000x4000/Case 062/Plot04/test49.png,test49.png,DHP - PLANO - 4000x4000,PLANO,Case 062,Plot04,5.78,5.1,1.0,62
Simulations/DHP - PLANO - 4000x4000/DHP - PLANO - 4000x4000/Case 063/Plot04/test40.png,test40.png,DHP - PLANO - 4000x4000,PLANO,Case 063,Plot04,0.94,0.9,1.0,63
Simulations/DHP - PLANO - 4000x4000/DHP - PLANO - 4000x4000/Case 063/Plot04/test41.png,test41.png,DHP - PLANO - 4000x4000,PLANO,Case 063,Plot04,0.94,0.9,1.0,63
Simulations/DHP - PLANO - 4000x4000/DHP - PLANO - 4000x4000/Case 063/Plot04/test42.png,test42.png,DHP - PLANO - 4000x4000,PLANO,Case 063,Plot04,0.94,0.9,1.0,63
Simulations/DHP - PLANO - 4000x4000/DHP - PLANO - 4000x4000/Case 063/Plot04/test43.png,test43.png,DHP - PLANO - 4000x4000,PLANO,Case 063,Plot04,0.94,0.9,1.0,63
Simulations/DHP - PLANO - 4000x4000/DHP - PLANO - 4000x4000/Case 063/Plot04/test44.png,test44.png,DHP - PLANO - 4000x4000,PLANO,Case 063,Plot04,0.94,0.9,1.0,63
Simulations/DHP - PLANO - 4000x4000/DHP - PLANO - 4000x4000/Case 063/Plot04/test45.png,test45.png,DHP - PLANO - 4000x4000,PLANO,Case 063,Plot04,0.94,0.9,1.0,63
Simulations/DHP - PLANO - 4000x4000/DHP - PLANO - 4000x4000/Case 063/Plot04/test46.png,test46.png,DHP - PLANO - 4000x4000,PLANO,Case 063,Plot04,0.94,0.9,1.0,63
Simulations/DHP - PLANO - 4000x4000/DHP - PLANO - 4000x4000/Case 063/Plot04/test47.png,test47.png,DHP - PLANO - 4000x4000,PLANO,Case 063,Plot04,0.94,0.9,1.0,63
Simulations/DHP - PLANO - 4000x4000/DHP - PLANO - 4000x4000/Case 063/Plot04/test48.png,test48.png,DHP - PLANO - 4000x4000,PLANO,Case 063,Plot04,0.94,0.9,1.0,63
Simulations/DHP - PLANO - 4000x4000/DHP - PLANO - 4000x4000/Case 063/Plot04/test49.png,test49.png,DHP - PLANO - 4000x4000,PLANO,Case 063,Plot04,0.94,0.9,1.0,63
Simulations/DHP - PLANO - 4000x4000/DHP - PLANO - 4000x4000/Case 064/Plot04/test40.png,test40.png,DHP - PLANO - 4000x4000,PLANO,Case 064,Plot04,0.92,0.9,1.0,64
Simulations/DHP - PLANO - 4000x4000/DHP - PLANO - 4000x4000/Case 064/Plot04/test41.png,test41.png,DHP - PLANO - 4000x4000,PLANO,Case 064,Plot04,0.92,0.9,1.0,64
Simulations/DHP - PLANO - 4000x4000/DHP - PLANO - 4000x4000/Case 064/Plot04/test42.png,test42.png,DHP - PLANO - 4000x4000,PLANO,Case 064,Plot04,0.92,0.9,1.0,64
Simulations/DHP - PLANO - 4000x4000/DHP - PLANO - 4000x4000/Case 064/Plot04/test43.png,test43.png,DHP - PLANO - 4000x4000,PLANO,Case 064,Plot04,0.92,0.9,1.0,64
Simulations/DHP - PLANO - 4000x4000/DHP - PLANO - 4000x4000/Case 064/Plot04/test44.png,test44.png,DHP - PLANO - 4000x4000,PLANO,Case 064,Plot04,0.92,0.9,1.0,64
Simulations/DHP - PLANO - 4000x4000/DHP - PLANO - 4000x4000/Case 064/Plot04/test45.png,test45.png,DHP - PLANO - 4000x4000,PLANO,Case 064,Plot04,0.92,0.9,1.0,64
Simulations/DHP - PLANO - 4000x4000/DHP - PLANO - 4000x4000/Case 064/Plot04/test46.png,test46.png,DHP - PLANO - 4000x4000,PLANO,Case 064,Plot04,0.92,0.9,1.0,64
Simulations/DHP - PLANO - 4000x4000/DHP - PLANO - 4000x4000/Case 064/Plot04/test47.png,test47.png,DHP - PLANO - 4000x4000,PLANO,Case 064,Plot04,0.92,0.9,1.0,64
Simulations/DHP - PLANO - 4000x4000/DHP - PLANO - 4000x4000/Case 064/Plot04/test48.png,test48.png,DHP - PLANO - 4000x4000,PLANO,Case 064,Plot04,0.92,0.9,1.0,64
Simulations/DHP - PLANO - 4000x4000/DHP - PLANO - 4000x4000/Case 064/Plot04/test49.png,test49.png,DHP - PLANO - 4000x4000,PLANO,Case 064,Plot04,0.92,0.9,1.0,64
Simulations/DHP - PLANO - 4000x4000/DHP - PLANO - 4000x4000/Case 065/Plot04/test40.png,test40.png,DHP - PLANO - 4000x4000,PLANO,Case 065,Plot04,6.78,6.7,1.0,65
Simulations/DHP - PLANO - 4000x4000/DHP - PLANO - 4000x4000/Case 065/Plot04/test41.png,test41.png,DHP - PLANO - 4000x4000,PLANO,Case 065,Plot04,6.78,6.7,1.0,65
Simulations/DHP - PLANO - 4000x4000/DHP - PLANO - 4000x4000/Case 065/Plot04/test42.png,test42.png,DHP - PLANO - 4000x4000,PLANO,Case 065,Plot04,6.78,6.7,1.0,65
Simulations/DHP - PLANO - 4000x4000/DHP - PLANO - 4000x4000/Case 065/Plot04/test43.png,test43.png,DHP - PLANO - 4000x4000,PLANO,Case 065,Plot04,6.78,6.7,1.0,65
Simulations/DHP - PLANO - 4000x4000/DHP - PLANO - 4000x4000/Case 065/Plot04/test44.png,test44.png,DHP - PLANO - 4000x4000,PLANO,Case 065,Plot04,6.78,6.7,1.0,65
Simulations/DHP - PLANO - 4000x4000/DHP - PLANO - 4000x4000/Case 065/Plot04/test45.png,test45.png,DHP - PLANO - 4000x4000,PLANO,Case 065,Plot04,6.78,6.7,1.0,65
Simulations/DHP - PLANO - 4000x4000/DHP - PLANO - 4000x4000/Case 065/Plot04/test46.png,test46.png,DHP - PLANO - 4000x4000,PLANO,Case 065,Plot04,6.78,6.7,1.0,65
Simulations/DHP - PLANO - 4000x4000/DHP - PLANO - 4000x4000/Case 065/Plot04/test47.png,test47.png,DHP - PLANO - 4000x4000,PLANO,Case 065,Plot04,6.78,6.7,1.0,65
Simulations/DHP - PLANO - 4000x4000/DHP - PLANO - 4000x4000/Case 065/Plot04/test48.png,test48.png,DHP - PLANO - 4000x4000,PLANO,Case 065,Plot04,6.78,6.7,1.0,65
Simulations/DHP - PLANO - 4000x4000/DHP - PLANO - 4000x4000/Case 065/Plot04/test49.png,test49.png,DHP - PLANO - 4000x4000,PLANO,Case 065,Plot04,6.78,6.7,1.0,65
Simulations/DHP - PLANO - 4000x4000/DHP - PLANO - 4000x4000/Case 066/Plot04/test40.png,test40.png,DHP - PLANO - 4000x4000,PLANO,Case 066,Plot04,3.88,3.8,1.0,66
Simulations/DHP - PLANO - 4000x4000/DHP - PLANO - 4000x4000/Case 066/Plot04/test41.png,test41.png,DHP - PLANO - 4000x4000,PLANO,Case 066,Plot04,3.88,3.8,1.0,66
Simulations/DHP - PLANO - 4000x4000/DHP - PLANO - 4000x4000/Case 066/Plot04/test42.png,test42.png,DHP - PLANO - 4000x4000,PLANO,Case 066,Plot04,3.88,3.8,1.0,66
Simulations/DHP - PLANO - 4000x4000/DHP - PLANO - 4000x4000/Case 066/Plot04/test43.png,test43.png,DHP - PLANO - 4000x4000,PLANO,Case 066,Plot04,3.88,3.8,1.0,66
Simulations/DHP - PLANO - 4000x4000/DHP - PLANO - 4000x4000/Case 066/Plot04/test44.png,test44.png,DHP - PLANO - 4000x4000,PLANO,Case 066,Plot04,3.88,3.8,1.0,66
Simulations/DHP - PLANO - 4000x4000/DHP - PLANO - 4000x4000/Case 066/Plot04/test45.png,test45.png,DHP - PLANO - 4000x4000,PLANO,Case 066,Plot04,3.88,3.8,1.0,66
Simulations/DHP - PLANO - 4000x4000/DHP - PLANO - 4000x4000/Case 066/Plot04/test46.png,test46.png,DHP - PLANO - 4000x4000,PLANO,Case 066,Plot04,3.88,3.8,1.0,66
Simulations/DHP - PLANO - 4000x4000/DHP - PLANO - 4000x4000/Case 066/Plot04/test47.png,test47.png,DHP - PLANO - 4000x4000,PLANO,Case 066,Plot04,3.88,3.8,1.0,66
Simulations/DHP - PLANO - 4000x4000/DHP - PLANO - 4000x4000/Case 066/Plot04/test48.png,test48.png,DHP - PLANO - 4000x4000,PLANO,Case 066,Plot04,3.88,3.8,1.0,66
Simulations/DHP - PLANO - 4000x4000/DHP - PLANO - 4000x4000/Case 066/Plot04/test49.png,test49.png,DHP - PLANO - 4000x4000,PLANO,Case 066,Plot04,3.88,3.8,1.0,66
Simulations/DHP - PLANO - 4000x4000/DHP - PLANO - 4000x4000/Case 067/Plot04/test40.png,test40.png,DHP - PLANO - 4000x4000,PLANO,Case 067,Plot04,4.38,4.3,1.0,67
Simulations/DHP - PLANO - 4000x4000/DHP - PLANO - 4000x4000/Case 067/Plot04/test41.png,test41.png,DHP - PLANO - 4000x4000,PLANO,Case 067,Plot04,4.38,4.3,1.0,67
Simulations/DHP - PLANO - 4000x4000/DHP - PLANO - 4000x4000/Case 067/Plot04/test42.png,test42.png,DHP - PLANO - 4000x4000,PLANO,Case 067,Plot04,4.38,4.3,1.0,67
Simulations/DHP - PLANO - 4000x4000/DHP - PLANO - 4000x4000/Case 067/Plot04/test43.png,test43.png,DHP - PLANO - 4000x4000,PLANO,Case 067,Plot04,4.38,4.3,1.0,67
Simulations/DHP - PLANO - 4000x4000/DHP - PLANO - 4000x4000/Case 067/Plot04/test44.png,test44.png,DHP - PLANO - 4000x4000,PLANO,Case 067,Plot04,4.38,4.3,1.0,67
Simulations/DHP - PLANO - 4000x4000/DHP - PLANO - 4000x4000/Case 067/Plot04/test45.png,test45.png,DHP - PLANO - 4000x4000,PLANO,Case 067,Plot04,4.38,4.3,1.0,67
Simulations/DHP - PLANO - 4000x4000/DHP - PLANO - 4000x4000/Case 067/Plot04/test46.png,test46.png,DHP - PLANO - 4000x4000,PLANO,Case 067,Plot04,4.38,4.3,1.0,67
Simulations/DHP - PLANO - 4000x4000/DHP - PLANO - 4000x4000/Case 067/Plot04/test47.png,test47.png,DHP - PLANO - 4000x4000,PLANO,Case 067,Plot04,4.38,4.3,1.0,67
Simulations/DHP - PLANO - 4000x4000/DHP - PLANO - 4000x4000/Case 067/Plot04/test48.png,test48.png,DHP - PLANO - 4000x4000,PLANO,Case 067,Plot04,4.38,4.3,1.0,67
Simulations/DHP - PLANO - 4000x4000/DHP - PLANO - 4000x4000/Case 067/Plot04/test49.png,test49.png,DHP - PLANO - 4000x4000,PLANO,Case 067,Plot04,4.38,4.3,1.0,67
Simulations/DHP - PLANO - 4000x4000/DHP - PLANO - 4000x4000/Case 068/Plot04/test40.png,test40.png,DHP - PLANO - 4000x4000,PLANO,Case 068,Plot04,4.99,4.9,1.0,68
Simulations/DHP - PLANO - 4000x4000/DHP - PLANO - 4000x4000/Case 068/Plot04/test41.png,test41.png,DHP - PLANO - 4000x4000,PLANO,Case 068,Plot04,4.99,4.9,1.0,68
Simulations/DHP - PLANO - 4000x4000/DHP - PLANO - 4000x4000/Case 068/Plot04/test42.png,test42.png,DHP - PLANO - 4000x4000,PLANO,Case 068,Plot04,4.99,4.9,1.0,68
Simulations/DHP - PLANO - 4000x4000/DHP - PLANO - 4000x4000/Case 068/Plot04/test43.png,test43.png,DHP - PLANO - 4000x4000,PLANO,Case 068,Plot04,4.99,4.9,1.0,68
Simulations/DHP - PLANO - 4000x4000/DHP - PLANO - 4000x4000/Case 068/Plot04/test44.png,test44.png,DHP - PLANO - 4000x4000,PLANO,Case 068,Plot04,4.99,4.9,1.0,68
Simulations/DHP - PLANO - 4000x4000/DHP - PLANO - 4000x4000/Case 068/Plot04/test45.png,test45.png,DHP - PLANO - 4000x4000,PLANO,Case 068,Plot04,4.99,4.9,1.0,68
Simulations/DHP - PLANO - 4000x4000/DHP - PLANO - 4000x4000/Case 068/Plot04/test46.png,test46.png,DHP - PLANO - 4000x4000,PLANO,Case 068,Plot04,4.99,4.9,1.0,68
Simulations/DHP - PLANO - 4000x4000/DHP - PLANO - 4000x4000/Case 068/Plot04/test47.png,test47.png,DHP - PLANO - 4000x4000,PLANO,Case 068,Plot04,4.99,4.9,1.0,68
Simulations/DHP - PLANO - 4000x4000/DHP - PLANO - 4000x4000/Case 068/Plot04/test48.png,test48.png,DHP - PLANO - 4000x4000,PLANO,Case 068,Plot04,4.99,4.9,1.0,68
Simulations/DHP - PLANO - 4000x4000/DHP - PLANO - 4000x4000/Case 068/Plot04/test49.png,test49.png,DHP - PLANO - 4000x4000,PLANO,Case 068,Plot04,4.99,4.9,1.0,68
Simulations/DHP - PLANO - 4000x4000/DHP - PLANO - 4000x4000/Case 069/Plot04/test40.png,test40.png,DHP - PLANO - 4000x4000,PLANO,Case 069,Plot04,4.33,4.2,1.0,69
Simulations/DHP - PLANO - 4000x4000/DHP - PLANO - 4000x4000/Case 069/Plot04/test41.png,test41.png,DHP - PLANO - 4000x4000,PLANO,Case 069,Plot04,4.33,4.2,1.0,69
Simulations/DHP - PLANO - 4000x4000/DHP - PLANO - 4000x4000/Case 069/Plot04/test42.png,test42.png,DHP - PLANO - 4000x4000,PLANO,Case 069,Plot04,4.33,4.2,1.0,69
Simulations/DHP - PLANO - 4000x4000/DHP - PLANO - 4000x4000/Case 069/Plot04/test43.png,test43.png,DHP - PLANO - 4000x4000,PLANO,Case 069,Plot04,4.33,4.2,1.0,69
Simulations/DHP - PLANO - 4000x4000/DHP - PLANO - 4000x4000/Case 069/Plot04/test44.png,test44.png,DHP - PLANO - 4000x4000,PLANO,Case 069,Plot04,4.33,4.2,1.0,69
Simulations/DHP - PLANO - 4000x4000/DHP - PLANO - 4000x4000/Case 069/Plot04/test45.png,test45.png,DHP - PLANO - 4000x4000,PLANO,Case 069,Plot04,4.33,4.2,1.0,69
Simulations/DHP - PLANO - 4000x4000/DHP - PLANO - 4000x4000/Case 069/Plot04/test46.png,test46.png,DHP - PLANO - 4000x4000,PLANO,Case 069,Plot04,4.33,4.2,1.0,69
Simulations/DHP - PLANO - 4000x4000/DHP - PLANO - 4000x4000/Case 069/Plot04/test47.png,test47.png,DHP - PLANO - 4000x4000,PLANO,Case 069,Plot04,4.33,4.2,1.0,69
Simulations/DHP - PLANO - 4000x4000/DHP - PLANO - 4000x4000/Case 069/Plot04/test48.png,test48.png,DHP - PLANO - 4000x4000,PLANO,Case 069,Plot04,4.33,4.2,1.0,69
Simulations/DHP - PLANO - 4000x4000/DHP - PLANO - 4000x4000/Case 069/Plot04/test49.png,test49.png,DHP - PLANO - 4000x4000,PLANO,Case 069,Plot04,4.33,4.2,1.0,69
Simulations/DHP - PLANO - 4000x4000/DHP - PLANO - 4000x4000/Case 070/Plot04/test40.png,test40.png,DHP - PLANO - 4000x4000,PLANO,Case 070,Plot04,3.61,3.5,1.0,70
Simulations/DHP - PLANO - 4000x4000/DHP - PLANO - 4000x4000/Case 070/Plot04/test41.png,test41.png,DHP - PLANO - 4000x4000,PLANO,Case 070,Plot04,3.61,3.5,1.0,70
Simulations/DHP - PLANO - 4000x4000/DHP - PLANO - 4000x4000/Case 070/Plot04/test42.png,test42.png,DHP - PLANO - 4000x4000,PLANO,Case 070,Plot04,3.61,3.5,1.0,70
Simulations/DHP - PLANO - 4000x4000/DHP - PLANO - 4000x4000/Case 070/Plot04/test43.png,test43.png,DHP - PLANO - 4000x4000,PLANO,Case 070,Plot04,3.61,3.5,1.0,70
Simulations/DHP - PLANO - 4000x4000/DHP - PLANO - 4000x4000/Case 070/Plot04/test44.png,test44.png,DHP - PLANO - 4000x4000,PLANO,Case 070,Plot04,3.61,3.5,1.0,70
Simulations/DHP - PLANO - 4000x4000/DHP - PLANO - 4000x4000/Case 070/Plot04/test45.png,test45.png,DHP - PLANO - 4000x4000,PLANO,Case 070,Plot04,3.61,3.5,1.0,70
Simulations/DHP - PLANO - 4000x4000/DHP - PLANO - 4000x4000/Case 070/Plot04/test46.png,test46.png,DHP - PLANO - 4000x4000,PLANO,Case 070,Plot04,3.61,3.5,1.0,70
Simulations/DHP - PLANO - 4000x4000/DHP - PLANO - 4000x4000/Case 070/Plot04/test47.png,test47.png,DHP - PLANO - 4000x4000,PLANO,Case 070,Plot04,3.61,3.5,1.0,70
Simulations/DHP - PLANO - 4000x4000/DHP - PLANO - 4000x4000/Case 070/Plot04/test48.png,test48.png,DHP - PLANO - 4000x4000,PLANO,Case 070,Plot04,3.61,3.5,1.0,70
Simulations/DHP - PLANO - 4000x4000/DHP - PLANO - 4000x4000/Case 070/Plot04/test49.png,test49.png,DHP - PLANO - 4000x4000,PLANO,Case 070,Plot04,3.61,3.5,1.0,70
Simulations/DHP - PLANO - 4000x4000/DHP - PLANO - 4000x4000/Case 071/Plot04/test40.png,test40.png,DHP - PLANO - 4000x4000,PLANO,Case 071,Plot04,2.38,2.25,1.0,71
Simulations/DHP - PLANO - 4000x4000/DHP - PLANO - 4000x4000/Case 071/Plot04/test41.png,test41.png,DHP - PLANO - 4000x4000,PLANO,Case 071,Plot04,2.38,2.25,1.0,71
Simulations/DHP - PLANO - 4000x4000/DHP - PLANO - 4000x4000/Case 071/Plot04/test42.png,test42.png,DHP - PLANO - 4000x4000,PLANO,Case 071,Plot04,2.38,2.25,1.0,71
Simulations/DHP - PLANO - 4000x4000/DHP - PLANO - 4000x4000/Case 071/Plot04/test43.png,test43.png,DHP - PLANO - 4000x4000,PLANO,Case 071,Plot04,2.38,2.25,1.0,71
Simulations/DHP - PLANO - 4000x4000/DHP - PLANO - 4000x4000/Case 071/Plot04/test44.png,test44.png,DHP - PLANO - 4000x4000,PLANO,Case 071,Plot04,2.38,2.25,1.0,71
Simulations/DHP - PLANO - 4000x4000/DHP - PLANO - 4000x4000/Case 071/Plot04/test45.png,test45.png,DHP - PLANO - 4000x4000,PLANO,Case 071,Plot04,2.38,2.25,1.0,71
Simulations/DHP - PLANO - 4000x4000/DHP - PLANO - 4000x4000/Case 071/Plot04/test46.png,test46.png,DHP - PLANO - 4000x4000,PLANO,Case 071,Plot04,2.38,2.25,1.0,71
Simulations/DHP - PLANO - 4000x4000/DHP - PLANO - 4000x4000/Case 071/Plot04/test47.png,test47.png,DHP - PLANO - 4000x4000,PLANO,Case 071,Plot04,2.38,2.25,1.0,71
Simulations/DHP - PLANO - 4000x4000/DHP - PLANO - 4000x4000/Case 071/Plot04/test48.png,test48.png,DHP - PLANO - 4000x4000,PLANO,Case 071,Plot04,2.38,2.25,1.0,71
Simulations/DHP - PLANO - 4000x4000/DHP - PLANO - 4000x4000/Case 071/Plot04/test49.png,test49.png,DHP - PLANO - 4000x4000,PLANO,Case 071,Plot04,2.38,2.25,1.0,71
Simulations/DHP - PLANO - 4000x4000/DHP - PLANO - 4000x4000/Case 072/Plot04/test40.png,test40.png,DHP - PLANO - 4000x4000,PLANO,Case 072,Plot04,2.03,2.0,1.0,72
Simulations/DHP - PLANO - 4000x4000/DHP - PLANO - 4000x4000/Case 072/Plot04/test41.png,test41.png,DHP - PLANO - 4000x4000,PLANO,Case 072,Plot04,2.03,2.0,1.0,72
Simulations/DHP - PLANO - 4000x4000/DHP - PLANO - 4000x4000/Case 072/Plot04/test42.png,test42.png,DHP - PLANO - 4000x4000,PLANO,Case 072,Plot04,2.03,2.0,1.0,72
Simulations/DHP - PLANO - 4000x4000/DHP - PLANO - 4000x4000/Case 072/Plot04/test43.png,test43.png,DHP - PLANO - 4000x4000,PLANO,Case 072,Plot04,2.03,2.0,1.0,72
Simulations/DHP - PLANO - 4000x4000/DHP - PLANO - 4000x4000/Case 072/Plot04/test44.png,test44.png,DHP - PLANO - 4000x4000,PLANO,Case 072,Plot04,2.03,2.0,1.0,72
Simulations/DHP - PLANO - 4000x4000/DHP - PLANO - 4000x4000/Case 072/Plot04/test45.png,test45.png,DHP - PLANO - 4000x4000,PLANO,Case 072,Plot04,2.03,2.0,1.0,72
Simulations/DHP - PLANO - 4000x4000/DHP - PLANO - 4000x4000/Case 072/Plot04/test46.png,test46.png,DHP - PLANO - 4000x4000,PLANO,Case 072,Plot04,2.03,2.0,1.0,72
Simulations/DHP - PLANO - 4000x4000/DHP - PLANO - 4000x4000/Case 072/Plot04/test47.png,test47.png,DHP - PLANO - 4000x4000,PLANO,Case 072,Plot04,2.03,2.0,1.0,72
Simulations/DHP - PLANO - 4000x4000/DHP - PLANO - 4000x4000/Case 072/Plot04/test48.png,test48.png,DHP - PLANO - 4000x4000,PLANO,Case 072,Plot04,2.03,2.0,1.0,72
Simulations/DHP - PLANO - 4000x4000/DHP - PLANO - 4000x4000/Case 072/Plot04/test49.png,test49.png,DHP - PLANO - 4000x4000,PLANO,Case 072,Plot04,2.03,2.0,1.0,72
Simulations/DHP - PLANO - 4000x4000/DHP - PLANO - 4000x4000/Case 073/Plot04/test40.png,test40.png,DHP - PLANO - 4000x4000,PLANO,Case 073,Plot04,1.3,1.25,1.0,73
Simulations/DHP - PLANO - 4000x4000/DHP - PLANO - 4000x4000/Case 073/Plot04/test41.png,test41.png,DHP - PLANO - 4000x4000,PLANO,Case 073,Plot04,1.3,1.25,1.0,73
Simulations/DHP - PLANO - 4000x4000/DHP - PLANO - 4000x4000/Case 073/Plot04/test42.png,test42.png,DHP - PLANO - 4000x4000,PLANO,Case 073,Plot04,1.3,1.25,1.0,73
Simulations/DHP - PLANO - 4000x4000/DHP - PLANO - 4000x4000/Case 073/Plot04/test43.png,test43.png,DHP - PLANO - 4000x4000,PLANO,Case 073,Plot04,1.3,1.25,1.0,73
Simulations/DHP - PLANO - 4000x4000/DHP - PLANO - 4000x4000/Case 073/Plot04/test44.png,test44.png,DHP - PLANO - 4000x4000,PLANO,Case 073,Plot04,1.3,1.25,1.0,73
Simulations/DHP - PLANO - 4000x4000/DHP - PLANO - 4000x4000/Case 073/Plot04/test45.png,test45.png,DHP - PLANO - 4000x4000,PLANO,Case 073,Plot04,1.3,1.25,1.0,73
Simulations/DHP - PLANO - 4000x4000/DHP - PLANO - 4000x4000/Case 073/Plot04/test46.png,test46.png,DHP - PLANO - 4000x4000,PLANO,Case 073,Plot04,1.3,1.25,1.0,73
Simulations/DHP - PLANO - 4000x4000/DHP - PLANO - 4000x4000/Case 073/Plot04/test47.png,test47.png,DHP - PLANO - 4000x4000,PLANO,Case 073,Plot04,1.3,1.25,1.0,73
Simulations/DHP - PLANO - 4000x4000/DHP - PLANO - 4000x4000/Case 073/Plot04/test48.png,test48.png,DHP - PLANO - 4000x4000,PLANO,Case 073,Plot04,1.3,1.25,1.0,73
Simulations/DHP - PLANO - 4000x4000/DHP - PLANO - 4000x4000/Case 073/Plot04/test49.png,test49.png,DHP - PLANO - 4000x4000,PLANO,Case 073,Plot04,1.3,1.25,1.0,73
Simulations/DHP - PLANO - 4000x4000/DHP - PLANO - 4000x4000/Case 074/Plot04/test40.png,test40.png,DHP - PLANO - 4000x4000,PLANO,Case 074,Plot04,4.03,4.0,1.0,74
Simulations/DHP - PLANO - 4000x4000/DHP - PLANO - 4000x4000/Case 074/Plot04/test41.png,test41.png,DHP - PLANO - 4000x4000,PLANO,Case 074,Plot04,4.03,4.0,1.0,74
Simulations/DHP - PLANO - 4000x4000/DHP - PLANO - 4000x4000/Case 074/Plot04/test42.png,test42.png,DHP - PLANO - 4000x4000,PLANO,Case 074,Plot04,4.03,4.0,1.0,74
Simulations/DHP - PLANO - 4000x4000/DHP - PLANO - 4000x4000/Case 074/Plot04/test43.png,test43.png,DHP - PLANO - 4000x4000,PLANO,Case 074,Plot04,4.03,4.0,1.0,74
Simulations/DHP - PLANO - 4000x4000/DHP - PLANO - 4000x4000/Case 074/Plot04/test44.png,test44.png,DHP - PLANO - 4000x4000,PLANO,Case 074,Plot04,4.03,4.0,1.0,74
Simulations/DHP - PLANO - 4000x4000/DHP - PLANO - 4000x4000/Case 074/Plot04/test45.png,test45.png,DHP - PLANO - 4000x4000,PLANO,Case 074,Plot04,4.03,4.0,1.0,74
Simulations/DHP - PLANO - 4000x4000/DHP - PLANO - 4000x4000/Case 074/Plot04/test46.png,test46.png,DHP - PLANO - 4000x4000,PLANO,Case 074,Plot04,4.03,4.0,1.0,74
Simulations/DHP - PLANO - 4000x4000/DHP - PLANO - 4000x4000/Case 074/Plot04/test47.png,test47.png,DHP - PLANO - 4000x4000,PLANO,Case 074,Plot04,4.03,4.0,1.0,74
Simulations/DHP - PLANO - 4000x4000/DHP - PLANO - 4000x4000/Case 074/Plot04/test48.png,test48.png,DHP - PLANO - 4000x4000,PLANO,Case 074,Plot04,4.03,4.0,1.0,74
Simulations/DHP - PLANO - 4000x4000/DHP - PLANO - 4000x4000/Case 074/Plot04/test49.png,test49.png,DHP - PLANO - 4000x4000,PLANO,Case 074,Plot04,4.03,4.0,1.0,74
Simulations/DHP - PLANO - 4000x4000/DHP - PLANO - 4000x4000/Case 075/Plot04/test40.png,test40.png,DHP - PLANO - 4000x4000,PLANO,Case 075,Plot04,2.6,2.6,1.0,75
Simulations/DHP - PLANO - 4000x4000/DHP - PLANO - 4000x4000/Case 075/Plot04/test41.png,test41.png,DHP - PLANO - 4000x4000,PLANO,Case 075,Plot04,2.6,2.6,1.0,75
Simulations/DHP - PLANO - 4000x4000/DHP - PLANO - 4000x4000/Case 075/Plot04/test42.png,test42.png,DHP - PLANO - 4000x4000,PLANO,Case 075,Plot04,2.6,2.6,1.0,75
Simulations/DHP - PLANO - 4000x4000/DHP - PLANO - 4000x4000/Case 075/Plot04/test43.png,test43.png,DHP - PLANO - 4000x4000,PLANO,Case 075,Plot04,2.6,2.6,1.0,75
Simulations/DHP - PLANO - 4000x4000/DHP - PLANO - 4000x4000/Case 075/Plot04/test44.png,test44.png,DHP - PLANO - 4000x4000,PLANO,Case 075,Plot04,2.6,2.6,1.0,75
Simulations/DHP - PLANO - 4000x4000/DHP - PLANO - 4000x4000/Case 075/Plot04/test45.png,test45.png,DHP - PLANO - 4000x4000,PLANO,Case 075,Plot04,2.6,2.6,1.0,75
Simulations/DHP - PLANO - 4000x4000/DHP - PLANO - 4000x4000/Case 075/Plot04/test46.png,test46.png,DHP - PLANO - 4000x4000,PLANO,Case 075,Plot04,2.6,2.6,1.0,75
Simulations/DHP - PLANO - 4000x4000/DHP - PLANO - 4000x4000/Case 075/Plot04/test47.png,test47.png,DHP - PLANO - 4000x4000,PLANO,Case 075,Plot04,2.6,2.6,1.0,75
Simulations/DHP - PLANO - 4000x4000/DHP - PLANO - 4000x4000/Case 075/Plot04/test48.png,test48.png,DHP - PLANO - 4000x4000,PLANO,Case 075,Plot04,2.6,2.6,1.0,75
Simulations/DHP - PLANO - 4000x4000/DHP - PLANO - 4000x4000/Case 075/Plot04/test49.png,test49.png,DHP - PLANO - 4000x4000,PLANO,Case 075,Plot04,2.6,2.6,1.0,75
Simulations/DHP - RND - 4000x4000/DHP - RND - 4000x4000/Case 001/Plot04/test40.png,test40.png,DHP - RND - 4000x4000,RND,Case 001,Plot04,3.135,3.0,0.97,1
Simulations/DHP - RND - 4000x4000/DHP - RND - 4000x4000/Case 001/Plot04/test41.png,test41.png,DHP - RND - 4000x4000,RND,Case 001,Plot04,3.135,3.0,0.97,1
Simulations/DHP - RND - 4000x4000/DHP - RND - 4000x4000/Case 001/Plot04/test42.png,test42.png,DHP - RND - 4000x4000,RND,Case 001,Plot04,3.135,3.0,0.97,1
Simulations/DHP - RND - 4000x4000/DHP - RND - 4000x4000/Case 001/Plot04/test43.png,test43.png,DHP - RND - 4000x4000,RND,Case 001,Plot04,3.135,3.0,0.97,1
Simulations/DHP - RND - 4000x4000/DHP - RND - 4000x4000/Case 001/Plot04/test44.png,test44.png,DHP - RND - 4000x4000,RND,Case 001,Plot04,3.135,3.0,0.97,1
Simulations/DHP - RND - 4000x4000/DHP - RND - 4000x4000/Case 001/Plot04/test45.png,test45.png,DHP - RND - 4000x4000,RND,Case 001,Plot04,3.135,3.0,0.97,1
Simulations/DHP - RND - 4000x4000/DHP - RND - 4000x4000/Case 001/Plot04/test46.png,test46.png,DHP - RND - 4000x4000,RND,Case 001,Plot04,3.135,3.0,0.97,1
Simulations/DHP - RND - 4000x4000/DHP - RND - 4000x4000/Case 001/Plot04/test47.png,test47.png,DHP - RND - 4000x4000,RND,Case 001,Plot04,3.135,3.0,0.97,1
Simulations/DHP - RND - 4000x4000/DHP - RND - 4000x4000/Case 001/Plot04/test48.png,test48.png,DHP - RND - 4000x4000,RND,Case 001,Plot04,3.135,3.0,0.97,1
Simulations/DHP - RND - 4000x4000/DHP - RND - 4000x4000/Case 001/Plot04/test49.png,test49.png,DHP - RND - 4000x4000,RND,Case 001,Plot04,3.135,3.0,0.97,1
Simulations/DHP - RND - 4000x4000/DHP - RND - 4000x4000/Case 002/Plot04/test40.png,test40.png,DHP - RND - 4000x4000,RND,Case 002,Plot04,2.135,2.0,0.96,2
Simulations/DHP - RND - 4000x4000/DHP - RND - 4000x4000/Case 002/Plot04/test41.png,test41.png,DHP - RND - 4000x4000,RND,Case 002,Plot04,2.135,2.0,0.96,2
Simulations/DHP - RND - 4000x4000/DHP - RND - 4000x4000/Case 002/Plot04/test42.png,test42.png,DHP - RND - 4000x4000,RND,Case 002,Plot04,2.135,2.0,0.96,2
Simulations/DHP - RND - 4000x4000/DHP - RND - 4000x4000/Case 002/Plot04/test43.png,test43.png,DHP - RND - 4000x4000,RND,Case 002,Plot04,2.135,2.0,0.96,2
Simulations/DHP - RND - 4000x4000/DHP - RND - 4000x4000/Case 002/Plot04/test44.png,test44.png,DHP - RND - 4000x4000,RND,Case 002,Plot04,2.135,2.0,0.96,2
Simulations/DHP - RND - 4000x4000/DHP - RND - 4000x4000/Case 002/Plot04/test45.png,test45.png,DHP - RND - 4000x4000,RND,Case 002,Plot04,2.135,2.0,0.96,2
Simulations/DHP - RND - 4000x4000/DHP - RND - 4000x4000/Case 002/Plot04/test46.png,test46.png,DHP - RND - 4000x4000,RND,Case 002,Plot04,2.135,2.0,0.96,2
Simulations/DHP - RND - 4000x4000/DHP - RND - 4000x4000/Case 002/Plot04/test47.png,test47.png,DHP - RND - 4000x4000,RND,Case 002,Plot04,2.135,2.0,0.96,2
Simulations/DHP - RND - 4000x4000/DHP - RND - 4000x4000/Case 002/Plot04/test48.png,test48.png,DHP - RND - 4000x4000,RND,Case 002,Plot04,2.135,2.0,0.96,2
Simulations/DHP - RND - 4000x4000/DHP - RND - 4000x4000/Case 002/Plot04/test49.png,test49.png,DHP - RND - 4000x4000,RND,Case 002,Plot04,2.135,2.0,0.96,2
Simulations/DHP - RND - 4000x4000/DHP - RND - 4000x4000/Case 003/Plot04/test40.png,test40.png,DHP - RND - 4000x4000,RND,Case 003,Plot04,1.135,1.0,0.92,3
Simulations/DHP - RND - 4000x4000/DHP - RND - 4000x4000/Case 003/Plot04/test41.png,test41.png,DHP - RND - 4000x4000,RND,Case 003,Plot04,1.135,1.0,0.92,3
Simulations/DHP - RND - 4000x4000/DHP - RND - 4000x4000/Case 003/Plot04/test42.png,test42.png,DHP - RND - 4000x4000,RND,Case 003,Plot04,1.135,1.0,0.92,3
Simulations/DHP - RND - 4000x4000/DHP - RND - 4000x4000/Case 003/Plot04/test43.png,test43.png,DHP - RND - 4000x4000,RND,Case 003,Plot04,1.135,1.0,0.92,3
Simulations/DHP - RND - 4000x4000/DHP - RND - 4000x4000/Case 003/Plot04/test44.png,test44.png,DHP - RND - 4000x4000,RND,Case 003,Plot04,1.135,1.0,0.92,3
Simulations/DHP - RND - 4000x4000/DHP - RND - 4000x4000/Case 003/Plot04/test45.png,test45.png,DHP - RND - 4000x4000,RND,Case 003,Plot04,1.135,1.0,0.92,3
Simulations/DHP - RND - 4000x4000/DHP - RND - 4000x4000/Case 003/Plot04/test46.png,test46.png,DHP - RND - 4000x4000,RND,Case 003,Plot04,1.135,1.0,0.92,3
Simulations/DHP - RND - 4000x4000/DHP - RND - 4000x4000/Case 003/Plot04/test47.png,test47.png,DHP - RND - 4000x4000,RND,Case 003,Plot04,1.135,1.0,0.92,3
Simulations/DHP - RND - 4000x4000/DHP - RND - 4000x4000/Case 003/Plot04/test48.png,test48.png,DHP - RND - 4000x4000,RND,Case 003,Plot04,1.135,1.0,0.92,3
Simulations/DHP - RND - 4000x4000/DHP - RND - 4000x4000/Case 003/Plot04/test49.png,test49.png,DHP - RND - 4000x4000,RND,Case 003,Plot04,1.135,1.0,0.92,3
Simulations/DHP - RND - 4000x4000/DHP - RND - 4000x4000/Case 004/Plot04/test40.png,test40.png,DHP - RND - 4000x4000,RND,Case 004,Plot04,2.135,2.0,0.96,4
Simulations/DHP - RND - 4000x4000/DHP - RND - 4000x4000/Case 004/Plot04/test41.png,test41.png,DHP - RND - 4000x4000,RND,Case 004,Plot04,2.135,2.0,0.96,4
Simulations/DHP - RND - 4000x4000/DHP - RND - 4000x4000/Case 004/Plot04/test42.png,test42.png,DHP - RND - 4000x4000,RND,Case 004,Plot04,2.135,2.0,0.96,4
Simulations/DHP - RND - 4000x4000/DHP - RND - 4000x4000/Case 004/Plot04/test43.png,test43.png,DHP - RND - 4000x4000,RND,Case 004,Plot04,2.135,2.0,0.96,4
Simulations/DHP - RND - 4000x4000/DHP - RND - 4000x4000/Case 004/Plot04/test44.png,test44.png,DHP - RND - 4000x4000,RND,Case 004,Plot04,2.135,2.0,0.96,4
Simulations/DHP - RND - 4000x4000/DHP - RND - 4000x4000/Case 004/Plot04/test45.png,test45.png,DHP - RND - 4000x4000,RND,Case 004,Plot04,2.135,2.0,0.96,4
Simulations/DHP - RND - 4000x4000/DHP - RND - 4000x4000/Case 004/Plot04/test46.png,test46.png,DHP - RND - 4000x4000,RND,Case 004,Plot04,2.135,2.0,0.96,4
Simulations/DHP - RND - 4000x4000/DHP - RND - 4000x4000/Case 004/Plot04/test47.png,test47.png,DHP - RND - 4000x4000,RND,Case 004,Plot04,2.135,2.0,0.96,4
Simulations/DHP - RND - 4000x4000/DHP - RND - 4000x4000/Case 004/Plot04/test48.png,test48.png,DHP - RND - 4000x4000,RND,Case 004,Plot04,2.135,2.0,0.96,4
Simulations/DHP - RND - 4000x4000/DHP - RND - 4000x4000/Case 004/Plot04/test49.png,test49.png,DHP - RND - 4000x4000,RND,Case 004,Plot04,2.135,2.0,0.96,4
Simulations/DHP - RND - 4000x4000/DHP - RND - 4000x4000/Case 005/Plot04/test40.png,test40.png,DHP - RND - 4000x4000,RND,Case 005,Plot04,2.135,2.0,0.96,5
Simulations/DHP - RND - 4000x4000/DHP - RND - 4000x4000/Case 005/Plot04/test41.png,test41.png,DHP - RND - 4000x4000,RND,Case 005,Plot04,2.135,2.0,0.96,5
Simulations/DHP - RND - 4000x4000/DHP - RND - 4000x4000/Case 005/Plot04/test42.png,test42.png,DHP - RND - 4000x4000,RND,Case 005,Plot04,2.135,2.0,0.96,5
Simulations/DHP - RND - 4000x4000/DHP - RND - 4000x4000/Case 005/Plot04/test43.png,test43.png,DHP - RND - 4000x4000,RND,Case 005,Plot04,2.135,2.0,0.96,5
Simulations/DHP - RND - 4000x4000/DHP - RND - 4000x4000/Case 005/Plot04/test44.png,test44.png,DHP - RND - 4000x4000,RND,Case 005,Plot04,2.135,2.0,0.96,5
Simulations/DHP - RND - 4000x4000/DHP - RND - 4000x4000/Case 005/Plot04/test45.png,test45.png,DHP - RND - 4000x4000,RND,Case 005,Plot04,2.135,2.0,0.96,5
Simulations/DHP - RND - 4000x4000/DHP - RND - 4000x4000/Case 005/Plot04/test46.png,test46.png,DHP - RND - 4000x4000,RND,Case 005,Plot04,2.135,2.0,0.96,5
Simulations/DHP - RND - 4000x4000/DHP - RND - 4000x4000/Case 005/Plot04/test47.png,test47.png,DHP - RND - 4000x4000,RND,Case 005,Plot04,2.135,2.0,0.96,5
Simulations/DHP - RND - 4000x4000/DHP - RND - 4000x4000/Case 005/Plot04/test48.png,test48.png,DHP - RND - 4000x4000,RND,Case 005,Plot04,2.135,2.0,0.96,5
Simulations/DHP - RND - 4000x4000/DHP - RND - 4000x4000/Case 005/Plot04/test49.png,test49.png,DHP - RND - 4000x4000,RND,Case 005,Plot04,2.135,2.0,0.96,5
Simulations/DHP - RND - 4000x4000/DHP - RND - 4000x4000/Case 006/Plot04/test40.png,test40.png,DHP - RND - 4000x4000,RND,Case 006,Plot04,2.135,2.0,0.96,6
Simulations/DHP - RND - 4000x4000/DHP - RND - 4000x4000/Case 006/Plot04/test41.png,test41.png,DHP - RND - 4000x4000,RND,Case 006,Plot04,2.135,2.0,0.96,6
Simulations/DHP - RND - 4000x4000/DHP - RND - 4000x4000/Case 006/Plot04/test42.png,test42.png,DHP - RND - 4000x4000,RND,Case 006,Plot04,2.135,2.0,0.96,6
Simulations/DHP - RND - 4000x4000/DHP - RND - 4000x4000/Case 006/Plot04/test43.png,test43.png,DHP - RND - 4000x4000,RND,Case 006,Plot04,2.135,2.0,0.96,6
Simulations/DHP - RND - 4000x4000/DHP - RND - 4000x4000/Case 006/Plot04/test44.png,test44.png,DHP - RND - 4000x4000,RND,Case 006,Plot04,2.135,2.0,0.96,6
Simulations/DHP - RND - 4000x4000/DHP - RND - 4000x4000/Case 006/Plot04/test45.png,test45.png,DHP - RND - 4000x4000,RND,Case 006,Plot04,2.135,2.0,0.96,6
Simulations/DHP - RND - 4000x4000/DHP - RND - 4000x4000/Case 006/Plot04/test46.png,test46.png,DHP - RND - 4000x4000,RND,Case 006,Plot04,2.135,2.0,0.96,6
Simulations/DHP - RND - 4000x4000/DHP - RND - 4000x4000/Case 006/Plot04/test47.png,test47.png,DHP - RND - 4000x4000,RND,Case 006,Plot04,2.135,2.0,0.96,6
Simulations/DHP - RND - 4000x4000/DHP - RND - 4000x4000/Case 006/Plot04/test48.png,test48.png,DHP - RND - 4000x4000,RND,Case 006,Plot04,2.135,2.0,0.96,6
Simulations/DHP - RND - 4000x4000/DHP - RND - 4000x4000/Case 006/Plot04/test49.png,test49.png,DHP - RND - 4000x4000,RND,Case 006,Plot04,2.135,2.0,0.96,6
Simulations/DHP - RND - 4000x4000/DHP - RND - 4000x4000/Case 007/Plot04/test40.png,test40.png,DHP - RND - 4000x4000,RND,Case 007,Plot04,2.06,2.0,0.98,7
Simulations/DHP - RND - 4000x4000/DHP - RND - 4000x4000/Case 007/Plot04/test41.png,test41.png,DHP - RND - 4000x4000,RND,Case 007,Plot04,2.06,2.0,0.98,7
Simulations/DHP - RND - 4000x4000/DHP - RND - 4000x4000/Case 007/Plot04/test42.png,test42.png,DHP - RND - 4000x4000,RND,Case 007,Plot04,2.06,2.0,0.98,7
Simulations/DHP - RND - 4000x4000/DHP - RND - 4000x4000/Case 007/Plot04/test43.png,test43.png,DHP - RND - 4000x4000,RND,Case 007,Plot04,2.06,2.0,0.98,7
Simulations/DHP - RND - 4000x4000/DHP - RND - 4000x4000/Case 007/Plot04/test44.png,test44.png,DHP - RND - 4000x4000,RND,Case 007,Plot04,2.06,2.0,0.98,7
Simulations/DHP - RND - 4000x4000/DHP - RND - 4000x4000/Case 007/Plot04/test45.png,test45.png,DHP - RND - 4000x4000,RND,Case 007,Plot04,2.06,2.0,0.98,7
Simulations/DHP - RND - 4000x4000/DHP - RND - 4000x4000/Case 007/Plot04/test46.png,test46.png,DHP - RND - 4000x4000,RND,Case 007,Plot04,2.06,2.0,0.98,7
Simulations/DHP - RND - 4000x4000/DHP - RND - 4000x4000/Case 007/Plot04/test47.png,test47.png,DHP - RND - 4000x4000,RND,Case 007,Plot04,2.06,2.0,0.98,7
Simulations/DHP - RND - 4000x4000/DHP - RND - 4000x4000/Case 007/Plot04/test48.png,test48.png,DHP - RND - 4000x4000,RND,Case 007,Plot04,2.06,2.0,0.98,7
Simulations/DHP - RND - 4000x4000/DHP - RND - 4000x4000/Case 007/Plot04/test49.png,test49.png,DHP - RND - 4000x4000,RND,Case 007,Plot04,2.06,2.0,0.98,7
Simulations/DHP - RND - 4000x4000/DHP - RND - 4000x4000/Case 008/Plot04/test40.png,test40.png,DHP - RND - 4000x4000,RND,Case 008,Plot04,0.56,0.5,0.93,8
Simulations/DHP - RND - 4000x4000/DHP - RND - 4000x4000/Case 008/Plot04/test41.png,test41.png,DHP - RND - 4000x4000,RND,Case 008,Plot04,0.56,0.5,0.93,8
Simulations/DHP - RND - 4000x4000/DHP - RND - 4000x4000/Case 008/Plot04/test42.png,test42.png,DHP - RND - 4000x4000,RND,Case 008,Plot04,0.56,0.5,0.93,8
Simulations/DHP - RND - 4000x4000/DHP - RND - 4000x4000/Case 008/Plot04/test43.png,test43.png,DHP - RND - 4000x4000,RND,Case 008,Plot04,0.56,0.5,0.93,8
Simulations/DHP - RND - 4000x4000/DHP - RND - 4000x4000/Case 008/Plot04/test44.png,test44.png,DHP - RND - 4000x4000,RND,Case 008,Plot04,0.56,0.5,0.93,8
Simulations/DHP - RND - 4000x4000/DHP - RND - 4000x4000/Case 008/Plot04/test45.png,test45.png,DHP - RND - 4000x4000,RND,Case 008,Plot04,0.56,0.5,0.93,8
Simulations/DHP - RND - 4000x4000/DHP - RND - 4000x4000/Case 008/Plot04/test46.png,test46.png,DHP - RND - 4000x4000,RND,Case 008,Plot04,0.56,0.5,0.93,8
Simulations/DHP - RND - 4000x4000/DHP - RND - 4000x4000/Case 008/Plot04/test47.png,test47.png,DHP - RND - 4000x4000,RND,Case 008,Plot04,0.56,0.5,0.93,8
Simulations/DHP - RND - 4000x4000/DHP - RND - 4000x4000/Case 008/Plot04/test48.png,test48.png,DHP - RND - 4000x4000,RND,Case 008,Plot04,0.56,0.5,0.93,8
Simulations/DHP - RND - 4000x4000/DHP - RND - 4000x4000/Case 008/Plot04/test49.png,test49.png,DHP - RND - 4000x4000,RND,Case 008,Plot04,0.56,0.5,0.93,8
Simulations/DHP - RND - 4000x4000/DHP - RND - 4000x4000/Case 009/Plot04/test40.png,test40.png,DHP - RND - 4000x4000,RND,Case 009,Plot04,2.635,2.5,0.97,9
Simulations/DHP - RND - 4000x4000/DHP - RND - 4000x4000/Case 009/Plot04/test41.png,test41.png,DHP - RND - 4000x4000,RND,Case 009,Plot04,2.635,2.5,0.97,9
Simulations/DHP - RND - 4000x4000/DHP - RND - 4000x4000/Case 009/Plot04/test42.png,test42.png,DHP - RND - 4000x4000,RND,Case 009,Plot04,2.635,2.5,0.97,9
Simulations/DHP - RND - 4000x4000/DHP - RND - 4000x4000/Case 009/Plot04/test43.png,test43.png,DHP - RND - 4000x4000,RND,Case 009,Plot04,2.635,2.5,0.97,9
Simulations/DHP - RND - 4000x4000/DHP - RND - 4000x4000/Case 009/Plot04/test44.png,test44.png,DHP - RND - 4000x4000,RND,Case 009,Plot04,2.635,2.5,0.97,9
Simulations/DHP - RND - 4000x4000/DHP - RND - 4000x4000/Case 009/Plot04/test45.png,test45.png,DHP - RND - 4000x4000,RND,Case 009,Plot04,2.635,2.5,0.97,9
Simulations/DHP - RND - 4000x4000/DHP - RND - 4000x4000/Case 009/Plot04/test46.png,test46.png,DHP - RND - 4000x4000,RND,Case 009,Plot04,2.635,2.5,0.97,9
Simulations/DHP - RND - 4000x4000/DHP - RND - 4000x4000/Case 009/Plot04/test47.png,test47.png,DHP - RND - 4000x4000,RND,Case 009,Plot04,2.635,2.5,0.97,9
Simulations/DHP - RND - 4000x4000/DHP - RND - 4000x4000/Case 009/Plot04/test48.png,test48.png,DHP - RND - 4000x4000,RND,Case 009,Plot04,2.635,2.5,0.97,9
Simulations/DHP - RND - 4000x4000/DHP - RND - 4000x4000/Case 009/Plot04/test49.png,test49.png,DHP - RND - 4000x4000,RND,Case 009,Plot04,2.635,2.5,0.97,9
Simulations/DHP - RND - 4000x4000/DHP - RND - 4000x4000/Case 010/Plot04/test40.png,test40.png,DHP - RND - 4000x4000,RND,Case 010,Plot04,4.289999999999999,3.6,0.9,10
Simulations/DHP - RND - 4000x4000/DHP - RND - 4000x4000/Case 010/Plot04/test41.png,test41.png,DHP - RND - 4000x4000,RND,Case 010,Plot04,4.289999999999999,3.6,0.9,10
Simulations/DHP - RND - 4000x4000/DHP - RND - 4000x4000/Case 010/Plot04/test42.png,test42.png,DHP - RND - 4000x4000,RND,Case 010,Plot04,4.289999999999999,3.6,0.9,10
Simulations/DHP - RND - 4000x4000/DHP - RND - 4000x4000/Case 010/Plot04/test43.png,test43.png,DHP - RND - 4000x4000,RND,Case 010,Plot04,4.289999999999999,3.6,0.9,10
Simulations/DHP - RND - 4000x4000/DHP - RND - 4000x4000/Case 010/Plot04/test44.png,test44.png,DHP - RND - 4000x4000,RND,Case 010,Plot04,4.289999999999999,3.6,0.9,10
Simulations/DHP - RND - 4000x4000/DHP - RND - 4000x4000/Case 010/Plot04/test45.png,test45.png,DHP - RND - 4000x4000,RND,Case 010,Plot04,4.289999999999999,3.6,0.9,10
Simulations/DHP - RND - 4000x4000/DHP - RND - 4000x4000/Case 010/Plot04/test46.png,test46.png,DHP - RND - 4000x4000,RND,Case 010,Plot04,4.289999999999999,3.6,0.9,10
Simulations/DHP - RND - 4000x4000/DHP - RND - 4000x4000/Case 010/Plot04/test47.png,test47.png,DHP - RND - 4000x4000,RND,Case 010,Plot04,4.289999999999999,3.6,0.9,10
Simulations/DHP - RND - 4000x4000/DHP - RND - 4000x4000/Case 010/Plot04/test48.png,test48.png,DHP - RND - 4000x4000,RND,Case 010,Plot04,4.289999999999999,3.6,0.9,10
Simulations/DHP - RND - 4000x4000/DHP - RND - 4000x4000/Case 010/Plot04/test49.png,test49.png,DHP - RND - 4000x4000,RND,Case 010,Plot04,4.289999999999999,3.6,0.9,10
Simulations/DHP - RND - 4000x4000/DHP - RND - 4000x4000/Case 011/Plot04/test40.png,test40.png,DHP - RND - 4000x4000,RND,Case 011,Plot04,3.0999999999999996,2.2,0.82,11
Simulations/DHP - RND - 4000x4000/DHP - RND - 4000x4000/Case 011/Plot04/test41.png,test41.png,DHP - RND - 4000x4000,RND,Case 011,Plot04,3.0999999999999996,2.2,0.82,11
Simulations/DHP - RND - 4000x4000/DHP - RND - 4000x4000/Case 011/Plot04/test42.png,test42.png,DHP - RND - 4000x4000,RND,Case 011,Plot04,3.0999999999999996,2.2,0.82,11
Simulations/DHP - RND - 4000x4000/DHP - RND - 4000x4000/Case 011/Plot04/test43.png,test43.png,DHP - RND - 4000x4000,RND,Case 011,Plot04,3.0999999999999996,2.2,0.82,11
Simulations/DHP - RND - 4000x4000/DHP - RND - 4000x4000/Case 011/Plot04/test44.png,test44.png,DHP - RND - 4000x4000,RND,Case 011,Plot04,3.0999999999999996,2.2,0.82,11
Simulations/DHP - RND - 4000x4000/DHP - RND - 4000x4000/Case 011/Plot04/test45.png,test45.png,DHP - RND - 4000x4000,RND,Case 011,Plot04,3.0999999999999996,2.2,0.82,11
Simulations/DHP - RND - 4000x4000/DHP - RND - 4000x4000/Case 011/Plot04/test46.png,test46.png,DHP - RND - 4000x4000,RND,Case 011,Plot04,3.0999999999999996,2.2,0.82,11
Simulations/DHP - RND - 4000x4000/DHP - RND - 4000x4000/Case 011/Plot04/test47.png,test47.png,DHP - RND - 4000x4000,RND,Case 011,Plot04,3.0999999999999996,2.2,0.82,11
Simulations/DHP - RND - 4000x4000/DHP - RND - 4000x4000/Case 011/Plot04/test48.png,test48.png,DHP - RND - 4000x4000,RND,Case 011,Plot04,3.0999999999999996,2.2,0.82,11
Simulations/DHP - RND - 4000x4000/DHP - RND - 4000x4000/Case 011/Plot04/test49.png,test49.png,DHP - RND - 4000x4000,RND,Case 011,Plot04,3.0999999999999996,2.2,0.82,11
Simulations/DHP - RND - 4000x4000/DHP - RND - 4000x4000/Case 012/Plot04/test40.png,test40.png,DHP - RND - 4000x4000,RND,Case 012,Plot04,3.205,2.5,0.86,12
Simulations/DHP - RND - 4000x4000/DHP - RND - 4000x4000/Case 012/Plot04/test41.png,test41.png,DHP - RND - 4000x4000,RND,Case 012,Plot04,3.205,2.5,0.86,12
Simulations/DHP - RND - 4000x4000/DHP - RND - 4000x4000/Case 012/Plot04/test42.png,test42.png,DHP - RND - 4000x4000,RND,Case 012,Plot04,3.205,2.5,0.86,12
Simulations/DHP - RND - 4000x4000/DHP - RND - 4000x4000/Case 012/Plot04/test43.png,test43.png,DHP - RND - 4000x4000,RND,Case 012,Plot04,3.205,2.5,0.86,12
Simulations/DHP - RND - 4000x4000/DHP - RND - 4000x4000/Case 012/Plot04/test44.png,test44.png,DHP - RND - 4000x4000,RND,Case 012,Plot04,3.205,2.5,0.86,12
Simulations/DHP - RND - 4000x4000/DHP - RND - 4000x4000/Case 012/Plot04/test45.png,test45.png,DHP - RND - 4000x4000,RND,Case 012,Plot04,3.205,2.5,0.86,12
Simulations/DHP - RND - 4000x4000/DHP - RND - 4000x4000/Case 012/Plot04/test46.png,test46.png,DHP - RND - 4000x4000,RND,Case 012,Plot04,3.205,2.5,0.86,12
Simulations/DHP - RND - 4000x4000/DHP - RND - 4000x4000/Case 012/Plot04/test47.png,test47.png,DHP - RND - 4000x4000,RND,Case 012,Plot04,3.205,2.5,0.86,12
Simulations/DHP - RND - 4000x4000/DHP - RND - 4000x4000/Case 012/Plot04/test48.png,test48.png,DHP - RND - 4000x4000,RND,Case 012,Plot04,3.205,2.5,0.86,12
Simulations/DHP - RND - 4000x4000/DHP - RND - 4000x4000/Case 012/Plot04/test49.png,test49.png,DHP - RND - 4000x4000,RND,Case 012,Plot04,3.205,2.5,0.86,12
Simulations/DHP - RND - 4000x4000/DHP - RND - 4000x4000/Case 013/Plot04/test40.png,test40.png,DHP - RND - 4000x4000,RND,Case 013,Plot04,4.24,4.0,0.96,13
Simulations/DHP - RND - 4000x4000/DHP - RND - 4000x4000/Case 013/Plot04/test41.png,test41.png,DHP - RND - 4000x4000,RND,Case 013,Plot04,4.24,4.0,0.96,13
Simulations/DHP - RND - 4000x4000/DHP - RND - 4000x4000/Case 013/Plot04/test42.png,test42.png,DHP - RND - 4000x4000,RND,Case 013,Plot04,4.24,4.0,0.96,13
Simulations/DHP - RND - 4000x4000/DHP - RND - 4000x4000/Case 013/Plot04/test43.png,test43.png,DHP - RND - 4000x4000,RND,Case 013,Plot04,4.24,4.0,0.96,13
Simulations/DHP - RND - 4000x4000/DHP - RND - 4000x4000/Case 013/Plot04/test44.png,test44.png,DHP - RND - 4000x4000,RND,Case 013,Plot04,4.24,4.0,0.96,13
Simulations/DHP - RND - 4000x4000/DHP - RND - 4000x4000/Case 013/Plot04/test45.png,test45.png,DHP - RND - 4000x4000,RND,Case 013,Plot04,4.24,4.0,0.96,13
Simulations/DHP - RND - 4000x4000/DHP - RND - 4000x4000/Case 013/Plot04/test46.png,test46.png,DHP - RND - 4000x4000,RND,Case 013,Plot04,4.24,4.0,0.96,13
Simulations/DHP - RND - 4000x4000/DHP - RND - 4000x4000/Case 013/Plot04/test47.png,test47.png,DHP - RND - 4000x4000,RND,Case 013,Plot04,4.24,4.0,0.96,13
Simulations/DHP - RND - 4000x4000/DHP - RND - 4000x4000/Case 013/Plot04/test48.png,test48.png,DHP - RND - 4000x4000,RND,Case 013,Plot04,4.24,4.0,0.96,13
Simulations/DHP - RND - 4000x4000/DHP - RND - 4000x4000/Case 013/Plot04/test49.png,test49.png,DHP - RND - 4000x4000,RND,Case 013,Plot04,4.24,4.0,0.96,13
Simulations/DHP - RND - 4000x4000/DHP - RND - 4000x4000/Case 014/Plot04/test40.png,test40.png,DHP - RND - 4000x4000,RND,Case 014,Plot04,2.82,2.1,1.0,14
Simulations/DHP - RND - 4000x4000/DHP - RND - 4000x4000/Case 014/Plot04/test41.png,test41.png,DHP - RND - 4000x4000,RND,Case 014,Plot04,2.82,2.1,1.0,14
Simulations/DHP - RND - 4000x4000/DHP - RND - 4000x4000/Case 014/Plot04/test42.png,test42.png,DHP - RND - 4000x4000,RND,Case 014,Plot04,2.82,2.1,1.0,14
Simulations/DHP - RND - 4000x4000/DHP - RND - 4000x4000/Case 014/Plot04/test43.png,test43.png,DHP - RND - 4000x4000,RND,Case 014,Plot04,2.82,2.1,1.0,14
Simulations/DHP - RND - 4000x4000/DHP - RND - 4000x4000/Case 014/Plot04/test44.png,test44.png,DHP - RND - 4000x4000,RND,Case 014,Plot04,2.82,2.1,1.0,14
Simulations/DHP - RND - 4000x4000/DHP - RND - 4000x4000/Case 014/Plot04/test45.png,test45.png,DHP - RND - 4000x4000,RND,Case 014,Plot04,2.82,2.1,1.0,14
Simulations/DHP - RND - 4000x4000/DHP - RND - 4000x4000/Case 014/Plot04/test46.png,test46.png,DHP - RND - 4000x4000,RND,Case 014,Plot04,2.82,2.1,1.0,14
Simulations/DHP - RND - 4000x4000/DHP - RND - 4000x4000/Case 014/Plot04/test47.png,test47.png,DHP - RND - 4000x4000,RND,Case 014,Plot04,2.82,2.1,1.0,14
Simulations/DHP - RND - 4000x4000/DHP - RND - 4000x4000/Case 014/Plot04/test48.png,test48.png,DHP - RND - 4000x4000,RND,Case 014,Plot04,2.82,2.1,1.0,14
Simulations/DHP - RND - 4000x4000/DHP - RND - 4000x4000/Case 014/Plot04/test49.png,test49.png,DHP - RND - 4000x4000,RND,Case 014,Plot04,2.82,2.1,1.0,14
Simulations/DHP - RND - 4000x4000/DHP - RND - 4000x4000/Case 015/Plot04/test40.png,test40.png,DHP - RND - 4000x4000,RND,Case 015,Plot04,3.42,2.7,1.0,15
Simulations/DHP - RND - 4000x4000/DHP - RND - 4000x4000/Case 015/Plot04/test41.png,test41.png,DHP - RND - 4000x4000,RND,Case 015,Plot04,3.42,2.7,1.0,15
Simulations/DHP - RND - 4000x4000/DHP - RND - 4000x4000/Case 015/Plot04/test42.png,test42.png,DHP - RND - 4000x4000,RND,Case 015,Plot04,3.42,2.7,1.0,15
Simulations/DHP - RND - 4000x4000/DHP - RND - 4000x4000/Case 015/Plot04/test43.png,test43.png,DHP - RND - 4000x4000,RND,Case 015,Plot04,3.42,2.7,1.0,15
Simulations/DHP - RND - 4000x4000/DHP - RND - 4000x4000/Case 015/Plot04/test44.png,test44.png,DHP - RND - 4000x4000,RND,Case 015,Plot04,3.42,2.7,1.0,15
Simulations/DHP - RND - 4000x4000/DHP - RND - 4000x4000/Case 015/Plot04/test45.png,test45.png,DHP - RND - 4000x4000,RND,Case 015,Plot04,3.42,2.7,1.0,15
Simulations/DHP - RND - 4000x4000/DHP - RND - 4000x4000/Case 015/Plot04/test46.png,test46.png,DHP - RND - 4000x4000,RND,Case 015,Plot04,3.42,2.7,1.0,15
Simulations/DHP - RND - 4000x4000/DHP - RND - 4000x4000/Case 015/Plot04/test47.png,test47.png,DHP - RND - 4000x4000,RND,Case 015,Plot04,3.42,2.7,1.0,15
Simulations/DHP - RND - 4000x4000/DHP - RND - 4000x4000/Case 015/Plot04/test48.png,test48.png,DHP - RND - 4000x4000,RND,Case 015,Plot04,3.42,2.7,1.0,15
Simulations/DHP - RND - 4000x4000/DHP - RND - 4000x4000/Case 015/Plot04/test49.png,test49.png,DHP - RND - 4000x4000,RND,Case 015,Plot04,3.42,2.7,1.0,15
Simulations/DHP - RND - 4000x4000/DHP - RND - 4000x4000/Case 016/Plot04/test40.png,test40.png,DHP - RND - 4000x4000,RND,Case 016,Plot04,5.725,5.5,0.97,16
Simulations/DHP - RND - 4000x4000/DHP - RND - 4000x4000/Case 016/Plot04/test41.png,test41.png,DHP - RND - 4000x4000,RND,Case 016,Plot04,5.725,5.5,0.97,16
Simulations/DHP - RND - 4000x4000/DHP - RND - 4000x4000/Case 016/Plot04/test42.png,test42.png,DHP - RND - 4000x4000,RND,Case 016,Plot04,5.725,5.5,0.97,16
Simulations/DHP - RND - 4000x4000/DHP - RND - 4000x4000/Case 016/Plot04/test43.png,test43.png,DHP - RND - 4000x4000,RND,Case 016,Plot04,5.725,5.5,0.97,16
Simulations/DHP - RND - 4000x4000/DHP - RND - 4000x4000/Case 016/Plot04/test44.png,test44.png,DHP - RND - 4000x4000,RND,Case 016,Plot04,5.725,5.5,0.97,16
Simulations/DHP - RND - 4000x4000/DHP - RND - 4000x4000/Case 016/Plot04/test45.png,test45.png,DHP - RND - 4000x4000,RND,Case 016,Plot04,5.725,5.5,0.97,16
Simulations/DHP - RND - 4000x4000/DHP - RND - 4000x4000/Case 016/Plot04/test46.png,test46.png,DHP - RND - 4000x4000,RND,Case 016,Plot04,5.725,5.5,0.97,16
Simulations/DHP - RND - 4000x4000/DHP - RND - 4000x4000/Case 016/Plot04/test47.png,test47.png,DHP - RND - 4000x4000,RND,Case 016,Plot04,5.725,5.5,0.97,16
Simulations/DHP - RND - 4000x4000/DHP - RND - 4000x4000/Case 016/Plot04/test48.png,test48.png,DHP - RND - 4000x4000,RND,Case 016,Plot04,5.725,5.5,0.97,16
Simulations/DHP - RND - 4000x4000/DHP - RND - 4000x4000/Case 016/Plot04/test49.png,test49.png,DHP - RND - 4000x4000,RND,Case 016,Plot04,5.725,5.5,0.97,16
Simulations/DHP - RND - 4000x4000/DHP - RND - 4000x4000/Case 017/Plot04/test40.png,test40.png,DHP - RND - 4000x4000,RND,Case 017,Plot04,5.300000000000001,5.0,0.96,17
Simulations/DHP - RND - 4000x4000/DHP - RND - 4000x4000/Case 017/Plot04/test41.png,test41.png,DHP - RND - 4000x4000,RND,Case 017,Plot04,5.300000000000001,5.0,0.96,17
Simulations/DHP - RND - 4000x4000/DHP - RND - 4000x4000/Case 017/Plot04/test42.png,test42.png,DHP - RND - 4000x4000,RND,Case 017,Plot04,5.300000000000001,5.0,0.96,17
Simulations/DHP - RND - 4000x4000/DHP - RND - 4000x4000/Case 017/Plot04/test43.png,test43.png,DHP - RND - 4000x4000,RND,Case 017,Plot04,5.300000000000001,5.0,0.96,17
Simulations/DHP - RND - 4000x4000/DHP - RND - 4000x4000/Case 017/Plot04/test44.png,test44.png,DHP - RND - 4000x4000,RND,Case 017,Plot04,5.300000000000001,5.0,0.96,17
Simulations/DHP - RND - 4000x4000/DHP - RND - 4000x4000/Case 017/Plot04/test45.png,test45.png,DHP - RND - 4000x4000,RND,Case 017,Plot04,5.300000000000001,5.0,0.96,17
Simulations/DHP - RND - 4000x4000/DHP - RND - 4000x4000/Case 017/Plot04/test46.png,test46.png,DHP - RND - 4000x4000,RND,Case 017,Plot04,5.300000000000001,5.0,0.96,17
Simulations/DHP - RND - 4000x4000/DHP - RND - 4000x4000/Case 017/Plot04/test47.png,test47.png,DHP - RND - 4000x4000,RND,Case 017,Plot04,5.300000000000001,5.0,0.96,17
Simulations/DHP - RND - 4000x4000/DHP - RND - 4000x4000/Case 017/Plot04/test48.png,test48.png,DHP - RND - 4000x4000,RND,Case 017,Plot04,5.300000000000001,5.0,0.96,17
Simulations/DHP - RND - 4000x4000/DHP - RND - 4000x4000/Case 017/Plot04/test49.png,test49.png,DHP - RND - 4000x4000,RND,Case 017,Plot04,5.300000000000001,5.0,0.96,17
Simulations/DHP - RND - 4000x4000/DHP - RND - 4000x4000/Case 018/Plot04/test40.png,test40.png,DHP - RND - 4000x4000,RND,Case 018,Plot04,1.165,1.0,0.91,18
Simulations/DHP - RND - 4000x4000/DHP - RND - 4000x4000/Case 018/Plot04/test41.png,test41.png,DHP - RND - 4000x4000,RND,Case 018,Plot04,1.165,1.0,0.91,18
Simulations/DHP - RND - 4000x4000/DHP - RND - 4000x4000/Case 018/Plot04/test42.png,test42.png,DHP - RND - 4000x4000,RND,Case 018,Plot04,1.165,1.0,0.91,18
Simulations/DHP - RND - 4000x4000/DHP - RND - 4000x4000/Case 018/Plot04/test43.png,test43.png,DHP - RND - 4000x4000,RND,Case 018,Plot04,1.165,1.0,0.91,18
Simulations/DHP - RND - 4000x4000/DHP - RND - 4000x4000/Case 018/Plot04/test44.png,test44.png,DHP - RND - 4000x4000,RND,Case 018,Plot04,1.165,1.0,0.91,18
Simulations/DHP - RND - 4000x4000/DHP - RND - 4000x4000/Case 018/Plot04/test45.png,test45.png,DHP - RND - 4000x4000,RND,Case 018,Plot04,1.165,1.0,0.91,18
Simulations/DHP - RND - 4000x4000/DHP - RND - 4000x4000/Case 018/Plot04/test46.png,test46.png,DHP - RND - 4000x4000,RND,Case 018,Plot04,1.165,1.0,0.91,18
Simulations/DHP - RND - 4000x4000/DHP - RND - 4000x4000/Case 018/Plot04/test47.png,test47.png,DHP - RND - 4000x4000,RND,Case 018,Plot04,1.165,1.0,0.91,18
Simulations/DHP - RND - 4000x4000/DHP - RND - 4000x4000/Case 018/Plot04/test48.png,test48.png,DHP - RND - 4000x4000,RND,Case 018,Plot04,1.165,1.0,0.91,18
Simulations/DHP - RND - 4000x4000/DHP - RND - 4000x4000/Case 018/Plot04/test49.png,test49.png,DHP - RND - 4000x4000,RND,Case 018,Plot04,1.165,1.0,0.91,18
Simulations/DHP - RND - 4000x4000/DHP - RND - 4000x4000/Case 019/Plot04/test40.png,test40.png,DHP - RND - 4000x4000,RND,Case 019,Plot04,3.195,3.0,0.96,19
Simulations/DHP - RND - 4000x4000/DHP - RND - 4000x4000/Case 019/Plot04/test41.png,test41.png,DHP - RND - 4000x4000,RND,Case 019,Plot04,3.195,3.0,0.96,19
Simulations/DHP - RND - 4000x4000/DHP - RND - 4000x4000/Case 019/Plot04/test42.png,test42.png,DHP - RND - 4000x4000,RND,Case 019,Plot04,3.195,3.0,0.96,19
Simulations/DHP - RND - 4000x4000/DHP - RND - 4000x4000/Case 019/Plot04/test43.png,test43.png,DHP - RND - 4000x4000,RND,Case 019,Plot04,3.195,3.0,0.96,19
Simulations/DHP - RND - 4000x4000/DHP - RND - 4000x4000/Case 019/Plot04/test44.png,test44.png,DHP - RND - 4000x4000,RND,Case 019,Plot04,3.195,3.0,0.96,19
Simulations/DHP - RND - 4000x4000/DHP - RND - 4000x4000/Case 019/Plot04/test45.png,test45.png,DHP - RND - 4000x4000,RND,Case 019,Plot04,3.195,3.0,0.96,19
Simulations/DHP - RND - 4000x4000/DHP - RND - 4000x4000/Case 019/Plot04/test46.png,test46.png,DHP - RND - 4000x4000,RND,Case 019,Plot04,3.195,3.0,0.96,19
Simulations/DHP - RND - 4000x4000/DHP - RND - 4000x4000/Case 019/Plot04/test47.png,test47.png,DHP - RND - 4000x4000,RND,Case 019,Plot04,3.195,3.0,0.96,19
Simulations/DHP - RND - 4000x4000/DHP - RND - 4000x4000/Case 019/Plot04/test48.png,test48.png,DHP - RND - 4000x4000,RND,Case 019,Plot04,3.195,3.0,0.96,19
Simulations/DHP - RND - 4000x4000/DHP - RND - 4000x4000/Case 019/Plot04/test49.png,test49.png,DHP - RND - 4000x4000,RND,Case 019,Plot04,3.195,3.0,0.96,19
Simulations/DHP - RND - 4000x4000/DHP - RND - 4000x4000/Case 020/Plot04/test40.png,test40.png,DHP - RND - 4000x4000,RND,Case 020,Plot04,1.415,1.25,0.93,20
Simulations/DHP - RND - 4000x4000/DHP - RND - 4000x4000/Case 020/Plot04/test41.png,test41.png,DHP - RND - 4000x4000,RND,Case 020,Plot04,1.415,1.25,0.93,20
Simulations/DHP - RND - 4000x4000/DHP - RND - 4000x4000/Case 020/Plot04/test42.png,test42.png,DHP - RND - 4000x4000,RND,Case 020,Plot04,1.415,1.25,0.93,20
Simulations/DHP - RND - 4000x4000/DHP - RND - 4000x4000/Case 020/Plot04/test43.png,test43.png,DHP - RND - 4000x4000,RND,Case 020,Plot04,1.415,1.25,0.93,20
Simulations/DHP - RND - 4000x4000/DHP - RND - 4000x4000/Case 020/Plot04/test44.png,test44.png,DHP - RND - 4000x4000,RND,Case 020,Plot04,1.415,1.25,0.93,20
Simulations/DHP - RND - 4000x4000/DHP - RND - 4000x4000/Case 020/Plot04/test45.png,test45.png,DHP - RND - 4000x4000,RND,Case 020,Plot04,1.415,1.25,0.93,20
Simulations/DHP - RND - 4000x4000/DHP - RND - 4000x4000/Case 020/Plot04/test46.png,test46.png,DHP - RND - 4000x4000,RND,Case 020,Plot04,1.415,1.25,0.93,20
Simulations/DHP - RND - 4000x4000/DHP - RND - 4000x4000/Case 020/Plot04/test47.png,test47.png,DHP - RND - 4000x4000,RND,Case 020,Plot04,1.415,1.25,0.93,20
Simulations/DHP - RND - 4000x4000/DHP - RND - 4000x4000/Case 020/Plot04/test48.png,test48.png,DHP - RND - 4000x4000,RND,Case 020,Plot04,1.415,1.25,0.93,20
Simulations/DHP - RND - 4000x4000/DHP - RND - 4000x4000/Case 020/Plot04/test49.png,test49.png,DHP - RND - 4000x4000,RND,Case 020,Plot04,1.415,1.25,0.93,20
Simulations/DHP - RND - 4000x4000/DHP - RND - 4000x4000/Case 021/Plot04/test40.png,test40.png,DHP - RND - 4000x4000,RND,Case 021,Plot04,1.415,1.25,0.93,21
Simulations/DHP - RND - 4000x4000/DHP - RND - 4000x4000/Case 021/Plot04/test41.png,test41.png,DHP - RND - 4000x4000,RND,Case 021,Plot04,1.415,1.25,0.93,21
Simulations/DHP - RND - 4000x4000/DHP - RND - 4000x4000/Case 021/Plot04/test42.png,test42.png,DHP - RND - 4000x4000,RND,Case 021,Plot04,1.415,1.25,0.93,21
Simulations/DHP - RND - 4000x4000/DHP - RND - 4000x4000/Case 021/Plot04/test43.png,test43.png,DHP - RND - 4000x4000,RND,Case 021,Plot04,1.415,1.25,0.93,21
Simulations/DHP - RND - 4000x4000/DHP - RND - 4000x4000/Case 021/Plot04/test44.png,test44.png,DHP - RND - 4000x4000,RND,Case 021,Plot04,1.415,1.25,0.93,21
Simulations/DHP - RND - 4000x4000/DHP - RND - 4000x4000/Case 021/Plot04/test45.png,test45.png,DHP - RND - 4000x4000,RND,Case 021,Plot04,1.415,1.25,0.93,21
Simulations/DHP - RND - 4000x4000/DHP - RND - 4000x4000/Case 021/Plot04/test46.png,test46.png,DHP - RND - 4000x4000,RND,Case 021,Plot04,1.415,1.25,0.93,21
Simulations/DHP - RND - 4000x4000/DHP - RND - 4000x4000/Case 021/Plot04/test47.png,test47.png,DHP - RND - 4000x4000,RND,Case 021,Plot04,1.415,1.25,0.93,21
Simulations/DHP - RND - 4000x4000/DHP - RND - 4000x4000/Case 021/Plot04/test48.png,test48.png,DHP - RND - 4000x4000,RND,Case 021,Plot04,1.415,1.25,0.93,21
Simulations/DHP - RND - 4000x4000/DHP - RND - 4000x4000/Case 021/Plot04/test49.png,test49.png,DHP - RND - 4000x4000,RND,Case 021,Plot04,1.415,1.25,0.93,21
Simulations/DHP - RND - 4000x4000/DHP - RND - 4000x4000/Case 022/Plot04/test40.png,test40.png,DHP - RND - 4000x4000,RND,Case 022,Plot04,0.31,0.25,0.88,22
Simulations/DHP - RND - 4000x4000/DHP - RND - 4000x4000/Case 022/Plot04/test41.png,test41.png,DHP - RND - 4000x4000,RND,Case 022,Plot04,0.31,0.25,0.88,22
Simulations/DHP - RND - 4000x4000/DHP - RND - 4000x4000/Case 022/Plot04/test42.png,test42.png,DHP - RND - 4000x4000,RND,Case 022,Plot04,0.31,0.25,0.88,22
Simulations/DHP - RND - 4000x4000/DHP - RND - 4000x4000/Case 022/Plot04/test43.png,test43.png,DHP - RND - 4000x4000,RND,Case 022,Plot04,0.31,0.25,0.88,22
Simulations/DHP - RND - 4000x4000/DHP - RND - 4000x4000/Case 022/Plot04/test44.png,test44.png,DHP - RND - 4000x4000,RND,Case 022,Plot04,0.31,0.25,0.88,22
Simulations/DHP - RND - 4000x4000/DHP - RND - 4000x4000/Case 022/Plot04/test45.png,test45.png,DHP - RND - 4000x4000,RND,Case 022,Plot04,0.31,0.25,0.88,22
Simulations/DHP - RND - 4000x4000/DHP - RND - 4000x4000/Case 022/Plot04/test46.png,test46.png,DHP - RND - 4000x4000,RND,Case 022,Plot04,0.31,0.25,0.88,22
Simulations/DHP - RND - 4000x4000/DHP - RND - 4000x4000/Case 022/Plot04/test47.png,test47.png,DHP - RND - 4000x4000,RND,Case 022,Plot04,0.31,0.25,0.88,22
Simulations/DHP - RND - 4000x4000/DHP - RND - 4000x4000/Case 022/Plot04/test48.png,test48.png,DHP - RND - 4000x4000,RND,Case 022,Plot04,0.31,0.25,0.88,22
Simulations/DHP - RND - 4000x4000/DHP - RND - 4000x4000/Case 022/Plot04/test49.png,test49.png,DHP - RND - 4000x4000,RND,Case 022,Plot04,0.31,0.25,0.88,22
Simulations/DHP - RND - 4000x4000/DHP - RND - 4000x4000/Case 023/Plot04/test40.png,test40.png,DHP - RND - 4000x4000,RND,Case 023,Plot04,0.31,0.25,0.88,23
Simulations/DHP - RND - 4000x4000/DHP - RND - 4000x4000/Case 023/Plot04/test41.png,test41.png,DHP - RND - 4000x4000,RND,Case 023,Plot04,0.31,0.25,0.88,23
Simulations/DHP - RND - 4000x4000/DHP - RND - 4000x4000/Case 023/Plot04/test42.png,test42.png,DHP - RND - 4000x4000,RND,Case 023,Plot04,0.31,0.25,0.88,23
Simulations/DHP - RND - 4000x4000/DHP - RND - 4000x4000/Case 023/Plot04/test43.png,test43.png,DHP - RND - 4000x4000,RND,Case 023,Plot04,0.31,0.25,0.88,23
Simulations/DHP - RND - 4000x4000/DHP - RND - 4000x4000/Case 023/Plot04/test44.png,test44.png,DHP - RND - 4000x4000,RND,Case 023,Plot04,0.31,0.25,0.88,23
Simulations/DHP - RND - 4000x4000/DHP - RND - 4000x4000/Case 023/Plot04/test45.png,test45.png,DHP - RND - 4000x4000,RND,Case 023,Plot04,0.31,0.25,0.88,23
Simulations/DHP - RND - 4000x4000/DHP - RND - 4000x4000/Case 023/Plot04/test46.png,test46.png,DHP - RND - 4000x4000,RND,Case 023,Plot04,0.31,0.25,0.88,23
Simulations/DHP - RND - 4000x4000/DHP - RND - 4000x4000/Case 023/Plot04/test47.png,test47.png,DHP - RND - 4000x4000,RND,Case 023,Plot04,0.31,0.25,0.88,23
Simulations/DHP - RND - 4000x4000/DHP - RND - 4000x4000/Case 023/Plot04/test48.png,test48.png,DHP - RND - 4000x4000,RND,Case 023,Plot04,0.31,0.25,0.88,23
Simulations/DHP - RND - 4000x4000/DHP - RND - 4000x4000/Case 023/Plot04/test49.png,test49.png,DHP - RND - 4000x4000,RND,Case 023,Plot04,0.31,0.25,0.88,23
Simulations/DHP - RND - 4000x4000/DHP - RND - 4000x4000/Case 024/Plot04/test40.png,test40.png,DHP - RND - 4000x4000,RND,Case 024,Plot04,4.735,4.0,0.9,24
Simulations/DHP - RND - 4000x4000/DHP - RND - 4000x4000/Case 024/Plot04/test41.png,test41.png,DHP - RND - 4000x4000,RND,Case 024,Plot04,4.735,4.0,0.9,24
Simulations/DHP - RND - 4000x4000/DHP - RND - 4000x4000/Case 024/Plot04/test42.png,test42.png,DHP - RND - 4000x4000,RND,Case 024,Plot04,4.735,4.0,0.9,24
Simulations/DHP - RND - 4000x4000/DHP - RND - 4000x4000/Case 024/Plot04/test43.png,test43.png,DHP - RND - 4000x4000,RND,Case 024,Plot04,4.735,4.0,0.9,24
Simulations/DHP - RND - 4000x4000/DHP - RND - 4000x4000/Case 024/Plot04/test44.png,test44.png,DHP - RND - 4000x4000,RND,Case 024,Plot04,4.735,4.0,0.9,24
Simulations/DHP - RND - 4000x4000/DHP - RND - 4000x4000/Case 024/Plot04/test45.png,test45.png,DHP - RND - 4000x4000,RND,Case 024,Plot04,4.735,4.0,0.9,24
Simulations/DHP - RND - 4000x4000/DHP - RND - 4000x4000/Case 024/Plot04/test46.png,test46.png,DHP - RND - 4000x4000,RND,Case 024,Plot04,4.735,4.0,0.9,24
Simulations/DHP - RND - 4000x4000/DHP - RND - 4000x4000/Case 024/Plot04/test47.png,test47.png,DHP - RND - 4000x4000,RND,Case 024,Plot04,4.735,4.0,0.9,24
Simulations/DHP - RND - 4000x4000/DHP - RND - 4000x4000/Case 024/Plot04/test48.png,test48.png,DHP - RND - 4000x4000,RND,Case 024,Plot04,4.735,4.0,0.9,24
Simulations/DHP - RND - 4000x4000/DHP - RND - 4000x4000/Case 024/Plot04/test49.png,test49.png,DHP - RND - 4000x4000,RND,Case 024,Plot04,4.735,4.0,0.9,24
Simulations/DHP - RND - 4000x4000/DHP - RND - 4000x4000/Case 025/Plot04/test40.png,test40.png,DHP - RND - 4000x4000,RND,Case 025,Plot04,4.074999999999999,4.0,0.99,25
Simulations/DHP - RND - 4000x4000/DHP - RND - 4000x4000/Case 025/Plot04/test41.png,test41.png,DHP - RND - 4000x4000,RND,Case 025,Plot04,4.074999999999999,4.0,0.99,25
Simulations/DHP - RND - 4000x4000/DHP - RND - 4000x4000/Case 025/Plot04/test42.png,test42.png,DHP - RND - 4000x4000,RND,Case 025,Plot04,4.074999999999999,4.0,0.99,25
Simulations/DHP - RND - 4000x4000/DHP - RND - 4000x4000/Case 025/Plot04/test43.png,test43.png,DHP - RND - 4000x4000,RND,Case 025,Plot04,4.074999999999999,4.0,0.99,25
Simulations/DHP - RND - 4000x4000/DHP - RND - 4000x4000/Case 025/Plot04/test44.png,test44.png,DHP - RND - 4000x4000,RND,Case 025,Plot04,4.074999999999999,4.0,0.99,25
Simulations/DHP - RND - 4000x4000/DHP - RND - 4000x4000/Case 025/Plot04/test45.png,test45.png,DHP - RND - 4000x4000,RND,Case 025,Plot04,4.074999999999999,4.0,0.99,25
Simulations/DHP - RND - 4000x4000/DHP - RND - 4000x4000/Case 025/Plot04/test46.png,test46.png,DHP - RND - 4000x4000,RND,Case 025,Plot04,4.074999999999999,4.0,0.99,25
Simulations/DHP - RND - 4000x4000/DHP - RND - 4000x4000/Case 025/Plot04/test47.png,test47.png,DHP - RND - 4000x4000,RND,Case 025,Plot04,4.074999999999999,4.0,0.99,25
Simulations/DHP - RND - 4000x4000/DHP - RND - 4000x4000/Case 025/Plot04/test48.png,test48.png,DHP - RND - 4000x4000,RND,Case 025,Plot04,4.074999999999999,4.0,0.99,25
Simulations/DHP - RND - 4000x4000/DHP - RND - 4000x4000/Case 025/Plot04/test49.png,test49.png,DHP - RND - 4000x4000,RND,Case 025,Plot04,4.074999999999999,4.0,0.99,25
Simulations/DHP - RND - 4000x4000/DHP - RND - 4000x4000/Case 026/Plot04/test40.png,test40.png,DHP - RND - 4000x4000,RND,Case 026,Plot04,5.074999999999999,5.0,0.99,26
Simulations/DHP - RND - 4000x4000/DHP - RND - 4000x4000/Case 026/Plot04/test41.png,test41.png,DHP - RND - 4000x4000,RND,Case 026,Plot04,5.074999999999999,5.0,0.99,26
Simulations/DHP - RND - 4000x4000/DHP - RND - 4000x4000/Case 026/Plot04/test42.png,test42.png,DHP - RND - 4000x4000,RND,Case 026,Plot04,5.074999999999999,5.0,0.99,26
Simulations/DHP - RND - 4000x4000/DHP - RND - 4000x4000/Case 026/Plot04/test43.png,test43.png,DHP - RND - 4000x4000,RND,Case 026,Plot04,5.074999999999999,5.0,0.99,26
Simulations/DHP - RND - 4000x4000/DHP - RND - 4000x4000/Case 026/Plot04/test44.png,test44.png,DHP - RND - 4000x4000,RND,Case 026,Plot04,5.074999999999999,5.0,0.99,26
Simulations/DHP - RND - 4000x4000/DHP - RND - 4000x4000/Case 026/Plot04/test45.png,test45.png,DHP - RND - 4000x4000,RND,Case 026,Plot04,5.074999999999999,5.0,0.99,26
Simulations/DHP - RND - 4000x4000/DHP - RND - 4000x4000/Case 026/Plot04/test46.png,test46.png,DHP - RND - 4000x4000,RND,Case 026,Plot04,5.074999999999999,5.0,0.99,26
Simulations/DHP - RND - 4000x4000/DHP - RND - 4000x4000/Case 026/Plot04/test47.png,test47.png,DHP - RND - 4000x4000,RND,Case 026,Plot04,5.074999999999999,5.0,0.99,26
Simulations/DHP - RND - 4000x4000/DHP - RND - 4000x4000/Case 026/Plot04/test48.png,test48.png,DHP - RND - 4000x4000,RND,Case 026,Plot04,5.074999999999999,5.0,0.99,26
Simulations/DHP - RND - 4000x4000/DHP - RND - 4000x4000/Case 026/Plot04/test49.png,test49.png,DHP - RND - 4000x4000,RND,Case 026,Plot04,5.074999999999999,5.0,0.99,26
Simulations/DHP - RND - 4000x4000/DHP - RND - 4000x4000/Case 027/Plot04/test40.png,test40.png,DHP - RND - 4000x4000,RND,Case 027,Plot04,6.074999999999999,6.0,0.99,27
Simulations/DHP - RND - 4000x4000/DHP - RND - 4000x4000/Case 027/Plot04/test41.png,test41.png,DHP - RND - 4000x4000,RND,Case 027,Plot04,6.074999999999999,6.0,0.99,27
Simulations/DHP - RND - 4000x4000/DHP - RND - 4000x4000/Case 027/Plot04/test42.png,test42.png,DHP - RND - 4000x4000,RND,Case 027,Plot04,6.074999999999999,6.0,0.99,27
Simulations/DHP - RND - 4000x4000/DHP - RND - 4000x4000/Case 027/Plot04/test43.png,test43.png,DHP - RND - 4000x4000,RND,Case 027,Plot04,6.074999999999999,6.0,0.99,27
Simulations/DHP - RND - 4000x4000/DHP - RND - 4000x4000/Case 027/Plot04/test44.png,test44.png,DHP - RND - 4000x4000,RND,Case 027,Plot04,6.074999999999999,6.0,0.99,27
Simulations/DHP - RND - 4000x4000/DHP - RND - 4000x4000/Case 027/Plot04/test45.png,test45.png,DHP - RND - 4000x4000,RND,Case 027,Plot04,6.074999999999999,6.0,0.99,27
Simulations/DHP - RND - 4000x4000/DHP - RND - 4000x4000/Case 027/Plot04/test46.png,test46.png,DHP - RND - 4000x4000,RND,Case 027,Plot04,6.074999999999999,6.0,0.99,27
Simulations/DHP - RND - 4000x4000/DHP - RND - 4000x4000/Case 027/Plot04/test47.png,test47.png,DHP - RND - 4000x4000,RND,Case 027,Plot04,6.074999999999999,6.0,0.99,27
Simulations/DHP - RND - 4000x4000/DHP - RND - 4000x4000/Case 027/Plot04/test48.png,test48.png,DHP - RND - 4000x4000,RND,Case 027,Plot04,6.074999999999999,6.0,0.99,27
Simulations/DHP - RND - 4000x4000/DHP - RND - 4000x4000/Case 027/Plot04/test49.png,test49.png,DHP - RND - 4000x4000,RND,Case 027,Plot04,6.074999999999999,6.0,0.99,27
Simulations/DHP - RND - 4000x4000/DHP - RND - 4000x4000/Case 028/Plot04/test40.png,test40.png,DHP - RND - 4000x4000,RND,Case 028,Plot04,7.735,7.0,0.94,28
Simulations/DHP - RND - 4000x4000/DHP - RND - 4000x4000/Case 028/Plot04/test41.png,test41.png,DHP - RND - 4000x4000,RND,Case 028,Plot04,7.735,7.0,0.94,28
Simulations/DHP - RND - 4000x4000/DHP - RND - 4000x4000/Case 028/Plot04/test42.png,test42.png,DHP - RND - 4000x4000,RND,Case 028,Plot04,7.735,7.0,0.94,28
Simulations/DHP - RND - 4000x4000/DHP - RND - 4000x4000/Case 028/Plot04/test43.png,test43.png,DHP - RND - 4000x4000,RND,Case 028,Plot04,7.735,7.0,0.94,28
Simulations/DHP - RND - 4000x4000/DHP - RND - 4000x4000/Case 028/Plot04/test44.png,test44.png,DHP - RND - 4000x4000,RND,Case 028,Plot04,7.735,7.0,0.94,28
Simulations/DHP - RND - 4000x4000/DHP - RND - 4000x4000/Case 028/Plot04/test45.png,test45.png,DHP - RND - 4000x4000,RND,Case 028,Plot04,7.735,7.0,0.94,28
Simulations/DHP - RND - 4000x4000/DHP - RND - 4000x4000/Case 028/Plot04/test46.png,test46.png,DHP - RND - 4000x4000,RND,Case 028,Plot04,7.735,7.0,0.94,28
Simulations/DHP - RND - 4000x4000/DHP - RND - 4000x4000/Case 028/Plot04/test47.png,test47.png,DHP - RND - 4000x4000,RND,Case 028,Plot04,7.735,7.0,0.94,28
Simulations/DHP - RND - 4000x4000/DHP - RND - 4000x4000/Case 028/Plot04/test48.png,test48.png,DHP - RND - 4000x4000,RND,Case 028,Plot04,7.735,7.0,0.94,28
Simulations/DHP - RND - 4000x4000/DHP - RND - 4000x4000/Case 028/Plot04/test49.png,test49.png,DHP - RND - 4000x4000,RND,Case 028,Plot04,7.735,7.0,0.94,28
Simulations/DHP - RND - 4000x4000/DHP - RND - 4000x4000/Case 029/Plot04/test40.png,test40.png,DHP - RND - 4000x4000,RND,Case 029,Plot04,3.21,2.85,1.0,29
Simulations/DHP - RND - 4000x4000/DHP - RND - 4000x4000/Case 029/Plot04/test41.png,test41.png,DHP - RND - 4000x4000,RND,Case 029,Plot04,3.21,2.85,1.0,29
Simulations/DHP - RND - 4000x4000/DHP - RND - 4000x4000/Case 029/Plot04/test42.png,test42.png,DHP - RND - 4000x4000,RND,Case 029,Plot04,3.21,2.85,1.0,29
Simulations/DHP - RND - 4000x4000/DHP - RND - 4000x4000/Case 029/Plot04/test43.png,test43.png,DHP - RND - 4000x4000,RND,Case 029,Plot04,3.21,2.85,1.0,29
Simulations/DHP - RND - 4000x4000/DHP - RND - 4000x4000/Case 029/Plot04/test44.png,test44.png,DHP - RND - 4000x4000,RND,Case 029,Plot04,3.21,2.85,1.0,29
Simulations/DHP - RND - 4000x4000/DHP - RND - 4000x4000/Case 029/Plot04/test45.png,test45.png,DHP - RND - 4000x4000,RND,Case 029,Plot04,3.21,2.85,1.0,29
Simulations/DHP - RND - 4000x4000/DHP - RND - 4000x4000/Case 029/Plot04/test46.png,test46.png,DHP - RND - 4000x4000,RND,Case 029,Plot04,3.21,2.85,1.0,29
Simulations/DHP - RND - 4000x4000/DHP - RND - 4000x4000/Case 029/Plot04/test47.png,test47.png,DHP - RND - 4000x4000,RND,Case 029,Plot04,3.21,2.85,1.0,29
Simulations/DHP - RND - 4000x4000/DHP - RND - 4000x4000/Case 029/Plot04/test48.png,test48.png,DHP - RND - 4000x4000,RND,Case 029,Plot04,3.21,2.85,1.0,29
Simulations/DHP - RND - 4000x4000/DHP - RND - 4000x4000/Case 029/Plot04/test49.png,test49.png,DHP - RND - 4000x4000,RND,Case 029,Plot04,3.21,2.85,1.0,29
Simulations/DHP - RND - 4000x4000/DHP - RND - 4000x4000/Case 030/Plot04/test40.png,test40.png,DHP - RND - 4000x4000,RND,Case 030,Plot04,3.55,2.2,0.78,30
Simulations/DHP - RND - 4000x4000/DHP - RND - 4000x4000/Case 030/Plot04/test41.png,test41.png,DHP - RND - 4000x4000,RND,Case 030,Plot04,3.55,2.2,0.78,30
Simulations/DHP - RND - 4000x4000/DHP - RND - 4000x4000/Case 030/Plot04/test42.png,test42.png,DHP - RND - 4000x4000,RND,Case 030,Plot04,3.55,2.2,0.78,30
Simulations/DHP - RND - 4000x4000/DHP - RND - 4000x4000/Case 030/Plot04/test43.png,test43.png,DHP - RND - 4000x4000,RND,Case 030,Plot04,3.55,2.2,0.78,30
Simulations/DHP - RND - 4000x4000/DHP - RND - 4000x4000/Case 030/Plot04/Test44.png,Test44.png,DHP - RND - 4000x4000,RND,Case 030,Plot04,3.55,2.2,0.78,30
Simulations/DHP - RND - 4000x4000/DHP - RND - 4000x4000/Case 030/Plot04/test45.png,test45.png,DHP - RND - 4000x4000,RND,Case 030,Plot04,3.55,2.2,0.78,30
Simulations/DHP - RND - 4000x4000/DHP - RND - 4000x4000/Case 030/Plot04/test46.png,test46.png,DHP - RND - 4000x4000,RND,Case 030,Plot04,3.55,2.2,0.78,30
Simulations/DHP - RND - 4000x4000/DHP - RND - 4000x4000/Case 030/Plot04/test47.png,test47.png,DHP - RND - 4000x4000,RND,Case 030,Plot04,3.55,2.2,0.78,30
Simulations/DHP - RND - 4000x4000/DHP - RND - 4000x4000/Case 030/Plot04/test48.png,test48.png,DHP - RND - 4000x4000,RND,Case 030,Plot04,3.55,2.2,0.78,30
Simulations/DHP - RND - 4000x4000/DHP - RND - 4000x4000/Case 030/Plot04/test49.png,test49.png,DHP - RND - 4000x4000,RND,Case 030,Plot04,3.55,2.2,0.78,30
Simulations/DHP - RND - 4000x4000/DHP - RND - 4000x4000/Case 031/Plot04/test40.png,test40.png,DHP - RND - 4000x4000,RND,Case 031,Plot04,3.79,3.1,0.89,31
Simulations/DHP - RND - 4000x4000/DHP - RND - 4000x4000/Case 031/Plot04/test41.png,test41.png,DHP - RND - 4000x4000,RND,Case 031,Plot04,3.79,3.1,0.89,31
Simulations/DHP - RND - 4000x4000/DHP - RND - 4000x4000/Case 031/Plot04/test42.png,test42.png,DHP - RND - 4000x4000,RND,Case 031,Plot04,3.79,3.1,0.89,31
Simulations/DHP - RND - 4000x4000/DHP - RND - 4000x4000/Case 031/Plot04/test43.png,test43.png,DHP - RND - 4000x4000,RND,Case 031,Plot04,3.79,3.1,0.89,31
Simulations/DHP - RND - 4000x4000/DHP - RND - 4000x4000/Case 031/Plot04/test44.png,test44.png,DHP - RND - 4000x4000,RND,Case 031,Plot04,3.79,3.1,0.89,31
Simulations/DHP - RND - 4000x4000/DHP - RND - 4000x4000/Case 031/Plot04/test45.png,test45.png,DHP - RND - 4000x4000,RND,Case 031,Plot04,3.79,3.1,0.89,31
Simulations/DHP - RND - 4000x4000/DHP - RND - 4000x4000/Case 031/Plot04/test46.png,test46.png,DHP - RND - 4000x4000,RND,Case 031,Plot04,3.79,3.1,0.89,31
Simulations/DHP - RND - 4000x4000/DHP - RND - 4000x4000/Case 031/Plot04/test47.png,test47.png,DHP - RND - 4000x4000,RND,Case 031,Plot04,3.79,3.1,0.89,31
Simulations/DHP - RND - 4000x4000/DHP - RND - 4000x4000/Case 031/Plot04/test48.png,test48.png,DHP - RND - 4000x4000,RND,Case 031,Plot04,3.79,3.1,0.89,31
Simulations/DHP - RND - 4000x4000/DHP - RND - 4000x4000/Case 031/Plot04/test49.png,test49.png,DHP - RND - 4000x4000,RND,Case 031,Plot04,3.79,3.1,0.89,31
Simulations/DHP - RND - 4000x4000/DHP - RND - 4000x4000/Case 032/Plot04/test40.png,test40.png,DHP - RND - 4000x4000,RND,Case 032,Plot04,3.55,2.2,0.78,32
Simulations/DHP - RND - 4000x4000/DHP - RND - 4000x4000/Case 032/Plot04/test41.png,test41.png,DHP - RND - 4000x4000,RND,Case 032,Plot04,3.55,2.2,0.78,32
Simulations/DHP - RND - 4000x4000/DHP - RND - 4000x4000/Case 032/Plot04/test42.png,test42.png,DHP - RND - 4000x4000,RND,Case 032,Plot04,3.55,2.2,0.78,32
Simulations/DHP - RND - 4000x4000/DHP - RND - 4000x4000/Case 032/Plot04/test43.png,test43.png,DHP - RND - 4000x4000,RND,Case 032,Plot04,3.55,2.2,0.78,32
Simulations/DHP - RND - 4000x4000/DHP - RND - 4000x4000/Case 032/Plot04/Test44.png,Test44.png,DHP - RND - 4000x4000,RND,Case 032,Plot04,3.55,2.2,0.78,32
Simulations/DHP - RND - 4000x4000/DHP - RND - 4000x4000/Case 032/Plot04/test45.png,test45.png,DHP - RND - 4000x4000,RND,Case 032,Plot04,3.55,2.2,0.78,32
Simulations/DHP - RND - 4000x4000/DHP - RND - 4000x4000/Case 032/Plot04/test46.png,test46.png,DHP - RND - 4000x4000,RND,Case 032,Plot04,3.55,2.2,0.78,32
Simulations/DHP - RND - 4000x4000/DHP - RND - 4000x4000/Case 032/Plot04/test47.png,test47.png,DHP - RND - 4000x4000,RND,Case 032,Plot04,3.55,2.2,0.78,32
Simulations/DHP - RND - 4000x4000/DHP - RND - 4000x4000/Case 032/Plot04/test48.png,test48.png,DHP - RND - 4000x4000,RND,Case 032,Plot04,3.55,2.2,0.78,32
Simulations/DHP - RND - 4000x4000/DHP - RND - 4000x4000/Case 032/Plot04/test49.png,test49.png,DHP - RND - 4000x4000,RND,Case 032,Plot04,3.55,2.2,0.78,32
Simulations/DHP - RND - 4000x4000/DHP - RND - 4000x4000/Case 033/Plot04/test40.png,test40.png,DHP - RND - 4000x4000,RND,Case 033,Plot04,3.0,3.0,1.0,33
Simulations/DHP - RND - 4000x4000/DHP - RND - 4000x4000/Case 033/Plot04/test41.png,test41.png,DHP - RND - 4000x4000,RND,Case 033,Plot04,3.0,3.0,1.0,33
Simulations/DHP - RND - 4000x4000/DHP - RND - 4000x4000/Case 033/Plot04/test42.png,test42.png,DHP - RND - 4000x4000,RND,Case 033,Plot04,3.0,3.0,1.0,33
Simulations/DHP - RND - 4000x4000/DHP - RND - 4000x4000/Case 033/Plot04/test43.png,test43.png,DHP - RND - 4000x4000,RND,Case 033,Plot04,3.0,3.0,1.0,33
Simulations/DHP - RND - 4000x4000/DHP - RND - 4000x4000/Case 033/Plot04/test44.png,test44.png,DHP - RND - 4000x4000,RND,Case 033,Plot04,3.0,3.0,1.0,33
Simulations/DHP - RND - 4000x4000/DHP - RND - 4000x4000/Case 033/Plot04/test45.png,test45.png,DHP - RND - 4000x4000,RND,Case 033,Plot04,3.0,3.0,1.0,33
Simulations/DHP - RND - 4000x4000/DHP - RND - 4000x4000/Case 033/Plot04/test46.png,test46.png,DHP - RND - 4000x4000,RND,Case 033,Plot04,3.0,3.0,1.0,33
Simulations/DHP - RND - 4000x4000/DHP - RND - 4000x4000/Case 033/Plot04/test47.png,test47.png,DHP - RND - 4000x4000,RND,Case 033,Plot04,3.0,3.0,1.0,33
Simulations/DHP - RND - 4000x4000/DHP - RND - 4000x4000/Case 033/Plot04/test48.png,test48.png,DHP - RND - 4000x4000,RND,Case 033,Plot04,3.0,3.0,1.0,33
Simulations/DHP - RND - 4000x4000/DHP - RND - 4000x4000/Case 033/Plot04/test49.png,test49.png,DHP - RND - 4000x4000,RND,Case 033,Plot04,3.0,3.0,1.0,33
Simulations/DHP - RND - 4000x4000/DHP - RND - 4000x4000/Case 034/Plot04/test40.png,test40.png,DHP - RND - 4000x4000,RND,Case 034,Plot04,2.0,2.0,1.0,34
Simulations/DHP - RND - 4000x4000/DHP - RND - 4000x4000/Case 034/Plot04/test41.png,test41.png,DHP - RND - 4000x4000,RND,Case 034,Plot04,2.0,2.0,1.0,34
Simulations/DHP - RND - 4000x4000/DHP - RND - 4000x4000/Case 034/Plot04/test42.png,test42.png,DHP - RND - 4000x4000,RND,Case 034,Plot04,2.0,2.0,1.0,34
Simulations/DHP - RND - 4000x4000/DHP - RND - 4000x4000/Case 034/Plot04/test43.png,test43.png,DHP - RND - 4000x4000,RND,Case 034,Plot04,2.0,2.0,1.0,34
Simulations/DHP - RND - 4000x4000/DHP - RND - 4000x4000/Case 034/Plot04/test44.png,test44.png,DHP - RND - 4000x4000,RND,Case 034,Plot04,2.0,2.0,1.0,34
Simulations/DHP - RND - 4000x4000/DHP - RND - 4000x4000/Case 034/Plot04/test45.png,test45.png,DHP - RND - 4000x4000,RND,Case 034,Plot04,2.0,2.0,1.0,34
Simulations/DHP - RND - 4000x4000/DHP - RND - 4000x4000/Case 034/Plot04/test46.png,test46.png,DHP - RND - 4000x4000,RND,Case 034,Plot04,2.0,2.0,1.0,34
Simulations/DHP - RND - 4000x4000/DHP - RND - 4000x4000/Case 034/Plot04/test47.png,test47.png,DHP - RND - 4000x4000,RND,Case 034,Plot04,2.0,2.0,1.0,34
Simulations/DHP - RND - 4000x4000/DHP - RND - 4000x4000/Case 034/Plot04/test48.png,test48.png,DHP - RND - 4000x4000,RND,Case 034,Plot04,2.0,2.0,1.0,34
Simulations/DHP - RND - 4000x4000/DHP - RND - 4000x4000/Case 034/Plot04/test49.png,test49.png,DHP - RND - 4000x4000,RND,Case 034,Plot04,2.0,2.0,1.0,34
Simulations/DHP - RND - 4000x4000/DHP - RND - 4000x4000/Case 035/Plot04/test40.png,test40.png,DHP - RND - 4000x4000,RND,Case 035,Plot04,6.51,6.0,0.95,35
Simulations/DHP - RND - 4000x4000/DHP - RND - 4000x4000/Case 035/Plot04/test41.png,test41.png,DHP - RND - 4000x4000,RND,Case 035,Plot04,6.51,6.0,0.95,35
Simulations/DHP - RND - 4000x4000/DHP - RND - 4000x4000/Case 035/Plot04/test42.png,test42.png,DHP - RND - 4000x4000,RND,Case 035,Plot04,6.51,6.0,0.95,35
Simulations/DHP - RND - 4000x4000/DHP - RND - 4000x4000/Case 035/Plot04/test43.png,test43.png,DHP - RND - 4000x4000,RND,Case 035,Plot04,6.51,6.0,0.95,35
Simulations/DHP - RND - 4000x4000/DHP - RND - 4000x4000/Case 035/Plot04/test44.png,test44.png,DHP - RND - 4000x4000,RND,Case 035,Plot04,6.51,6.0,0.95,35
Simulations/DHP - RND - 4000x4000/DHP - RND - 4000x4000/Case 035/Plot04/test45.png,test45.png,DHP - RND - 4000x4000,RND,Case 035,Plot04,6.51,6.0,0.95,35
Simulations/DHP - RND - 4000x4000/DHP - RND - 4000x4000/Case 035/Plot04/test46.png,test46.png,DHP - RND - 4000x4000,RND,Case 035,Plot04,6.51,6.0,0.95,35
Simulations/DHP - RND - 4000x4000/DHP - RND - 4000x4000/Case 035/Plot04/test47.png,test47.png,DHP - RND - 4000x4000,RND,Case 035,Plot04,6.51,6.0,0.95,35
Simulations/DHP - RND - 4000x4000/DHP - RND - 4000x4000/Case 035/Plot04/test48.png,test48.png,DHP - RND - 4000x4000,RND,Case 035,Plot04,6.51,6.0,0.95,35
Simulations/DHP - RND - 4000x4000/DHP - RND - 4000x4000/Case 035/Plot04/test49.png,test49.png,DHP - RND - 4000x4000,RND,Case 035,Plot04,6.51,6.0,0.95,35
Simulations/DHP - RND - 4000x4000/DHP - RND - 4000x4000/Case 036/Plot04/test40.png,test40.png,DHP - RND - 4000x4000,RND,Case 036,Plot04,3.135,3.0,0.97,36
Simulations/DHP - RND - 4000x4000/DHP - RND - 4000x4000/Case 036/Plot04/test41.png,test41.png,DHP - RND - 4000x4000,RND,Case 036,Plot04,3.135,3.0,0.97,36
Simulations/DHP - RND - 4000x4000/DHP - RND - 4000x4000/Case 036/Plot04/test42.png,test42.png,DHP - RND - 4000x4000,RND,Case 036,Plot04,3.135,3.0,0.97,36
Simulations/DHP - RND - 4000x4000/DHP - RND - 4000x4000/Case 036/Plot04/test43.png,test43.png,DHP - RND - 4000x4000,RND,Case 036,Plot04,3.135,3.0,0.97,36
Simulations/DHP - RND - 4000x4000/DHP - RND - 4000x4000/Case 036/Plot04/test44.png,test44.png,DHP - RND - 4000x4000,RND,Case 036,Plot04,3.135,3.0,0.97,36
Simulations/DHP - RND - 4000x4000/DHP - RND - 4000x4000/Case 036/Plot04/test45.png,test45.png,DHP - RND - 4000x4000,RND,Case 036,Plot04,3.135,3.0,0.97,36
Simulations/DHP - RND - 4000x4000/DHP - RND - 4000x4000/Case 036/Plot04/test46.png,test46.png,DHP - RND - 4000x4000,RND,Case 036,Plot04,3.135,3.0,0.97,36
Simulations/DHP - RND - 4000x4000/DHP - RND - 4000x4000/Case 036/Plot04/test47.png,test47.png,DHP - RND - 4000x4000,RND,Case 036,Plot04,3.135,3.0,0.97,36
Simulations/DHP - RND - 4000x4000/DHP - RND - 4000x4000/Case 036/Plot04/test48.png,test48.png,DHP - RND - 4000x4000,RND,Case 036,Plot04,3.135,3.0,0.97,36
Simulations/DHP - RND - 4000x4000/DHP - RND - 4000x4000/Case 036/Plot04/test49.png,test49.png,DHP - RND - 4000x4000,RND,Case 036,Plot04,3.135,3.0,0.97,36
Simulations/DHP - RND - 4000x4000/DHP - RND - 4000x4000/Case 037/Plot04/test40.png,test40.png,DHP - RND - 4000x4000,RND,Case 037,Plot04,3.93,3.0,0.85,37
Simulations/DHP - RND - 4000x4000/DHP - RND - 4000x4000/Case 037/Plot04/test41.png,test41.png,DHP - RND - 4000x4000,RND,Case 037,Plot04,3.93,3.0,0.85,37
Simulations/DHP - RND - 4000x4000/DHP - RND - 4000x4000/Case 037/Plot04/test42.png,test42.png,DHP - RND - 4000x4000,RND,Case 037,Plot04,3.93,3.0,0.85,37
Simulations/DHP - RND - 4000x4000/DHP - RND - 4000x4000/Case 037/Plot04/test43.png,test43.png,DHP - RND - 4000x4000,RND,Case 037,Plot04,3.93,3.0,0.85,37
Simulations/DHP - RND - 4000x4000/DHP - RND - 4000x4000/Case 037/Plot04/test44.png,test44.png,DHP - RND - 4000x4000,RND,Case 037,Plot04,3.93,3.0,0.85,37
Simulations/DHP - RND - 4000x4000/DHP - RND - 4000x4000/Case 037/Plot04/test45.png,test45.png,DHP - RND - 4000x4000,RND,Case 037,Plot04,3.93,3.0,0.85,37
Simulations/DHP - RND - 4000x4000/DHP - RND - 4000x4000/Case 037/Plot04/test46.png,test46.png,DHP - RND - 4000x4000,RND,Case 037,Plot04,3.93,3.0,0.85,37
Simulations/DHP - RND - 4000x4000/DHP - RND - 4000x4000/Case 037/Plot04/test47.png,test47.png,DHP - RND - 4000x4000,RND,Case 037,Plot04,3.93,3.0,0.85,37
Simulations/DHP - RND - 4000x4000/DHP - RND - 4000x4000/Case 037/Plot04/test48.png,test48.png,DHP - RND - 4000x4000,RND,Case 037,Plot04,3.93,3.0,0.85,37
Simulations/DHP - RND - 4000x4000/DHP - RND - 4000x4000/Case 037/Plot04/test49.png,test49.png,DHP - RND - 4000x4000,RND,Case 037,Plot04,3.93,3.0,0.85,37
Simulations/DHP - RND - 4000x4000/DHP - RND - 4000x4000/Case 038/Plot04/test40.png,test40.png,DHP - RND - 4000x4000,RND,Case 038,Plot04,2.4050000000000002,2.15,0.93,38
Simulations/DHP - RND - 4000x4000/DHP - RND - 4000x4000/Case 038/Plot04/test41.png,test41.png,DHP - RND - 4000x4000,RND,Case 038,Plot04,2.4050000000000002,2.15,0.93,38
Simulations/DHP - RND - 4000x4000/DHP - RND - 4000x4000/Case 038/Plot04/test42.png,test42.png,DHP - RND - 4000x4000,RND,Case 038,Plot04,2.4050000000000002,2.15,0.93,38
Simulations/DHP - RND - 4000x4000/DHP - RND - 4000x4000/Case 038/Plot04/test43.png,test43.png,DHP - RND - 4000x4000,RND,Case 038,Plot04,2.4050000000000002,2.15,0.93,38
Simulations/DHP - RND - 4000x4000/DHP - RND - 4000x4000/Case 038/Plot04/test44.png,test44.png,DHP - RND - 4000x4000,RND,Case 038,Plot04,2.4050000000000002,2.15,0.93,38
Simulations/DHP - RND - 4000x4000/DHP - RND - 4000x4000/Case 038/Plot04/test45.png,test45.png,DHP - RND - 4000x4000,RND,Case 038,Plot04,2.4050000000000002,2.15,0.93,38
Simulations/DHP - RND - 4000x4000/DHP - RND - 4000x4000/Case 038/Plot04/test46.png,test46.png,DHP - RND - 4000x4000,RND,Case 038,Plot04,2.4050000000000002,2.15,0.93,38
Simulations/DHP - RND - 4000x4000/DHP - RND - 4000x4000/Case 038/Plot04/test47.png,test47.png,DHP - RND - 4000x4000,RND,Case 038,Plot04,2.4050000000000002,2.15,0.93,38
Simulations/DHP - RND - 4000x4000/DHP - RND - 4000x4000/Case 038/Plot04/test48.png,test48.png,DHP - RND - 4000x4000,RND,Case 038,Plot04,2.4050000000000002,2.15,0.93,38
Simulations/DHP - RND - 4000x4000/DHP - RND - 4000x4000/Case 038/Plot04/test49.png,test49.png,DHP - RND - 4000x4000,RND,Case 038,Plot04,2.4050000000000002,2.15,0.93,38
Simulations/DHP - RND - 4000x4000/DHP - RND - 4000x4000/Case 039/Plot04/test40.png,test40.png,DHP - RND - 4000x4000,RND,Case 039,Plot04,4.0,4.0,1.0,39
Simulations/DHP - RND - 4000x4000/DHP - RND - 4000x4000/Case 039/Plot04/test41.png,test41.png,DHP - RND - 4000x4000,RND,Case 039,Plot04,4.0,4.0,1.0,39
Simulations/DHP - RND - 4000x4000/DHP - RND - 4000x4000/Case 039/Plot04/test42.png,test42.png,DHP - RND - 4000x4000,RND,Case 039,Plot04,4.0,4.0,1.0,39
Simulations/DHP - RND - 4000x4000/DHP - RND - 4000x4000/Case 039/Plot04/test43.png,test43.png,DHP - RND - 4000x4000,RND,Case 039,Plot04,4.0,4.0,1.0,39
Simulations/DHP - RND - 4000x4000/DHP - RND - 4000x4000/Case 039/Plot04/test44.png,test44.png,DHP - RND - 4000x4000,RND,Case 039,Plot04,4.0,4.0,1.0,39
Simulations/DHP - RND - 4000x4000/DHP - RND - 4000x4000/Case 039/Plot04/test45.png,test45.png,DHP - RND - 4000x4000,RND,Case 039,Plot04,4.0,4.0,1.0,39
Simulations/DHP - RND - 4000x4000/DHP - RND - 4000x4000/Case 039/Plot04/test46.png,test46.png,DHP - RND - 4000x4000,RND,Case 039,Plot04,4.0,4.0,1.0,39
Simulations/DHP - RND - 4000x4000/DHP - RND - 4000x4000/Case 039/Plot04/test47.png,test47.png,DHP - RND - 4000x4000,RND,Case 039,Plot04,4.0,4.0,1.0,39
Simulations/DHP - RND - 4000x4000/DHP - RND - 4000x4000/Case 039/Plot04/test48.png,test48.png,DHP - RND - 4000x4000,RND,Case 039,Plot04,4.0,4.0,1.0,39
Simulations/DHP - RND - 4000x4000/DHP - RND - 4000x4000/Case 039/Plot04/test49.png,test49.png,DHP - RND - 4000x4000,RND,Case 039,Plot04,4.0,4.0,1.0,39
Simulations/DHP - RND - 4000x4000/DHP - RND - 4000x4000/Case 040/Plot04/test40.png,test40.png,DHP - RND - 4000x4000,RND,Case 040,Plot04,5.0,5.0,1.0,40
Simulations/DHP - RND - 4000x4000/DHP - RND - 4000x4000/Case 040/Plot04/test41.png,test41.png,DHP - RND - 4000x4000,RND,Case 040,Plot04,5.0,5.0,1.0,40
Simulations/DHP - RND - 4000x4000/DHP - RND - 4000x4000/Case 040/Plot04/test42.png,test42.png,DHP - RND - 4000x4000,RND,Case 040,Plot04,5.0,5.0,1.0,40
Simulations/DHP - RND - 4000x4000/DHP - RND - 4000x4000/Case 040/Plot04/test43.png,test43.png,DHP - RND - 4000x4000,RND,Case 040,Plot04,5.0,5.0,1.0,40
Simulations/DHP - RND - 4000x4000/DHP - RND - 4000x4000/Case 040/Plot04/test44.png,test44.png,DHP - RND - 4000x4000,RND,Case 040,Plot04,5.0,5.0,1.0,40
Simulations/DHP - RND - 4000x4000/DHP - RND - 4000x4000/Case 040/Plot04/test45.png,test45.png,DHP - RND - 4000x4000,RND,Case 040,Plot04,5.0,5.0,1.0,40
Simulations/DHP - RND - 4000x4000/DHP - RND - 4000x4000/Case 040/Plot04/test46.png,test46.png,DHP - RND - 4000x4000,RND,Case 040,Plot04,5.0,5.0,1.0,40
Simulations/DHP - RND - 4000x4000/DHP - RND - 4000x4000/Case 040/Plot04/test47.png,test47.png,DHP - RND - 4000x4000,RND,Case 040,Plot04,5.0,5.0,1.0,40
Simulations/DHP - RND - 4000x4000/DHP - RND - 4000x4000/Case 040/Plot04/test48.png,test48.png,DHP - RND - 4000x4000,RND,Case 040,Plot04,5.0,5.0,1.0,40
Simulations/DHP - RND - 4000x4000/DHP - RND - 4000x4000/Case 040/Plot04/test49.png,test49.png,DHP - RND - 4000x4000,RND,Case 040,Plot04,5.0,5.0,1.0,40
Simulations/DHP - RND - 4000x4000/DHP - RND - 4000x4000/Case 041/Plot04/test40.png,test40.png,DHP - RND - 4000x4000,RND,Case 041,Plot04,6.0,6.0,1.0,41
Simulations/DHP - RND - 4000x4000/DHP - RND - 4000x4000/Case 041/Plot04/test41.png,test41.png,DHP - RND - 4000x4000,RND,Case 041,Plot04,6.0,6.0,1.0,41
Simulations/DHP - RND - 4000x4000/DHP - RND - 4000x4000/Case 041/Plot04/test42.png,test42.png,DHP - RND - 4000x4000,RND,Case 041,Plot04,6.0,6.0,1.0,41
Simulations/DHP - RND - 4000x4000/DHP - RND - 4000x4000/Case 041/Plot04/test43.png,test43.png,DHP - RND - 4000x4000,RND,Case 041,Plot04,6.0,6.0,1.0,41
Simulations/DHP - RND - 4000x4000/DHP - RND - 4000x4000/Case 041/Plot04/test44.png,test44.png,DHP - RND - 4000x4000,RND,Case 041,Plot04,6.0,6.0,1.0,41
Simulations/DHP - RND - 4000x4000/DHP - RND - 4000x4000/Case 041/Plot04/test45.png,test45.png,DHP - RND - 4000x4000,RND,Case 041,Plot04,6.0,6.0,1.0,41
Simulations/DHP - RND - 4000x4000/DHP - RND - 4000x4000/Case 041/Plot04/test46.png,test46.png,DHP - RND - 4000x4000,RND,Case 041,Plot04,6.0,6.0,1.0,41
Simulations/DHP - RND - 4000x4000/DHP - RND - 4000x4000/Case 041/Plot04/test47.png,test47.png,DHP - RND - 4000x4000,RND,Case 041,Plot04,6.0,6.0,1.0,41
Simulations/DHP - RND - 4000x4000/DHP - RND - 4000x4000/Case 041/Plot04/test48.png,test48.png,DHP - RND - 4000x4000,RND,Case 041,Plot04,6.0,6.0,1.0,41
Simulations/DHP - RND - 4000x4000/DHP - RND - 4000x4000/Case 041/Plot04/test49.png,test49.png,DHP - RND - 4000x4000,RND,Case 041,Plot04,6.0,6.0,1.0,41
Simulations/DHP - RND - 4000x4000/DHP - RND - 4000x4000/Case 042/Plot04/test40.png,test40.png,DHP - RND - 4000x4000,RND,Case 042,Plot04,4.51,4.0,0.93,42
Simulations/DHP - RND - 4000x4000/DHP - RND - 4000x4000/Case 042/Plot04/test41.png,test41.png,DHP - RND - 4000x4000,RND,Case 042,Plot04,4.51,4.0,0.93,42
Simulations/DHP - RND - 4000x4000/DHP - RND - 4000x4000/Case 042/Plot04/test42.png,test42.png,DHP - RND - 4000x4000,RND,Case 042,Plot04,4.51,4.0,0.93,42
Simulations/DHP - RND - 4000x4000/DHP - RND - 4000x4000/Case 042/Plot04/test43.png,test43.png,DHP - RND - 4000x4000,RND,Case 042,Plot04,4.51,4.0,0.93,42
Simulations/DHP - RND - 4000x4000/DHP - RND - 4000x4000/Case 042/Plot04/test44.png,test44.png,DHP - RND - 4000x4000,RND,Case 042,Plot04,4.51,4.0,0.93,42
Simulations/DHP - RND - 4000x4000/DHP - RND - 4000x4000/Case 042/Plot04/test45.png,test45.png,DHP - RND - 4000x4000,RND,Case 042,Plot04,4.51,4.0,0.93,42
Simulations/DHP - RND - 4000x4000/DHP - RND - 4000x4000/Case 042/Plot04/test46.png,test46.png,DHP - RND - 4000x4000,RND,Case 042,Plot04,4.51,4.0,0.93,42
Simulations/DHP - RND - 4000x4000/DHP - RND - 4000x4000/Case 042/Plot04/test47.png,test47.png,DHP - RND - 4000x4000,RND,Case 042,Plot04,4.51,4.0,0.93,42
Simulations/DHP - RND - 4000x4000/DHP - RND - 4000x4000/Case 042/Plot04/test48.png,test48.png,DHP - RND - 4000x4000,RND,Case 042,Plot04,4.51,4.0,0.93,42
Simulations/DHP - RND - 4000x4000/DHP - RND - 4000x4000/Case 042/Plot04/test49.png,test49.png,DHP - RND - 4000x4000,RND,Case 042,Plot04,4.51,4.0,0.93,42
Simulations/DHP - RND - 4000x4000/DHP - RND - 4000x4000/Case 043/Plot04/test40.png,test40.png,DHP - RND - 4000x4000,RND,Case 043,Plot04,5.32,4.75,1.0,43
Simulations/DHP - RND - 4000x4000/DHP - RND - 4000x4000/Case 043/Plot04/test41.png,test41.png,DHP - RND - 4000x4000,RND,Case 043,Plot04,5.32,4.75,1.0,43
Simulations/DHP - RND - 4000x4000/DHP - RND - 4000x4000/Case 043/Plot04/test42.png,test42.png,DHP - RND - 4000x4000,RND,Case 043,Plot04,5.32,4.75,1.0,43
Simulations/DHP - RND - 4000x4000/DHP - RND - 4000x4000/Case 043/Plot04/test43.png,test43.png,DHP - RND - 4000x4000,RND,Case 043,Plot04,5.32,4.75,1.0,43
Simulations/DHP - RND - 4000x4000/DHP - RND - 4000x4000/Case 043/Plot04/test44.png,test44.png,DHP - RND - 4000x4000,RND,Case 043,Plot04,5.32,4.75,1.0,43
Simulations/DHP - RND - 4000x4000/DHP - RND - 4000x4000/Case 043/Plot04/test45.png,test45.png,DHP - RND - 4000x4000,RND,Case 043,Plot04,5.32,4.75,1.0,43
Simulations/DHP - RND - 4000x4000/DHP - RND - 4000x4000/Case 043/Plot04/test46.png,test46.png,DHP - RND - 4000x4000,RND,Case 043,Plot04,5.32,4.75,1.0,43
Simulations/DHP - RND - 4000x4000/DHP - RND - 4000x4000/Case 043/Plot04/test47.png,test47.png,DHP - RND - 4000x4000,RND,Case 043,Plot04,5.32,4.75,1.0,43
Simulations/DHP - RND - 4000x4000/DHP - RND - 4000x4000/Case 043/Plot04/test48.png,test48.png,DHP - RND - 4000x4000,RND,Case 043,Plot04,5.32,4.75,1.0,43
Simulations/DHP - RND - 4000x4000/DHP - RND - 4000x4000/Case 043/Plot04/test49.png,test49.png,DHP - RND - 4000x4000,RND,Case 043,Plot04,5.32,4.75,1.0,43
Simulations/DHP - RND - 4000x4000/DHP - RND - 4000x4000/Case 044/Plot04/test40.png,test40.png,DHP - RND - 4000x4000,RND,Case 044,Plot04,4.79,4.5,1.0,44
Simulations/DHP - RND - 4000x4000/DHP - RND - 4000x4000/Case 044/Plot04/test41.png,test41.png,DHP - RND - 4000x4000,RND,Case 044,Plot04,4.79,4.5,1.0,44
Simulations/DHP - RND - 4000x4000/DHP - RND - 4000x4000/Case 044/Plot04/test42.png,test42.png,DHP - RND - 4000x4000,RND,Case 044,Plot04,4.79,4.5,1.0,44
Simulations/DHP - RND - 4000x4000/DHP - RND - 4000x4000/Case 044/Plot04/test43.png,test43.png,DHP - RND - 4000x4000,RND,Case 044,Plot04,4.79,4.5,1.0,44
Simulations/DHP - RND - 4000x4000/DHP - RND - 4000x4000/Case 044/Plot04/test44.png,test44.png,DHP - RND - 4000x4000,RND,Case 044,Plot04,4.79,4.5,1.0,44
Simulations/DHP - RND - 4000x4000/DHP - RND - 4000x4000/Case 044/Plot04/test45.png,test45.png,DHP - RND - 4000x4000,RND,Case 044,Plot04,4.79,4.5,1.0,44
Simulations/DHP - RND - 4000x4000/DHP - RND - 4000x4000/Case 044/Plot04/test46.png,test46.png,DHP - RND - 4000x4000,RND,Case 044,Plot04,4.79,4.5,1.0,44
Simulations/DHP - RND - 4000x4000/DHP - RND - 4000x4000/Case 044/Plot04/test47.png,test47.png,DHP - RND - 4000x4000,RND,Case 044,Plot04,4.79,4.5,1.0,44
Simulations/DHP - RND - 4000x4000/DHP - RND - 4000x4000/Case 044/Plot04/test48.png,test48.png,DHP - RND - 4000x4000,RND,Case 044,Plot04,4.79,4.5,1.0,44
Simulations/DHP - RND - 4000x4000/DHP - RND - 4000x4000/Case 044/Plot04/test49.png,test49.png,DHP - RND - 4000x4000,RND,Case 044,Plot04,4.79,4.5,1.0,44
Simulations/DHP - RND - 4000x4000/DHP - RND - 4000x4000/Case 045/Plot04/test40.png,test40.png,DHP - RND - 4000x4000,RND,Case 045,Plot04,4.79,4.5,1.0,45
Simulations/DHP - RND - 4000x4000/DHP - RND - 4000x4000/Case 045/Plot04/test41.png,test41.png,DHP - RND - 4000x4000,RND,Case 045,Plot04,4.79,4.5,1.0,45
Simulations/DHP - RND - 4000x4000/DHP - RND - 4000x4000/Case 045/Plot04/test42.png,test42.png,DHP - RND - 4000x4000,RND,Case 045,Plot04,4.79,4.5,1.0,45
Simulations/DHP - RND - 4000x4000/DHP - RND - 4000x4000/Case 045/Plot04/test43.png,test43.png,DHP - RND - 4000x4000,RND,Case 045,Plot04,4.79,4.5,1.0,45
Simulations/DHP - RND - 4000x4000/DHP - RND - 4000x4000/Case 045/Plot04/test44.png,test44.png,DHP - RND - 4000x4000,RND,Case 045,Plot04,4.79,4.5,1.0,45
Simulations/DHP - RND - 4000x4000/DHP - RND - 4000x4000/Case 045/Plot04/test45.png,test45.png,DHP - RND - 4000x4000,RND,Case 045,Plot04,4.79,4.5,1.0,45
Simulations/DHP - RND - 4000x4000/DHP - RND - 4000x4000/Case 045/Plot04/test46.png,test46.png,DHP - RND - 4000x4000,RND,Case 045,Plot04,4.79,4.5,1.0,45
Simulations/DHP - RND - 4000x4000/DHP - RND - 4000x4000/Case 045/Plot04/test47.png,test47.png,DHP - RND - 4000x4000,RND,Case 045,Plot04,4.79,4.5,1.0,45
Simulations/DHP - RND - 4000x4000/DHP - RND - 4000x4000/Case 045/Plot04/test48.png,test48.png,DHP - RND - 4000x4000,RND,Case 045,Plot04,4.79,4.5,1.0,45
Simulations/DHP - RND - 4000x4000/DHP - RND - 4000x4000/Case 045/Plot04/test49.png,test49.png,DHP - RND - 4000x4000,RND,Case 045,Plot04,4.79,4.5,1.0,45
Simulations/DHP - RND - 4000x4000/DHP - RND - 4000x4000/Case 046/Plot04/test40.png,test40.png,DHP - RND - 4000x4000,RND,Case 046,Plot04,4.9350000000000005,4.5,0.94,46
Simulations/DHP - RND - 4000x4000/DHP - RND - 4000x4000/Case 046/Plot04/test41.png,test41.png,DHP - RND - 4000x4000,RND,Case 046,Plot04,4.9350000000000005,4.5,0.94,46
Simulations/DHP - RND - 4000x4000/DHP - RND - 4000x4000/Case 046/Plot04/test42.png,test42.png,DHP - RND - 4000x4000,RND,Case 046,Plot04,4.9350000000000005,4.5,0.94,46
Simulations/DHP - RND - 4000x4000/DHP - RND - 4000x4000/Case 046/Plot04/test43.png,test43.png,DHP - RND - 4000x4000,RND,Case 046,Plot04,4.9350000000000005,4.5,0.94,46
Simulations/DHP - RND - 4000x4000/DHP - RND - 4000x4000/Case 046/Plot04/test44.png,test44.png,DHP - RND - 4000x4000,RND,Case 046,Plot04,4.9350000000000005,4.5,0.94,46
Simulations/DHP - RND - 4000x4000/DHP - RND - 4000x4000/Case 046/Plot04/test45.png,test45.png,DHP - RND - 4000x4000,RND,Case 046,Plot04,4.9350000000000005,4.5,0.94,46
Simulations/DHP - RND - 4000x4000/DHP - RND - 4000x4000/Case 046/Plot04/test46.png,test46.png,DHP - RND - 4000x4000,RND,Case 046,Plot04,4.9350000000000005,4.5,0.94,46
Simulations/DHP - RND - 4000x4000/DHP - RND - 4000x4000/Case 046/Plot04/Test47.png,Test47.png,DHP - RND - 4000x4000,RND,Case 046,Plot04,4.9350000000000005,4.5,0.94,46
Simulations/DHP - RND - 4000x4000/DHP - RND - 4000x4000/Case 046/Plot04/test48.png,test48.png,DHP - RND - 4000x4000,RND,Case 046,Plot04,4.9350000000000005,4.5,0.94,46
Simulations/DHP - RND - 4000x4000/DHP - RND - 4000x4000/Case 046/Plot04/test49.png,test49.png,DHP - RND - 4000x4000,RND,Case 046,Plot04,4.9350000000000005,4.5,0.94,46
Simulations/DHP - RND - 4000x4000/DHP - RND - 4000x4000/Case 047/Plot04/test40.png,test40.png,DHP - RND - 4000x4000,RND,Case 047,Plot04,3.0,3.0,1.0,47
Simulations/DHP - RND - 4000x4000/DHP - RND - 4000x4000/Case 047/Plot04/test41.png,test41.png,DHP - RND - 4000x4000,RND,Case 047,Plot04,3.0,3.0,1.0,47
Simulations/DHP - RND - 4000x4000/DHP - RND - 4000x4000/Case 047/Plot04/test42.png,test42.png,DHP - RND - 4000x4000,RND,Case 047,Plot04,3.0,3.0,1.0,47
Simulations/DHP - RND - 4000x4000/DHP - RND - 4000x4000/Case 047/Plot04/test43.png,test43.png,DHP - RND - 4000x4000,RND,Case 047,Plot04,3.0,3.0,1.0,47
Simulations/DHP - RND - 4000x4000/DHP - RND - 4000x4000/Case 047/Plot04/test44.png,test44.png,DHP - RND - 4000x4000,RND,Case 047,Plot04,3.0,3.0,1.0,47
Simulations/DHP - RND - 4000x4000/DHP - RND - 4000x4000/Case 047/Plot04/test45.png,test45.png,DHP - RND - 4000x4000,RND,Case 047,Plot04,3.0,3.0,1.0,47
Simulations/DHP - RND - 4000x4000/DHP - RND - 4000x4000/Case 047/Plot04/test46.png,test46.png,DHP - RND - 4000x4000,RND,Case 047,Plot04,3.0,3.0,1.0,47
Simulations/DHP - RND - 4000x4000/DHP - RND - 4000x4000/Case 047/Plot04/test47.png,test47.png,DHP - RND - 4000x4000,RND,Case 047,Plot04,3.0,3.0,1.0,47
Simulations/DHP - RND - 4000x4000/DHP - RND - 4000x4000/Case 047/Plot04/test48.png,test48.png,DHP - RND - 4000x4000,RND,Case 047,Plot04,3.0,3.0,1.0,47
Simulations/DHP - RND - 4000x4000/DHP - RND - 4000x4000/Case 047/Plot04/test49.png,test49.png,DHP - RND - 4000x4000,RND,Case 047,Plot04,3.0,3.0,1.0,47
Simulations/DHP - RND - 4000x4000/DHP - RND - 4000x4000/Case 048/Plot04/test40.png,test40.png,DHP - RND - 4000x4000,RND,Case 048,Plot04,3.0,3.0,1.0,48
Simulations/DHP - RND - 4000x4000/DHP - RND - 4000x4000/Case 048/Plot04/test41.png,test41.png,DHP - RND - 4000x4000,RND,Case 048,Plot04,3.0,3.0,1.0,48
Simulations/DHP - RND - 4000x4000/DHP - RND - 4000x4000/Case 048/Plot04/test42.png,test42.png,DHP - RND - 4000x4000,RND,Case 048,Plot04,3.0,3.0,1.0,48
Simulations/DHP - RND - 4000x4000/DHP - RND - 4000x4000/Case 048/Plot04/test43.png,test43.png,DHP - RND - 4000x4000,RND,Case 048,Plot04,3.0,3.0,1.0,48
Simulations/DHP - RND - 4000x4000/DHP - RND - 4000x4000/Case 048/Plot04/test44.png,test44.png,DHP - RND - 4000x4000,RND,Case 048,Plot04,3.0,3.0,1.0,48
Simulations/DHP - RND - 4000x4000/DHP - RND - 4000x4000/Case 048/Plot04/test45.png,test45.png,DHP - RND - 4000x4000,RND,Case 048,Plot04,3.0,3.0,1.0,48
Simulations/DHP - RND - 4000x4000/DHP - RND - 4000x4000/Case 048/Plot04/test46.png,test46.png,DHP - RND - 4000x4000,RND,Case 048,Plot04,3.0,3.0,1.0,48
Simulations/DHP - RND - 4000x4000/DHP - RND - 4000x4000/Case 048/Plot04/test47.png,test47.png,DHP - RND - 4000x4000,RND,Case 048,Plot04,3.0,3.0,1.0,48
Simulations/DHP - RND - 4000x4000/DHP - RND - 4000x4000/Case 048/Plot04/test48.png,test48.png,DHP - RND - 4000x4000,RND,Case 048,Plot04,3.0,3.0,1.0,48
Simulations/DHP - RND - 4000x4000/DHP - RND - 4000x4000/Case 048/Plot04/test49.png,test49.png,DHP - RND - 4000x4000,RND,Case 048,Plot04,3.0,3.0,1.0,48
Simulations/DHP - RND - 4000x4000/DHP - RND - 4000x4000/Case 049/Plot04/test40.png,test40.png,DHP - RND - 4000x4000,RND,Case 049,Plot04,3.2,2.9,0.94,49
Simulations/DHP - RND - 4000x4000/DHP - RND - 4000x4000/Case 049/Plot04/test41.png,test41.png,DHP - RND - 4000x4000,RND,Case 049,Plot04,3.2,2.9,0.94,49
Simulations/DHP - RND - 4000x4000/DHP - RND - 4000x4000/Case 049/Plot04/test42.png,test42.png,DHP - RND - 4000x4000,RND,Case 049,Plot04,3.2,2.9,0.94,49
Simulations/DHP - RND - 4000x4000/DHP - RND - 4000x4000/Case 049/Plot04/test43.png,test43.png,DHP - RND - 4000x4000,RND,Case 049,Plot04,3.2,2.9,0.94,49
Simulations/DHP - RND - 4000x4000/DHP - RND - 4000x4000/Case 049/Plot04/test44.png,test44.png,DHP - RND - 4000x4000,RND,Case 049,Plot04,3.2,2.9,0.94,49
Simulations/DHP - RND - 4000x4000/DHP - RND - 4000x4000/Case 049/Plot04/test45.png,test45.png,DHP - RND - 4000x4000,RND,Case 049,Plot04,3.2,2.9,0.94,49
Simulations/DHP - RND - 4000x4000/DHP - RND - 4000x4000/Case 049/Plot04/test46.png,test46.png,DHP - RND - 4000x4000,RND,Case 049,Plot04,3.2,2.9,0.94,49
Simulations/DHP - RND - 4000x4000/DHP - RND - 4000x4000/Case 049/Plot04/test47.png,test47.png,DHP - RND - 4000x4000,RND,Case 049,Plot04,3.2,2.9,0.94,49
Simulations/DHP - RND - 4000x4000/DHP - RND - 4000x4000/Case 049/Plot04/test48.png,test48.png,DHP - RND - 4000x4000,RND,Case 049,Plot04,3.2,2.9,0.94,49
Simulations/DHP - RND - 4000x4000/DHP - RND - 4000x4000/Case 049/Plot04/test49.png,test49.png,DHP - RND - 4000x4000,RND,Case 049,Plot04,3.2,2.9,0.94,49
Simulations/DHP - RND - 4000x4000/DHP - RND - 4000x4000/Case 050/Plot04/test40.png,test40.png,DHP - RND - 4000x4000,RND,Case 050,Plot04,3.2,2.9,0.94,50
Simulations/DHP - RND - 4000x4000/DHP - RND - 4000x4000/Case 050/Plot04/test41.png,test41.png,DHP - RND - 4000x4000,RND,Case 050,Plot04,3.2,2.9,0.94,50
Simulations/DHP - RND - 4000x4000/DHP - RND - 4000x4000/Case 050/Plot04/test42.png,test42.png,DHP - RND - 4000x4000,RND,Case 050,Plot04,3.2,2.9,0.94,50
Simulations/DHP - RND - 4000x4000/DHP - RND - 4000x4000/Case 050/Plot04/test43.png,test43.png,DHP - RND - 4000x4000,RND,Case 050,Plot04,3.2,2.9,0.94,50
Simulations/DHP - RND - 4000x4000/DHP - RND - 4000x4000/Case 050/Plot04/test44.png,test44.png,DHP - RND - 4000x4000,RND,Case 050,Plot04,3.2,2.9,0.94,50
Simulations/DHP - RND - 4000x4000/DHP - RND - 4000x4000/Case 050/Plot04/test45.png,test45.png,DHP - RND - 4000x4000,RND,Case 050,Plot04,3.2,2.9,0.94,50
Simulations/DHP - RND - 4000x4000/DHP - RND - 4000x4000/Case 050/Plot04/test46.png,test46.png,DHP - RND - 4000x4000,RND,Case 050,Plot04,3.2,2.9,0.94,50
Simulations/DHP - RND - 4000x4000/DHP - RND - 4000x4000/Case 050/Plot04/test47.png,test47.png,DHP - RND - 4000x4000,RND,Case 050,Plot04,3.2,2.9,0.94,50
Simulations/DHP - RND - 4000x4000/DHP - RND - 4000x4000/Case 050/Plot04/test48.png,test48.png,DHP - RND - 4000x4000,RND,Case 050,Plot04,3.2,2.9,0.94,50
Simulations/DHP - RND - 4000x4000/DHP - RND - 4000x4000/Case 050/Plot04/test49.png,test49.png,DHP - RND - 4000x4000,RND,Case 050,Plot04,3.2,2.9,0.94,50
Simulations/DHP - RND - 4000x4000/DHP - RND - 4000x4000/Case 051/Plot04/test40.png,test40.png,DHP - RND - 4000x4000,RND,Case 051,Plot04,3.08,2.9,0.96,51
Simulations/DHP - RND - 4000x4000/DHP - RND - 4000x4000/Case 051/Plot04/test41.png,test41.png,DHP - RND - 4000x4000,RND,Case 051,Plot04,3.08,2.9,0.96,51
Simulations/DHP - RND - 4000x4000/DHP - RND - 4000x4000/Case 051/Plot04/test42.png,test42.png,DHP - RND - 4000x4000,RND,Case 051,Plot04,3.08,2.9,0.96,51
Simulations/DHP - RND - 4000x4000/DHP - RND - 4000x4000/Case 051/Plot04/test43.png,test43.png,DHP - RND - 4000x4000,RND,Case 051,Plot04,3.08,2.9,0.96,51
Simulations/DHP - RND - 4000x4000/DHP - RND - 4000x4000/Case 051/Plot04/test44.png,test44.png,DHP - RND - 4000x4000,RND,Case 051,Plot04,3.08,2.9,0.96,51
Simulations/DHP - RND - 4000x4000/DHP - RND - 4000x4000/Case 051/Plot04/test45.png,test45.png,DHP - RND - 4000x4000,RND,Case 051,Plot04,3.08,2.9,0.96,51
Simulations/DHP - RND - 4000x4000/DHP - RND - 4000x4000/Case 051/Plot04/test46.png,test46.png,DHP - RND - 4000x4000,RND,Case 051,Plot04,3.08,2.9,0.96,51
Simulations/DHP - RND - 4000x4000/DHP - RND - 4000x4000/Case 051/Plot04/test47.png,test47.png,DHP - RND - 4000x4000,RND,Case 051,Plot04,3.08,2.9,0.96,51
Simulations/DHP - RND - 4000x4000/DHP - RND - 4000x4000/Case 051/Plot04/test48.png,test48.png,DHP - RND - 4000x4000,RND,Case 051,Plot04,3.08,2.9,0.96,51
Simulations/DHP - RND - 4000x4000/DHP - RND - 4000x4000/Case 051/Plot04/test49.png,test49.png,DHP - RND - 4000x4000,RND,Case 051,Plot04,3.08,2.9,0.96,51
Simulations/DHP - RND - 4000x4000/DHP - RND - 4000x4000/Case 052/Plot04/test40.png,test40.png,DHP - RND - 4000x4000,RND,Case 052,Plot04,3.02,2.9,0.97,52
Simulations/DHP - RND - 4000x4000/DHP - RND - 4000x4000/Case 052/Plot04/test41.png,test41.png,DHP - RND - 4000x4000,RND,Case 052,Plot04,3.02,2.9,0.97,52
Simulations/DHP - RND - 4000x4000/DHP - RND - 4000x4000/Case 052/Plot04/test42.png,test42.png,DHP - RND - 4000x4000,RND,Case 052,Plot04,3.02,2.9,0.97,52
Simulations/DHP - RND - 4000x4000/DHP - RND - 4000x4000/Case 052/Plot04/test43.png,test43.png,DHP - RND - 4000x4000,RND,Case 052,Plot04,3.02,2.9,0.97,52
Simulations/DHP - RND - 4000x4000/DHP - RND - 4000x4000/Case 052/Plot04/test44.png,test44.png,DHP - RND - 4000x4000,RND,Case 052,Plot04,3.02,2.9,0.97,52
Simulations/DHP - RND - 4000x4000/DHP - RND - 4000x4000/Case 052/Plot04/test45.png,test45.png,DHP - RND - 4000x4000,RND,Case 052,Plot04,3.02,2.9,0.97,52
Simulations/DHP - RND - 4000x4000/DHP - RND - 4000x4000/Case 052/Plot04/test46.png,test46.png,DHP - RND - 4000x4000,RND,Case 052,Plot04,3.02,2.9,0.97,52
Simulations/DHP - RND - 4000x4000/DHP - RND - 4000x4000/Case 052/Plot04/test47.png,test47.png,DHP - RND - 4000x4000,RND,Case 052,Plot04,3.02,2.9,0.97,52
Simulations/DHP - RND - 4000x4000/DHP - RND - 4000x4000/Case 052/Plot04/test48.png,test48.png,DHP - RND - 4000x4000,RND,Case 052,Plot04,3.02,2.9,0.97,52
Simulations/DHP - RND - 4000x4000/DHP - RND - 4000x4000/Case 052/Plot04/test49.png,test49.png,DHP - RND - 4000x4000,RND,Case 052,Plot04,3.02,2.9,0.97,52
Simulations/DHP - RND - 4000x4000/DHP - RND - 4000x4000/Case 053/Plot04/test40.png,test40.png,DHP - RND - 4000x4000,RND,Case 053,Plot04,2.0,2.0,1.0,53
Simulations/DHP - RND - 4000x4000/DHP - RND - 4000x4000/Case 053/Plot04/test41.png,test41.png,DHP - RND - 4000x4000,RND,Case 053,Plot04,2.0,2.0,1.0,53
Simulations/DHP - RND - 4000x4000/DHP - RND - 4000x4000/Case 053/Plot04/test42.png,test42.png,DHP - RND - 4000x4000,RND,Case 053,Plot04,2.0,2.0,1.0,53
Simulations/DHP - RND - 4000x4000/DHP - RND - 4000x4000/Case 053/Plot04/test43.png,test43.png,DHP - RND - 4000x4000,RND,Case 053,Plot04,2.0,2.0,1.0,53
Simulations/DHP - RND - 4000x4000/DHP - RND - 4000x4000/Case 053/Plot04/test44.png,test44.png,DHP - RND - 4000x4000,RND,Case 053,Plot04,2.0,2.0,1.0,53
Simulations/DHP - RND - 4000x4000/DHP - RND - 4000x4000/Case 053/Plot04/test45.png,test45.png,DHP - RND - 4000x4000,RND,Case 053,Plot04,2.0,2.0,1.0,53
Simulations/DHP - RND - 4000x4000/DHP - RND - 4000x4000/Case 053/Plot04/test46.png,test46.png,DHP - RND - 4000x4000,RND,Case 053,Plot04,2.0,2.0,1.0,53
Simulations/DHP - RND - 4000x4000/DHP - RND - 4000x4000/Case 053/Plot04/test47.png,test47.png,DHP - RND - 4000x4000,RND,Case 053,Plot04,2.0,2.0,1.0,53
Simulations/DHP - RND - 4000x4000/DHP - RND - 4000x4000/Case 053/Plot04/test48.png,test48.png,DHP - RND - 4000x4000,RND,Case 053,Plot04,2.0,2.0,1.0,53
Simulations/DHP - RND - 4000x4000/DHP - RND - 4000x4000/Case 053/Plot04/test49.png,test49.png,DHP - RND - 4000x4000,RND,Case 053,Plot04,2.0,2.0,1.0,53
Simulations/DHP - RND - 4000x4000/DHP - RND - 4000x4000/Case 054/Plot04/test40.png,test40.png,DHP - RND - 4000x4000,RND,Case 054,Plot04,5.44,4.75,1.0,54
Simulations/DHP - RND - 4000x4000/DHP - RND - 4000x4000/Case 054/Plot04/test41.png,test41.png,DHP - RND - 4000x4000,RND,Case 054,Plot04,5.44,4.75,1.0,54
Simulations/DHP - RND - 4000x4000/DHP - RND - 4000x4000/Case 054/Plot04/test42.png,test42.png,DHP - RND - 4000x4000,RND,Case 054,Plot04,5.44,4.75,1.0,54
Simulations/DHP - RND - 4000x4000/DHP - RND - 4000x4000/Case 054/Plot04/test43.png,test43.png,DHP - RND - 4000x4000,RND,Case 054,Plot04,5.44,4.75,1.0,54
Simulations/DHP - RND - 4000x4000/DHP - RND - 4000x4000/Case 054/Plot04/test44.png,test44.png,DHP - RND - 4000x4000,RND,Case 054,Plot04,5.44,4.75,1.0,54
Simulations/DHP - RND - 4000x4000/DHP - RND - 4000x4000/Case 054/Plot04/test45.png,test45.png,DHP - RND - 4000x4000,RND,Case 054,Plot04,5.44,4.75,1.0,54
Simulations/DHP - RND - 4000x4000/DHP - RND - 4000x4000/Case 054/Plot04/test46.png,test46.png,DHP - RND - 4000x4000,RND,Case 054,Plot04,5.44,4.75,1.0,54
Simulations/DHP - RND - 4000x4000/DHP - RND - 4000x4000/Case 054/Plot04/test47.png,test47.png,DHP - RND - 4000x4000,RND,Case 054,Plot04,5.44,4.75,1.0,54
Simulations/DHP - RND - 4000x4000/DHP - RND - 4000x4000/Case 054/Plot04/test48.png,test48.png,DHP - RND - 4000x4000,RND,Case 054,Plot04,5.44,4.75,1.0,54
Simulations/DHP - RND - 4000x4000/DHP - RND - 4000x4000/Case 054/Plot04/test49.png,test49.png,DHP - RND - 4000x4000,RND,Case 054,Plot04,5.44,4.75,1.0,54
Simulations/DHP - RND - 4000x4000/DHP - RND - 4000x4000/Case 055/Plot04/test40.png,test40.png,DHP - RND - 4000x4000,RND,Case 055,Plot04,3.99,3.4,1.0,55
Simulations/DHP - RND - 4000x4000/DHP - RND - 4000x4000/Case 055/Plot04/test41.png,test41.png,DHP - RND - 4000x4000,RND,Case 055,Plot04,3.99,3.4,1.0,55
Simulations/DHP - RND - 4000x4000/DHP - RND - 4000x4000/Case 055/Plot04/test42.png,test42.png,DHP - RND - 4000x4000,RND,Case 055,Plot04,3.99,3.4,1.0,55
Simulations/DHP - RND - 4000x4000/DHP - RND - 4000x4000/Case 055/Plot04/test43.png,test43.png,DHP - RND - 4000x4000,RND,Case 055,Plot04,3.99,3.4,1.0,55
Simulations/DHP - RND - 4000x4000/DHP - RND - 4000x4000/Case 055/Plot04/test44.png,test44.png,DHP - RND - 4000x4000,RND,Case 055,Plot04,3.99,3.4,1.0,55
Simulations/DHP - RND - 4000x4000/DHP - RND - 4000x4000/Case 055/Plot04/test45.png,test45.png,DHP - RND - 4000x4000,RND,Case 055,Plot04,3.99,3.4,1.0,55
Simulations/DHP - RND - 4000x4000/DHP - RND - 4000x4000/Case 055/Plot04/test46.png,test46.png,DHP - RND - 4000x4000,RND,Case 055,Plot04,3.99,3.4,1.0,55
Simulations/DHP - RND - 4000x4000/DHP - RND - 4000x4000/Case 055/Plot04/test47.png,test47.png,DHP - RND - 4000x4000,RND,Case 055,Plot04,3.99,3.4,1.0,55
Simulations/DHP - RND - 4000x4000/DHP - RND - 4000x4000/Case 055/Plot04/test48.png,test48.png,DHP - RND - 4000x4000,RND,Case 055,Plot04,3.99,3.4,1.0,55
Simulations/DHP - RND - 4000x4000/DHP - RND - 4000x4000/Case 055/Plot04/test49.png,test49.png,DHP - RND - 4000x4000,RND,Case 055,Plot04,3.99,3.4,1.0,55
Simulations/DHP - RND - 4000x4000/DHP - RND - 4000x4000/Case 056/Plot04/test40.png,test40.png,DHP - RND - 4000x4000,RND,Case 056,Plot04,2.07,1.5,1.0,56
Simulations/DHP - RND - 4000x4000/DHP - RND - 4000x4000/Case 056/Plot04/test41.png,test41.png,DHP - RND - 4000x4000,RND,Case 056,Plot04,2.07,1.5,1.0,56
Simulations/DHP - RND - 4000x4000/DHP - RND - 4000x4000/Case 056/Plot04/test42.png,test42.png,DHP - RND - 4000x4000,RND,Case 056,Plot04,2.07,1.5,1.0,56
Simulations/DHP - RND - 4000x4000/DHP - RND - 4000x4000/Case 056/Plot04/test43.png,test43.png,DHP - RND - 4000x4000,RND,Case 056,Plot04,2.07,1.5,1.0,56
Simulations/DHP - RND - 4000x4000/DHP - RND - 4000x4000/Case 056/Plot04/test44.png,test44.png,DHP - RND - 4000x4000,RND,Case 056,Plot04,2.07,1.5,1.0,56
Simulations/DHP - RND - 4000x4000/DHP - RND - 4000x4000/Case 056/Plot04/test45.png,test45.png,DHP - RND - 4000x4000,RND,Case 056,Plot04,2.07,1.5,1.0,56
Simulations/DHP - RND - 4000x4000/DHP - RND - 4000x4000/Case 056/Plot04/test46.png,test46.png,DHP - RND - 4000x4000,RND,Case 056,Plot04,2.07,1.5,1.0,56
Simulations/DHP - RND - 4000x4000/DHP - RND - 4000x4000/Case 056/Plot04/test47.png,test47.png,DHP - RND - 4000x4000,RND,Case 056,Plot04,2.07,1.5,1.0,56
Simulations/DHP - RND - 4000x4000/DHP - RND - 4000x4000/Case 056/Plot04/test48.png,test48.png,DHP - RND - 4000x4000,RND,Case 056,Plot04,2.07,1.5,1.0,56
Simulations/DHP - RND - 4000x4000/DHP - RND - 4000x4000/Case 056/Plot04/test49.png,test49.png,DHP - RND - 4000x4000,RND,Case 056,Plot04,2.07,1.5,1.0,56
Simulations/DHP - RND - 4000x4000/DHP - RND - 4000x4000/Case 057/Plot04/test40.png,test40.png,DHP - RND - 4000x4000,RND,Case 057,Plot04,1.98,1.5,1.0,57
Simulations/DHP - RND - 4000x4000/DHP - RND - 4000x4000/Case 057/Plot04/test41.png,test41.png,DHP - RND - 4000x4000,RND,Case 057,Plot04,1.98,1.5,1.0,57
Simulations/DHP - RND - 4000x4000/DHP - RND - 4000x4000/Case 057/Plot04/test42.png,test42.png,DHP - RND - 4000x4000,RND,Case 057,Plot04,1.98,1.5,1.0,57
Simulations/DHP - RND - 4000x4000/DHP - RND - 4000x4000/Case 057/Plot04/test43.png,test43.png,DHP - RND - 4000x4000,RND,Case 057,Plot04,1.98,1.5,1.0,57
Simulations/DHP - RND - 4000x4000/DHP - RND - 4000x4000/Case 057/Plot04/test44.png,test44.png,DHP - RND - 4000x4000,RND,Case 057,Plot04,1.98,1.5,1.0,57
Simulations/DHP - RND - 4000x4000/DHP - RND - 4000x4000/Case 057/Plot04/test45.png,test45.png,DHP - RND - 4000x4000,RND,Case 057,Plot04,1.98,1.5,1.0,57
Simulations/DHP - RND - 4000x4000/DHP - RND - 4000x4000/Case 057/Plot04/test46.png,test46.png,DHP - RND - 4000x4000,RND,Case 057,Plot04,1.98,1.5,1.0,57
Simulations/DHP - RND - 4000x4000/DHP - RND - 4000x4000/Case 057/Plot04/test47.png,test47.png,DHP - RND - 4000x4000,RND,Case 057,Plot04,1.98,1.5,1.0,57
Simulations/DHP - RND - 4000x4000/DHP - RND - 4000x4000/Case 057/Plot04/test48.png,test48.png,DHP - RND - 4000x4000,RND,Case 057,Plot04,1.98,1.5,1.0,57
Simulations/DHP - RND - 4000x4000/DHP - RND - 4000x4000/Case 057/Plot04/test49.png,test49.png,DHP - RND - 4000x4000,RND,Case 057,Plot04,1.98,1.5,1.0,57
Simulations/DHP - RND - 4000x4000/DHP - RND - 4000x4000/Case 058/Plot04/test40.png,test40.png,DHP - RND - 4000x4000,RND,Case 058,Plot04,1.93,1.4,1.0,58
Simulations/DHP - RND - 4000x4000/DHP - RND - 4000x4000/Case 058/Plot04/test41.png,test41.png,DHP - RND - 4000x4000,RND,Case 058,Plot04,1.93,1.4,1.0,58
Simulations/DHP - RND - 4000x4000/DHP - RND - 4000x4000/Case 058/Plot04/test42.png,test42.png,DHP - RND - 4000x4000,RND,Case 058,Plot04,1.93,1.4,1.0,58
Simulations/DHP - RND - 4000x4000/DHP - RND - 4000x4000/Case 058/Plot04/test43.png,test43.png,DHP - RND - 4000x4000,RND,Case 058,Plot04,1.93,1.4,1.0,58
Simulations/DHP - RND - 4000x4000/DHP - RND - 4000x4000/Case 058/Plot04/test44.png,test44.png,DHP - RND - 4000x4000,RND,Case 058,Plot04,1.93,1.4,1.0,58
Simulations/DHP - RND - 4000x4000/DHP - RND - 4000x4000/Case 058/Plot04/test45.png,test45.png,DHP - RND - 4000x4000,RND,Case 058,Plot04,1.93,1.4,1.0,58
Simulations/DHP - RND - 4000x4000/DHP - RND - 4000x4000/Case 058/Plot04/test46.png,test46.png,DHP - RND - 4000x4000,RND,Case 058,Plot04,1.93,1.4,1.0,58
Simulations/DHP - RND - 4000x4000/DHP - RND - 4000x4000/Case 058/Plot04/test47.png,test47.png,DHP - RND - 4000x4000,RND,Case 058,Plot04,1.93,1.4,1.0,58
Simulations/DHP - RND - 4000x4000/DHP - RND - 4000x4000/Case 058/Plot04/test48.png,test48.png,DHP - RND - 4000x4000,RND,Case 058,Plot04,1.93,1.4,1.0,58
Simulations/DHP - RND - 4000x4000/DHP - RND - 4000x4000/Case 058/Plot04/test49.png,test49.png,DHP - RND - 4000x4000,RND,Case 058,Plot04,1.93,1.4,1.0,58
Simulations/DHP - RND - 4000x4000/DHP - RND - 4000x4000/Case 059/Plot04/test40.png,test40.png,DHP - RND - 4000x4000,RND,Case 059,Plot04,1.99,1.4,1.0,59
Simulations/DHP - RND - 4000x4000/DHP - RND - 4000x4000/Case 059/Plot04/test41.png,test41.png,DHP - RND - 4000x4000,RND,Case 059,Plot04,1.99,1.4,1.0,59
Simulations/DHP - RND - 4000x4000/DHP - RND - 4000x4000/Case 059/Plot04/test42.png,test42.png,DHP - RND - 4000x4000,RND,Case 059,Plot04,1.99,1.4,1.0,59
Simulations/DHP - RND - 4000x4000/DHP - RND - 4000x4000/Case 059/Plot04/test43.png,test43.png,DHP - RND - 4000x4000,RND,Case 059,Plot04,1.99,1.4,1.0,59
Simulations/DHP - RND - 4000x4000/DHP - RND - 4000x4000/Case 059/Plot04/test44.png,test44.png,DHP - RND - 4000x4000,RND,Case 059,Plot04,1.99,1.4,1.0,59
Simulations/DHP - RND - 4000x4000/DHP - RND - 4000x4000/Case 059/Plot04/test45.png,test45.png,DHP - RND - 4000x4000,RND,Case 059,Plot04,1.99,1.4,1.0,59
Simulations/DHP - RND - 4000x4000/DHP - RND - 4000x4000/Case 059/Plot04/test46.png,test46.png,DHP - RND - 4000x4000,RND,Case 059,Plot04,1.99,1.4,1.0,59
Simulations/DHP - RND - 4000x4000/DHP - RND - 4000x4000/Case 059/Plot04/test47.png,test47.png,DHP - RND - 4000x4000,RND,Case 059,Plot04,1.99,1.4,1.0,59
Simulations/DHP - RND - 4000x4000/DHP - RND - 4000x4000/Case 059/Plot04/test48.png,test48.png,DHP - RND - 4000x4000,RND,Case 059,Plot04,1.99,1.4,1.0,59
Simulations/DHP - RND - 4000x4000/DHP - RND - 4000x4000/Case 059/Plot04/test49.png,test49.png,DHP - RND - 4000x4000,RND,Case 059,Plot04,1.99,1.4,1.0,59
Simulations/DHP - RND - 4000x4000/DHP - RND - 4000x4000/Case 060/Plot04/test40.png,test40.png,DHP - RND - 4000x4000,RND,Case 060,Plot04,3.91,3.2,1.0,60
Simulations/DHP - RND - 4000x4000/DHP - RND - 4000x4000/Case 060/Plot04/test41.png,test41.png,DHP - RND - 4000x4000,RND,Case 060,Plot04,3.91,3.2,1.0,60
Simulations/DHP - RND - 4000x4000/DHP - RND - 4000x4000/Case 060/Plot04/test42.png,test42.png,DHP - RND - 4000x4000,RND,Case 060,Plot04,3.91,3.2,1.0,60
Simulations/DHP - RND - 4000x4000/DHP - RND - 4000x4000/Case 060/Plot04/test43.png,test43.png,DHP - RND - 4000x4000,RND,Case 060,Plot04,3.91,3.2,1.0,60
Simulations/DHP - RND - 4000x4000/DHP - RND - 4000x4000/Case 060/Plot04/test44.png,test44.png,DHP - RND - 4000x4000,RND,Case 060,Plot04,3.91,3.2,1.0,60
Simulations/DHP - RND - 4000x4000/DHP - RND - 4000x4000/Case 060/Plot04/test45.png,test45.png,DHP - RND - 4000x4000,RND,Case 060,Plot04,3.91,3.2,1.0,60
Simulations/DHP - RND - 4000x4000/DHP - RND - 4000x4000/Case 060/Plot04/test46.png,test46.png,DHP - RND - 4000x4000,RND,Case 060,Plot04,3.91,3.2,1.0,60
Simulations/DHP - RND - 4000x4000/DHP - RND - 4000x4000/Case 060/Plot04/test47.png,test47.png,DHP - RND - 4000x4000,RND,Case 060,Plot04,3.91,3.2,1.0,60
Simulations/DHP - RND - 4000x4000/DHP - RND - 4000x4000/Case 060/Plot04/test48.png,test48.png,DHP - RND - 4000x4000,RND,Case 060,Plot04,3.91,3.2,1.0,60
Simulations/DHP - RND - 4000x4000/DHP - RND - 4000x4000/Case 060/Plot04/test49.png,test49.png,DHP - RND - 4000x4000,RND,Case 060,Plot04,3.91,3.2,1.0,60
Simulations/DHP - RND - 4000x4000/DHP - RND - 4000x4000/Case 061/Plot04/test40.png,test40.png,DHP - RND - 4000x4000,RND,Case 061,Plot04,3.87,3.3,1.0,61
Simulations/DHP - RND - 4000x4000/DHP - RND - 4000x4000/Case 061/Plot04/test41.png,test41.png,DHP - RND - 4000x4000,RND,Case 061,Plot04,3.87,3.3,1.0,61
Simulations/DHP - RND - 4000x4000/DHP - RND - 4000x4000/Case 061/Plot04/test42.png,test42.png,DHP - RND - 4000x4000,RND,Case 061,Plot04,3.87,3.3,1.0,61
Simulations/DHP - RND - 4000x4000/DHP - RND - 4000x4000/Case 061/Plot04/test43.png,test43.png,DHP - RND - 4000x4000,RND,Case 061,Plot04,3.87,3.3,1.0,61
Simulations/DHP - RND - 4000x4000/DHP - RND - 4000x4000/Case 061/Plot04/test44.png,test44.png,DHP - RND - 4000x4000,RND,Case 061,Plot04,3.87,3.3,1.0,61
Simulations/DHP - RND - 4000x4000/DHP - RND - 4000x4000/Case 061/Plot04/test45.png,test45.png,DHP - RND - 4000x4000,RND,Case 061,Plot04,3.87,3.3,1.0,61
Simulations/DHP - RND - 4000x4000/DHP - RND - 4000x4000/Case 061/Plot04/test46.png,test46.png,DHP - RND - 4000x4000,RND,Case 061,Plot04,3.87,3.3,1.0,61
Simulations/DHP - RND - 4000x4000/DHP - RND - 4000x4000/Case 061/Plot04/test47.png,test47.png,DHP - RND - 4000x4000,RND,Case 061,Plot04,3.87,3.3,1.0,61
Simulations/DHP - RND - 4000x4000/DHP - RND - 4000x4000/Case 061/Plot04/test48.png,test48.png,DHP - RND - 4000x4000,RND,Case 061,Plot04,3.87,3.3,1.0,61
Simulations/DHP - RND - 4000x4000/DHP - RND - 4000x4000/Case 061/Plot04/test49.png,test49.png,DHP - RND - 4000x4000,RND,Case 061,Plot04,3.87,3.3,1.0,61
Simulations/DHP - RND - 4000x4000/DHP - RND - 4000x4000/Case 062/Plot04/test40.png,test40.png,DHP - RND - 4000x4000,RND,Case 062,Plot04,5.78,5.1,1.0,62
Simulations/DHP - RND - 4000x4000/DHP - RND - 4000x4000/Case 062/Plot04/test41.png,test41.png,DHP - RND - 4000x4000,RND,Case 062,Plot04,5.78,5.1,1.0,62
Simulations/DHP - RND - 4000x4000/DHP - RND - 4000x4000/Case 062/Plot04/test42.png,test42.png,DHP - RND - 4000x4000,RND,Case 062,Plot04,5.78,5.1,1.0,62
Simulations/DHP - RND - 4000x4000/DHP - RND - 4000x4000/Case 062/Plot04/test43.png,test43.png,DHP - RND - 4000x4000,RND,Case 062,Plot04,5.78,5.1,1.0,62
Simulations/DHP - RND - 4000x4000/DHP - RND - 4000x4000/Case 062/Plot04/test44.png,test44.png,DHP - RND - 4000x4000,RND,Case 062,Plot04,5.78,5.1,1.0,62
Simulations/DHP - RND - 4000x4000/DHP - RND - 4000x4000/Case 062/Plot04/test45.png,test45.png,DHP - RND - 4000x4000,RND,Case 062,Plot04,5.78,5.1,1.0,62
Simulations/DHP - RND - 4000x4000/DHP - RND - 4000x4000/Case 062/Plot04/test46.png,test46.png,DHP - RND - 4000x4000,RND,Case 062,Plot04,5.78,5.1,1.0,62
Simulations/DHP - RND - 4000x4000/DHP - RND - 4000x4000/Case 062/Plot04/test47.png,test47.png,DHP - RND - 4000x4000,RND,Case 062,Plot04,5.78,5.1,1.0,62
Simulations/DHP - RND - 4000x4000/DHP - RND - 4000x4000/Case 062/Plot04/test48.png,test48.png,DHP - RND - 4000x4000,RND,Case 062,Plot04,5.78,5.1,1.0,62
Simulations/DHP - RND - 4000x4000/DHP - RND - 4000x4000/Case 062/Plot04/test49.png,test49.png,DHP - RND - 4000x4000,RND,Case 062,Plot04,5.78,5.1,1.0,62
Simulations/DHP - RND - 4000x4000/DHP - RND - 4000x4000/Case 063/Plot04/test40.png,test40.png,DHP - RND - 4000x4000,RND,Case 063,Plot04,0.94,0.9,1.0,63
Simulations/DHP - RND - 4000x4000/DHP - RND - 4000x4000/Case 063/Plot04/test41.png,test41.png,DHP - RND - 4000x4000,RND,Case 063,Plot04,0.94,0.9,1.0,63
Simulations/DHP - RND - 4000x4000/DHP - RND - 4000x4000/Case 063/Plot04/test42.png,test42.png,DHP - RND - 4000x4000,RND,Case 063,Plot04,0.94,0.9,1.0,63
Simulations/DHP - RND - 4000x4000/DHP - RND - 4000x4000/Case 063/Plot04/test43.png,test43.png,DHP - RND - 4000x4000,RND,Case 063,Plot04,0.94,0.9,1.0,63
Simulations/DHP - RND - 4000x4000/DHP - RND - 4000x4000/Case 063/Plot04/test44.png,test44.png,DHP - RND - 4000x4000,RND,Case 063,Plot04,0.94,0.9,1.0,63
Simulations/DHP - RND - 4000x4000/DHP - RND - 4000x4000/Case 063/Plot04/test45.png,test45.png,DHP - RND - 4000x4000,RND,Case 063,Plot04,0.94,0.9,1.0,63
Simulations/DHP - RND - 4000x4000/DHP - RND - 4000x4000/Case 063/Plot04/test46.png,test46.png,DHP - RND - 4000x4000,RND,Case 063,Plot04,0.94,0.9,1.0,63
Simulations/DHP - RND - 4000x4000/DHP - RND - 4000x4000/Case 063/Plot04/test47.png,test47.png,DHP - RND - 4000x4000,RND,Case 063,Plot04,0.94,0.9,1.0,63
Simulations/DHP - RND - 4000x4000/DHP - RND - 4000x4000/Case 063/Plot04/test48.png,test48.png,DHP - RND - 4000x4000,RND,Case 063,Plot04,0.94,0.9,1.0,63
Simulations/DHP - RND - 4000x4000/DHP - RND - 4000x4000/Case 063/Plot04/test49.png,test49.png,DHP - RND - 4000x4000,RND,Case 063,Plot04,0.94,0.9,1.0,63
Simulations/DHP - RND - 4000x4000/DHP - RND - 4000x4000/Case 064/Plot04/test40.png,test40.png,DHP - RND - 4000x4000,RND,Case 064,Plot04,0.92,0.9,1.0,64
Simulations/DHP - RND - 4000x4000/DHP - RND - 4000x4000/Case 064/Plot04/test41.png,test41.png,DHP - RND - 4000x4000,RND,Case 064,Plot04,0.92,0.9,1.0,64
Simulations/DHP - RND - 4000x4000/DHP - RND - 4000x4000/Case 064/Plot04/test42.png,test42.png,DHP - RND - 4000x4000,RND,Case 064,Plot04,0.92,0.9,1.0,64
Simulations/DHP - RND - 4000x4000/DHP - RND - 4000x4000/Case 064/Plot04/test43.png,test43.png,DHP - RND - 4000x4000,RND,Case 064,Plot04,0.92,0.9,1.0,64
Simulations/DHP - RND - 4000x4000/DHP - RND - 4000x4000/Case 064/Plot04/test44.png,test44.png,DHP - RND - 4000x4000,RND,Case 064,Plot04,0.92,0.9,1.0,64
Simulations/DHP - RND - 4000x4000/DHP - RND - 4000x4000/Case 064/Plot04/test45.png,test45.png,DHP - RND - 4000x4000,RND,Case 064,Plot04,0.92,0.9,1.0,64
Simulations/DHP - RND - 4000x4000/DHP - RND - 4000x4000/Case 064/Plot04/test46.png,test46.png,DHP - RND - 4000x4000,RND,Case 064,Plot04,0.92,0.9,1.0,64
Simulations/DHP - RND - 4000x4000/DHP - RND - 4000x4000/Case 064/Plot04/test47.png,test47.png,DHP - RND - 4000x4000,RND,Case 064,Plot04,0.92,0.9,1.0,64
Simulations/DHP - RND - 4000x4000/DHP - RND - 4000x4000/Case 064/Plot04/test48.png,test48.png,DHP - RND - 4000x4000,RND,Case 064,Plot04,0.92,0.9,1.0,64
Simulations/DHP - RND - 4000x4000/DHP - RND - 4000x4000/Case 064/Plot04/test49.png,test49.png,DHP - RND - 4000x4000,RND,Case 064,Plot04,0.92,0.9,1.0,64
Simulations/DHP - RND - 4000x4000/DHP - RND - 4000x4000/Case 065/Plot04/test40.png,test40.png,DHP - RND - 4000x4000,RND,Case 065,Plot04,6.78,6.7,1.0,65
Simulations/DHP - RND - 4000x4000/DHP - RND - 4000x4000/Case 065/Plot04/test41.png,test41.png,DHP - RND - 4000x4000,RND,Case 065,Plot04,6.78,6.7,1.0,65
Simulations/DHP - RND - 4000x4000/DHP - RND - 4000x4000/Case 065/Plot04/test42.png,test42.png,DHP - RND - 4000x4000,RND,Case 065,Plot04,6.78,6.7,1.0,65
Simulations/DHP - RND - 4000x4000/DHP - RND - 4000x4000/Case 065/Plot04/test43.png,test43.png,DHP - RND - 4000x4000,RND,Case 065,Plot04,6.78,6.7,1.0,65
Simulations/DHP - RND - 4000x4000/DHP - RND - 4000x4000/Case 065/Plot04/test44.png,test44.png,DHP - RND - 4000x4000,RND,Case 065,Plot04,6.78,6.7,1.0,65
Simulations/DHP - RND - 4000x4000/DHP - RND - 4000x4000/Case 065/Plot04/test45.png,test45.png,DHP - RND - 4000x4000,RND,Case 065,Plot04,6.78,6.7,1.0,65
Simulations/DHP - RND - 4000x4000/DHP - RND - 4000x4000/Case 065/Plot04/test46.png,test46.png,DHP - RND - 4000x4000,RND,Case 065,Plot04,6.78,6.7,1.0,65
Simulations/DHP - RND - 4000x4000/DHP - RND - 4000x4000/Case 065/Plot04/test47.png,test47.png,DHP - RND - 4000x4000,RND,Case 065,Plot04,6.78,6.7,1.0,65
Simulations/DHP - RND - 4000x4000/DHP - RND - 4000x4000/Case 065/Plot04/test48.png,test48.png,DHP - RND - 4000x4000,RND,Case 065,Plot04,6.78,6.7,1.0,65
Simulations/DHP - RND - 4000x4000/DHP - RND - 4000x4000/Case 065/Plot04/test49.png,test49.png,DHP - RND - 4000x4000,RND,Case 065,Plot04,6.78,6.7,1.0,65
Simulations/DHP - RND - 4000x4000/DHP - RND - 4000x4000/Case 066/Plot04/test40.png,test40.png,DHP - RND - 4000x4000,RND,Case 066,Plot04,3.88,3.8,1.0,66
Simulations/DHP - RND - 4000x4000/DHP - RND - 4000x4000/Case 066/Plot04/test41.png,test41.png,DHP - RND - 4000x4000,RND,Case 066,Plot04,3.88,3.8,1.0,66
Simulations/DHP - RND - 4000x4000/DHP - RND - 4000x4000/Case 066/Plot04/test42.png,test42.png,DHP - RND - 4000x4000,RND,Case 066,Plot04,3.88,3.8,1.0,66
Simulations/DHP - RND - 4000x4000/DHP - RND - 4000x4000/Case 066/Plot04/test43.png,test43.png,DHP - RND - 4000x4000,RND,Case 066,Plot04,3.88,3.8,1.0,66
Simulations/DHP - RND - 4000x4000/DHP - RND - 4000x4000/Case 066/Plot04/test44.png,test44.png,DHP - RND - 4000x4000,RND,Case 066,Plot04,3.88,3.8,1.0,66
Simulations/DHP - RND - 4000x4000/DHP - RND - 4000x4000/Case 066/Plot04/test45.png,test45.png,DHP - RND - 4000x4000,RND,Case 066,Plot04,3.88,3.8,1.0,66
Simulations/DHP - RND - 4000x4000/DHP - RND - 4000x4000/Case 066/Plot04/test46.png,test46.png,DHP - RND - 4000x4000,RND,Case 066,Plot04,3.88,3.8,1.0,66
Simulations/DHP - RND - 4000x4000/DHP - RND - 4000x4000/Case 066/Plot04/test47.png,test47.png,DHP - RND - 4000x4000,RND,Case 066,Plot04,3.88,3.8,1.0,66
Simulations/DHP - RND - 4000x4000/DHP - RND - 4000x4000/Case 066/Plot04/test48.png,test48.png,DHP - RND - 4000x4000,RND,Case 066,Plot04,3.88,3.8,1.0,66
Simulations/DHP - RND - 4000x4000/DHP - RND - 4000x4000/Case 066/Plot04/test49.png,test49.png,DHP - RND - 4000x4000,RND,Case 066,Plot04,3.88,3.8,1.0,66
Simulations/DHP - RND - 4000x4000/DHP - RND - 4000x4000/Case 067/Plot04/test40.png,test40.png,DHP - RND - 4000x4000,RND,Case 067,Plot04,4.38,4.3,1.0,67
Simulations/DHP - RND - 4000x4000/DHP - RND - 4000x4000/Case 067/Plot04/test41.png,test41.png,DHP - RND - 4000x4000,RND,Case 067,Plot04,4.38,4.3,1.0,67
Simulations/DHP - RND - 4000x4000/DHP - RND - 4000x4000/Case 067/Plot04/test42.png,test42.png,DHP - RND - 4000x4000,RND,Case 067,Plot04,4.38,4.3,1.0,67
Simulations/DHP - RND - 4000x4000/DHP - RND - 4000x4000/Case 067/Plot04/test43.png,test43.png,DHP - RND - 4000x4000,RND,Case 067,Plot04,4.38,4.3,1.0,67
Simulations/DHP - RND - 4000x4000/DHP - RND - 4000x4000/Case 067/Plot04/test44.png,test44.png,DHP - RND - 4000x4000,RND,Case 067,Plot04,4.38,4.3,1.0,67
Simulations/DHP - RND - 4000x4000/DHP - RND - 4000x4000/Case 067/Plot04/test45.png,test45.png,DHP - RND - 4000x4000,RND,Case 067,Plot04,4.38,4.3,1.0,67
Simulations/DHP - RND - 4000x4000/DHP - RND - 4000x4000/Case 067/Plot04/test46.png,test46.png,DHP - RND - 4000x4000,RND,Case 067,Plot04,4.38,4.3,1.0,67
Simulations/DHP - RND - 4000x4000/DHP - RND - 4000x4000/Case 067/Plot04/test47.png,test47.png,DHP - RND - 4000x4000,RND,Case 067,Plot04,4.38,4.3,1.0,67
Simulations/DHP - RND - 4000x4000/DHP - RND - 4000x4000/Case 067/Plot04/test48.png,test48.png,DHP - RND - 4000x4000,RND,Case 067,Plot04,4.38,4.3,1.0,67
Simulations/DHP - RND - 4000x4000/DHP - RND - 4000x4000/Case 067/Plot04/test49.png,test49.png,DHP - RND - 4000x4000,RND,Case 067,Plot04,4.38,4.3,1.0,67
Simulations/DHP - RND - 4000x4000/DHP - RND - 4000x4000/Case 068/Plot04/test40.png,test40.png,DHP - RND - 4000x4000,RND,Case 068,Plot04,4.99,4.9,1.0,68
Simulations/DHP - RND - 4000x4000/DHP - RND - 4000x4000/Case 068/Plot04/test41.png,test41.png,DHP - RND - 4000x4000,RND,Case 068,Plot04,4.99,4.9,1.0,68
Simulations/DHP - RND - 4000x4000/DHP - RND - 4000x4000/Case 068/Plot04/test42.png,test42.png,DHP - RND - 4000x4000,RND,Case 068,Plot04,4.99,4.9,1.0,68
Simulations/DHP - RND - 4000x4000/DHP - RND - 4000x4000/Case 068/Plot04/test43.png,test43.png,DHP - RND - 4000x4000,RND,Case 068,Plot04,4.99,4.9,1.0,68
Simulations/DHP - RND - 4000x4000/DHP - RND - 4000x4000/Case 068/Plot04/test44.png,test44.png,DHP - RND - 4000x4000,RND,Case 068,Plot04,4.99,4.9,1.0,68
Simulations/DHP - RND - 4000x4000/DHP - RND - 4000x4000/Case 068/Plot04/test45.png,test45.png,DHP - RND - 4000x4000,RND,Case 068,Plot04,4.99,4.9,1.0,68
Simulations/DHP - RND - 4000x4000/DHP - RND - 4000x4000/Case 068/Plot04/test46.png,test46.png,DHP - RND - 4000x4000,RND,Case 068,Plot04,4.99,4.9,1.0,68
Simulations/DHP - RND - 4000x4000/DHP - RND - 4000x4000/Case 068/Plot04/test47.png,test47.png,DHP - RND - 4000x4000,RND,Case 068,Plot04,4.99,4.9,1.0,68
Simulations/DHP - RND - 4000x4000/DHP - RND - 4000x4000/Case 068/Plot04/test48.png,test48.png,DHP - RND - 4000x4000,RND,Case 068,Plot04,4.99,4.9,1.0,68
Simulations/DHP - RND - 4000x4000/DHP - RND - 4000x4000/Case 068/Plot04/test49.png,test49.png,DHP - RND - 4000x4000,RND,Case 068,Plot04,4.99,4.9,1.0,68
Simulations/DHP - RND - 4000x4000/DHP - RND - 4000x4000/Case 069/Plot04/test40.png,test40.png,DHP - RND - 4000x4000,RND,Case 069,Plot04,4.33,4.2,1.0,69
Simulations/DHP - RND - 4000x4000/DHP - RND - 4000x4000/Case 069/Plot04/test41.png,test41.png,DHP - RND - 4000x4000,RND,Case 069,Plot04,4.33,4.2,1.0,69
Simulations/DHP - RND - 4000x4000/DHP - RND - 4000x4000/Case 069/Plot04/test42.png,test42.png,DHP - RND - 4000x4000,RND,Case 069,Plot04,4.33,4.2,1.0,69
Simulations/DHP - RND - 4000x4000/DHP - RND - 4000x4000/Case 069/Plot04/test43.png,test43.png,DHP - RND - 4000x4000,RND,Case 069,Plot04,4.33,4.2,1.0,69
Simulations/DHP - RND - 4000x4000/DHP - RND - 4000x4000/Case 069/Plot04/test44.png,test44.png,DHP - RND - 4000x4000,RND,Case 069,Plot04,4.33,4.2,1.0,69
Simulations/DHP - RND - 4000x4000/DHP - RND - 4000x4000/Case 069/Plot04/test45.png,test45.png,DHP - RND - 4000x4000,RND,Case 069,Plot04,4.33,4.2,1.0,69
Simulations/DHP - RND - 4000x4000/DHP - RND - 4000x4000/Case 069/Plot04/test46.png,test46.png,DHP - RND - 4000x4000,RND,Case 069,Plot04,4.33,4.2,1.0,69
Simulations/DHP - RND - 4000x4000/DHP - RND - 4000x4000/Case 069/Plot04/test47.png,test47.png,DHP - RND - 4000x4000,RND,Case 069,Plot04,4.33,4.2,1.0,69
Simulations/DHP - RND - 4000x4000/DHP - RND - 4000x4000/Case 069/Plot04/test48.png,test48.png,DHP - RND - 4000x4000,RND,Case 069,Plot04,4.33,4.2,1.0,69
Simulations/DHP - RND - 4000x4000/DHP - RND - 4000x4000/Case 069/Plot04/test49.png,test49.png,DHP - RND - 4000x4000,RND,Case 069,Plot04,4.33,4.2,1.0,69
Simulations/DHP - RND - 4000x4000/DHP - RND - 4000x4000/Case 070/Plot04/test40.png,test40.png,DHP - RND - 4000x4000,RND,Case 070,Plot04,3.61,3.5,1.0,70
Simulations/DHP - RND - 4000x4000/DHP - RND - 4000x4000/Case 070/Plot04/test41.png,test41.png,DHP - RND - 4000x4000,RND,Case 070,Plot04,3.61,3.5,1.0,70
Simulations/DHP - RND - 4000x4000/DHP - RND - 4000x4000/Case 070/Plot04/test42.png,test42.png,DHP - RND - 4000x4000,RND,Case 070,Plot04,3.61,3.5,1.0,70
Simulations/DHP - RND - 4000x4000/DHP - RND - 4000x4000/Case 070/Plot04/test43.png,test43.png,DHP - RND - 4000x4000,RND,Case 070,Plot04,3.61,3.5,1.0,70
Simulations/DHP - RND - 4000x4000/DHP - RND - 4000x4000/Case 070/Plot04/test44.png,test44.png,DHP - RND - 4000x4000,RND,Case 070,Plot04,3.61,3.5,1.0,70
Simulations/DHP - RND - 4000x4000/DHP - RND - 4000x4000/Case 070/Plot04/test45.png,test45.png,DHP - RND - 4000x4000,RND,Case 070,Plot04,3.61,3.5,1.0,70
Simulations/DHP - RND - 4000x4000/DHP - RND - 4000x4000/Case 070/Plot04/test46.png,test46.png,DHP - RND - 4000x4000,RND,Case 070,Plot04,3.61,3.5,1.0,70
Simulations/DHP - RND - 4000x4000/DHP - RND - 4000x4000/Case 070/Plot04/test47.png,test47.png,DHP - RND - 4000x4000,RND,Case 070,Plot04,3.61,3.5,1.0,70
Simulations/DHP - RND - 4000x4000/DHP - RND - 4000x4000/Case 070/Plot04/test48.png,test48.png,DHP - RND - 4000x4000,RND,Case 070,Plot04,3.61,3.5,1.0,70
Simulations/DHP - RND - 4000x4000/DHP - RND - 4000x4000/Case 070/Plot04/test49.png,test49.png,DHP - RND - 4000x4000,RND,Case 070,Plot04,3.61,3.5,1.0,70
Simulations/DHP - RND - 4000x4000/DHP - RND - 4000x4000/Case 071/Plot04/test40.png,test40.png,DHP - RND - 4000x4000,RND,Case 071,Plot04,2.38,2.25,1.0,71
Simulations/DHP - RND - 4000x4000/DHP - RND - 4000x4000/Case 071/Plot04/test41.png,test41.png,DHP - RND - 4000x4000,RND,Case 071,Plot04,2.38,2.25,1.0,71
Simulations/DHP - RND - 4000x4000/DHP - RND - 4000x4000/Case 071/Plot04/test42.png,test42.png,DHP - RND - 4000x4000,RND,Case 071,Plot04,2.38,2.25,1.0,71
Simulations/DHP - RND - 4000x4000/DHP - RND - 4000x4000/Case 071/Plot04/test43.png,test43.png,DHP - RND - 4000x4000,RND,Case 071,Plot04,2.38,2.25,1.0,71
Simulations/DHP - RND - 4000x4000/DHP - RND - 4000x4000/Case 071/Plot04/test44.png,test44.png,DHP - RND - 4000x4000,RND,Case 071,Plot04,2.38,2.25,1.0,71
Simulations/DHP - RND - 4000x4000/DHP - RND - 4000x4000/Case 071/Plot04/test45.png,test45.png,DHP - RND - 4000x4000,RND,Case 071,Plot04,2.38,2.25,1.0,71
Simulations/DHP - RND - 4000x4000/DHP - RND - 4000x4000/Case 071/Plot04/test46.png,test46.png,DHP - RND - 4000x4000,RND,Case 071,Plot04,2.38,2.25,1.0,71
Simulations/DHP - RND - 4000x4000/DHP - RND - 4000x4000/Case 071/Plot04/test47.png,test47.png,DHP - RND - 4000x4000,RND,Case 071,Plot04,2.38,2.25,1.0,71
Simulations/DHP - RND - 4000x4000/DHP - RND - 4000x4000/Case 071/Plot04/test48.png,test48.png,DHP - RND - 4000x4000,RND,Case 071,Plot04,2.38,2.25,1.0,71
Simulations/DHP - RND - 4000x4000/DHP - RND - 4000x4000/Case 071/Plot04/test49.png,test49.png,DHP - RND - 4000x4000,RND,Case 071,Plot04,2.38,2.25,1.0,71
Simulations/DHP - RND - 4000x4000/DHP - RND - 4000x4000/Case 072/Plot04/test40.png,test40.png,DHP - RND - 4000x4000,RND,Case 072,Plot04,2.03,2.0,1.0,72
Simulations/DHP - RND - 4000x4000/DHP - RND - 4000x4000/Case 072/Plot04/test41.png,test41.png,DHP - RND - 4000x4000,RND,Case 072,Plot04,2.03,2.0,1.0,72
Simulations/DHP - RND - 4000x4000/DHP - RND - 4000x4000/Case 072/Plot04/test42.png,test42.png,DHP - RND - 4000x4000,RND,Case 072,Plot04,2.03,2.0,1.0,72
Simulations/DHP - RND - 4000x4000/DHP - RND - 4000x4000/Case 072/Plot04/test43.png,test43.png,DHP - RND - 4000x4000,RND,Case 072,Plot04,2.03,2.0,1.0,72
Simulations/DHP - RND - 4000x4000/DHP - RND - 4000x4000/Case 072/Plot04/test44.png,test44.png,DHP - RND - 4000x4000,RND,Case 072,Plot04,2.03,2.0,1.0,72
Simulations/DHP - RND - 4000x4000/DHP - RND - 4000x4000/Case 072/Plot04/test45.png,test45.png,DHP - RND - 4000x4000,RND,Case 072,Plot04,2.03,2.0,1.0,72
Simulations/DHP - RND - 4000x4000/DHP - RND - 4000x4000/Case 072/Plot04/test46.png,test46.png,DHP - RND - 4000x4000,RND,Case 072,Plot04,2.03,2.0,1.0,72
Simulations/DHP - RND - 4000x4000/DHP - RND - 4000x4000/Case 072/Plot04/test47.png,test47.png,DHP - RND - 4000x4000,RND,Case 072,Plot04,2.03,2.0,1.0,72
Simulations/DHP - RND - 4000x4000/DHP - RND - 4000x4000/Case 072/Plot04/test48.png,test48.png,DHP - RND - 4000x4000,RND,Case 072,Plot04,2.03,2.0,1.0,72
Simulations/DHP - RND - 4000x4000/DHP - RND - 4000x4000/Case 072/Plot04/test49.png,test49.png,DHP - RND - 4000x4000,RND,Case 072,Plot04,2.03,2.0,1.0,72
Simulations/DHP - RND - 4000x4000/DHP - RND - 4000x4000/Case 073/Plot04/test40.png,test40.png,DHP - RND - 4000x4000,RND,Case 073,Plot04,1.3,1.25,1.0,73
Simulations/DHP - RND - 4000x4000/DHP - RND - 4000x4000/Case 073/Plot04/test41.png,test41.png,DHP - RND - 4000x4000,RND,Case 073,Plot04,1.3,1.25,1.0,73
Simulations/DHP - RND - 4000x4000/DHP - RND - 4000x4000/Case 073/Plot04/test42.png,test42.png,DHP - RND - 4000x4000,RND,Case 073,Plot04,1.3,1.25,1.0,73
Simulations/DHP - RND - 4000x4000/DHP - RND - 4000x4000/Case 073/Plot04/test43.png,test43.png,DHP - RND - 4000x4000,RND,Case 073,Plot04,1.3,1.25,1.0,73
Simulations/DHP - RND - 4000x4000/DHP - RND - 4000x4000/Case 073/Plot04/test44.png,test44.png,DHP - RND - 4000x4000,RND,Case 073,Plot04,1.3,1.25,1.0,73
Simulations/DHP - RND - 4000x4000/DHP - RND - 4000x4000/Case 073/Plot04/test45.png,test45.png,DHP - RND - 4000x4000,RND,Case 073,Plot04,1.3,1.25,1.0,73
Simulations/DHP - RND - 4000x4000/DHP - RND - 4000x4000/Case 073/Plot04/test46.png,test46.png,DHP - RND - 4000x4000,RND,Case 073,Plot04,1.3,1.25,1.0,73
Simulations/DHP - RND - 4000x4000/DHP - RND - 4000x4000/Case 073/Plot04/test47.png,test47.png,DHP - RND - 4000x4000,RND,Case 073,Plot04,1.3,1.25,1.0,73
Simulations/DHP - RND - 4000x4000/DHP - RND - 4000x4000/Case 073/Plot04/test48.png,test48.png,DHP - RND - 4000x4000,RND,Case 073,Plot04,1.3,1.25,1.0,73
Simulations/DHP - RND - 4000x4000/DHP - RND - 4000x4000/Case 073/Plot04/test49.png,test49.png,DHP - RND - 4000x4000,RND,Case 073,Plot04,1.3,1.25,1.0,73
Simulations/DHP - RND - 4000x4000/DHP - RND - 4000x4000/Case 074/Plot04/test40.png,test40.png,DHP - RND - 4000x4000,RND,Case 074,Plot04,4.03,4.0,1.0,74
Simulations/DHP - RND - 4000x4000/DHP - RND - 4000x4000/Case 074/Plot04/test41.png,test41.png,DHP - RND - 4000x4000,RND,Case 074,Plot04,4.03,4.0,1.0,74
Simulations/DHP - RND - 4000x4000/DHP - RND - 4000x4000/Case 074/Plot04/test42.png,test42.png,DHP - RND - 4000x4000,RND,Case 074,Plot04,4.03,4.0,1.0,74
Simulations/DHP - RND - 4000x4000/DHP - RND - 4000x4000/Case 074/Plot04/test43.png,test43.png,DHP - RND - 4000x4000,RND,Case 074,Plot04,4.03,4.0,1.0,74
Simulations/DHP - RND - 4000x4000/DHP - RND - 4000x4000/Case 074/Plot04/test44.png,test44.png,DHP - RND - 4000x4000,RND,Case 074,Plot04,4.03,4.0,1.0,74
Simulations/DHP - RND - 4000x4000/DHP - RND - 4000x4000/Case 074/Plot04/test45.png,test45.png,DHP - RND - 4000x4000,RND,Case 074,Plot04,4.03,4.0,1.0,74
Simulations/DHP - RND - 4000x4000/DHP - RND - 4000x4000/Case 074/Plot04/test46.png,test46.png,DHP - RND - 4000x4000,RND,Case 074,Plot04,4.03,4.0,1.0,74
Simulations/DHP - RND - 4000x4000/DHP - RND - 4000x4000/Case 074/Plot04/test47.png,test47.png,DHP - RND - 4000x4000,RND,Case 074,Plot04,4.03,4.0,1.0,74
Simulations/DHP - RND - 4000x4000/DHP - RND - 4000x4000/Case 074/Plot04/test48.png,test48.png,DHP - RND - 4000x4000,RND,Case 074,Plot04,4.03,4.0,1.0,74
Simulations/DHP - RND - 4000x4000/DHP - RND - 4000x4000/Case 074/Plot04/test49.png,test49.png,DHP - RND - 4000x4000,RND,Case 074,Plot04,4.03,4.0,1.0,74
Simulations/DHP - RND - 4000x4000/DHP - RND - 4000x4000/Case 075/Plot04/test40.png,test40.png,DHP - RND - 4000x4000,RND,Case 075,Plot04,2.6,2.6,1.0,75
Simulations/DHP - RND - 4000x4000/DHP - RND - 4000x4000/Case 075/Plot04/test41.png,test41.png,DHP - RND - 4000x4000,RND,Case 075,Plot04,2.6,2.6,1.0,75
Simulations/DHP - RND - 4000x4000/DHP - RND - 4000x4000/Case 075/Plot04/test42.png,test42.png,DHP - RND - 4000x4000,RND,Case 075,Plot04,2.6,2.6,1.0,75
Simulations/DHP - RND - 4000x4000/DHP - RND - 4000x4000/Case 075/Plot04/test43.png,test43.png,DHP - RND - 4000x4000,RND,Case 075,Plot04,2.6,2.6,1.0,75
Simulations/DHP - RND - 4000x4000/DHP - RND - 4000x4000/Case 075/Plot04/test44.png,test44.png,DHP - RND - 4000x4000,RND,Case 075,Plot04,2.6,2.6,1.0,75
Simulations/DHP - RND - 4000x4000/DHP - RND - 4000x4000/Case 075/Plot04/test45.png,test45.png,DHP - RND - 4000x4000,RND,Case 075,Plot04,2.6,2.6,1.0,75
Simulations/DHP - RND - 4000x4000/DHP - RND - 4000x4000/Case 075/Plot04/test46.png,test46.png,DHP - RND - 4000x4000,RND,Case 075,Plot04,2.6,2.6,1.0,75
Simulations/DHP - RND - 4000x4000/DHP - RND - 4000x4000/Case 075/Plot04/test47.png,test47.png,DHP - RND - 4000x4000,RND,Case 075,Plot04,2.6,2.6,1.0,75
Simulations/DHP - RND - 4000x4000/DHP - RND - 4000x4000/Case 075/Plot04/test48.png,test48.png,DHP - RND - 4000x4000,RND,Case 075,Plot04,2.6,2.6,1.0,75
Simulations/DHP - RND - 4000x4000/DHP - RND - 4000x4000/Case 075/Plot04/test49.png,test49.png,DHP - RND - 4000x4000,RND,Case 075,Plot04,2.6,2.6,1.0,75
